drug_a_id,drug_b_id,ddi_type,pk_pd_label,key_entity_id,key_entity_name,key_entity_type,action_drug_a,action_drug_b,match_pattern,mechanism_chain,chain_type,confidence,has_key_entity,key_entity_candidates
DB00231,DB01198,The risk or severity of adverse effects can be increased when is combined with,PD,BE0000736,Translocator protein,target,modulator,agonist,modulator-agonist,Temazepam --[modulator]--> Translocator protein <--[agonist]-- Zopiclone,PD_opposing_target,low,True,[]
DB00231,DB00423,The risk or severity of CNS depression can be increased when is combined with,PD,,,,,,,,,,False,[]
DB00231,DB01168,The risk or severity of CNS depression can be increased when is combined with,PD,,,,,,,,,,False,[]
DB00231,DB01616,The risk or severity of CNS depression can be increased when is combined with,PD,,,,,,,,,,False,[]
DB00231,DB06701,The risk or severity of CNS depression can be increased when is combined with,PD,,,,,,,,,,False,[]
DB00231,DB06797,The risk or severity of CNS depression can be increased when is combined with,PD,,,,,,,,,,False,[]
DB00231,DB13213,The risk or severity of CNS depression can be increased when is combined with,PD,,,,,,,,,,False,[]
DB00231,DB09009,The risk or severity of CNS depression can be increased when is combined with,PD,,,,,,,,,,False,[]
DB00231,DB00679,The risk or severity of CNS depression can be increased when is combined with,PD,,,,,,,,,,False,[]
DB00231,DB06016,The risk or severity of CNS depression can be increased when is combined with,PD,,,,,,,,,,False,[]
DB00231,DB06144,The risk or severity of CNS depression can be increased when is combined with,PD,,,,,,,,,,False,[]
DB00231,DB00787,may decrease the excretion rate of which could result in a higher serum level,PK,,,,,,,,,,False,[]
DB00231,DB01009,may decrease the excretion rate of which could result in a higher serum level,PK,,,,,,,,,,False,[]
DB00231,DB01112,may decrease the excretion rate of which could result in a higher serum level,PK,,,,,,,,,,False,[]
DB00231,DB01424,may decrease the excretion rate of which could result in a higher serum level,PK,,,,,,,,,,False,[]
DB00231,DB06736,may decrease the excretion rate of which could result in a higher serum level,PK,,,,,,,,,,False,[]
DB00231,DB08976,may decrease the excretion rate of which could result in a higher serum level,PK,,,,,,,,,,False,[]
DB00231,DB08981,may decrease the excretion rate of which could result in a higher serum level,PK,,,,,,,,,,False,[]
DB00231,DB00303,may decrease the excretion rate of which could result in a higher serum level,PK,,,,,,,,,,False,[]
DB00231,DB00871,may decrease the excretion rate of which could result in a higher serum level,PK,,,,,,,,,,False,[]
DB00231,DB00915,may decrease the excretion rate of which could result in a higher serum level,PK,,,,,,,,,,False,[]
DB00231,DB01046,may decrease the excretion rate of which could result in a higher serum level,PK,,,,,,,,,,False,[]
DB00231,DB01067,may decrease the excretion rate of which could result in a higher serum level,PK,,,,,,,,,,False,[]
DB00231,DB01274,may decrease the excretion rate of which could result in a higher serum level,PK,,,,,,,,,,False,[]
DB00231,DB01428,may decrease the excretion rate of which could result in a higher serum level,PK,,,,,,,,,,False,[]
DB00231,DB06782,may decrease the excretion rate of which could result in a higher serum level,PK,,,,,,,,,,False,[]
DB00231,DB06813,may decrease the excretion rate of which could result in a higher serum level,PK,,,,,,,,,,False,[]
DB00231,DB09091,may decrease the excretion rate of which could result in a higher serum level,PK,,,,,,,,,,False,[]
DB00231,DB11102,may decrease the excretion rate of which could result in a higher serum level,PK,,,,,,,,,,False,[]
DB00231,DB13946,may decrease the excretion rate of which could result in a higher serum level,PK,,,,,,,,,,False,[]
DB00231,DB13952,may decrease the excretion rate of which could result in a higher serum level,PK,,,,,,,,,,False,[]
DB00231,DB01101,may decrease the excretion rate of which could result in a higher serum level,PK,,,,,,,,,,False,[]
DB00231,DB01115,may decrease the excretion rate of which could result in a higher serum level,PK,,,,,,,,,,False,[]
DB00231,DB06228,may decrease the excretion rate of which could result in a higher serum level,PK,,,,,,,,,,False,[]
DB00231,DB00564,may decrease the excretion rate of which could result in a higher serum level,PK,,,,,,,,,,False,[]
DB00231,DB00479,may decrease the excretion rate of which could result in a higher serum level,PK,,,,,,,,,,False,[]
DB00231,DB09401,may increase the excretion rate of which could result in a lower serum level and potentially a reduction in efficacy,PK,,,,,,,,,,False,[]
DB00231,DB00318,The risk or severity of adverse effects can be increased when is combined with,PD,,,,,,,,,,False,[]
DB00231,DB00497,The risk or severity of adverse effects can be increased when is combined with,PD,,,,,,,,,,False,[]
DB00231,DB00647,The risk or severity of adverse effects can be increased when is combined with,PD,,,,,,,,,,False,[]
DB00231,DB11609,The risk or severity of adverse effects can be increased when is combined with,PD,,,,,,,,,,False,[]
DB00231,DB00575,The risk or severity of sedation can be increased when is combined with,PD,,,,,,,,,,False,[]
DB00276,DB00352,The risk or severity of adverse effects can be increased when is combined with,PD,,,,,,,,,,False,[]
DB00276,DB00495,The risk or severity of adverse effects can be increased when is combined with,PD,,,,,,,,,,False,[]
DB00276,DB00570,The risk or severity of adverse effects can be increased when is combined with,PD,,,,,,,,,,False,[]
DB00276,DB01101,The risk or severity of adverse effects can be increased when is combined with,PD,,,,,,,,,,False,[]
DB00276,DB01168,The risk or severity of adverse effects can be increased when is combined with,PD,,,,,,,,,,False,[]
DB00276,DB01234,The risk or severity of adverse effects can be increased when is combined with,PD,,,,,,,,,,False,[]
DB00276,DB06813,The risk or severity of adverse effects can be increased when is combined with,PD,,,,,,,,,,False,[]
DB00276,DB09091,The risk or severity of adverse effects can be increased when is combined with,PD,,,,,,,,,,False,[]
DB00276,DB14539,The risk or severity of adverse effects can be increased when is combined with,PD,,,,,,,,,,False,[]
DB00276,DB00564,The risk or severity of adverse effects can be increased when is combined with,PD,,,,,,,,,,False,[]
DB00276,DB00324,The risk or severity of adverse effects can be increased when is combined with,PD,,,,,,,,,,False,[]
DB00276,DB08868,may increase the immunosuppressive activities of,PD,,,,,,,,,,False,[]
DB00276,DB09009,The risk or severity of methemoglobinemia can be increased when is combined with,PD,,,,,,,,,,False,[]
DB00303,DB00787,may decrease the excretion rate of which could result in a higher serum level,PK,,,,,,,,,,False,[]
DB00303,DB01009,may decrease the excretion rate of which could result in a higher serum level,PK,,,,,,,,,,False,[]
DB00303,DB01112,may decrease the excretion rate of which could result in a higher serum level,PK,,,,,,,,,,False,[]
DB00303,DB01424,may decrease the excretion rate of which could result in a higher serum level,PK,,,,,,,,,,False,[]
DB00303,DB06736,may decrease the excretion rate of which could result in a higher serum level,PK,,,,,,,,,,False,[]
DB00303,DB08976,may decrease the excretion rate of which could result in a higher serum level,PK,,,,,,,,,,False,[]
DB00303,DB08981,may decrease the excretion rate of which could result in a higher serum level,PK,,,,,,,,,,False,[]
DB00303,DB00871,may decrease the excretion rate of which could result in a higher serum level,PK,,,,,,,,,,False,[]
DB00303,DB00915,may decrease the excretion rate of which could result in a higher serum level,PK,,,,,,,,,,False,[]
DB00303,DB01046,may decrease the excretion rate of which could result in a higher serum level,PK,,,,,,,,,,False,[]
DB00303,DB01067,may decrease the excretion rate of which could result in a higher serum level,PK,,,,,,,,,,False,[]
DB00303,DB01101,may decrease the excretion rate of which could result in a higher serum level,PK,,,,,,,,,,False,[]
DB00303,DB01115,may decrease the excretion rate of which could result in a higher serum level,PK,,,,,,,,,,False,[]
DB00303,DB01274,may decrease the excretion rate of which could result in a higher serum level,PK,,,,,,,,,,False,[]
DB00303,DB01428,may decrease the excretion rate of which could result in a higher serum level,PK,,,,,,,,,,False,[]
DB00303,DB06228,may decrease the excretion rate of which could result in a higher serum level,PK,,,,,,,,,,False,[]
DB00303,DB06782,may decrease the excretion rate of which could result in a higher serum level,PK,,,,,,,,,,False,[]
DB00303,DB06813,may decrease the excretion rate of which could result in a higher serum level,PK,,,,,,,,,,False,[]
DB00303,DB09091,may decrease the excretion rate of which could result in a higher serum level,PK,,,,,,,,,,False,[]
DB00303,DB11102,may decrease the excretion rate of which could result in a higher serum level,PK,,,,,,,,,,False,[]
DB00303,DB13946,may decrease the excretion rate of which could result in a higher serum level,PK,,,,,,,,,,False,[]
DB00303,DB13952,may decrease the excretion rate of which could result in a higher serum level,PK,,,,,,,,,,False,[]
DB00303,DB00479,may decrease the excretion rate of which could result in a higher serum level,PK,,,,,,,,,,False,[]
DB00303,DB00564,may decrease the excretion rate of which could result in a higher serum level,PK,,,,,,,,,,False,[]
DB00303,DB09401,may increase the excretion rate of which could result in a lower serum level and potentially a reduction in efficacy,PK,,,,,,,,,,False,[]
DB00303,DB09009,The risk or severity of methemoglobinemia can be increased when is combined with,PD,,,,,,,,,,False,[]
DB00318,DB00497,The risk or severity of adverse effects can be increased when is combined with,PD,BE0000632,Kappa-type opioid receptor,target,agonist,agonist,agonist-agonist,Codeine --[agonist]--> Kappa-type opioid receptor <--[agonist]-- Oxycodone,PD_convergent_target,high,True,"[{""key_entity_id"": ""BE0000420"", ""key_entity_name"": ""Delta-type opioid receptor"", ""key_entity_type"": ""target"", ""action_drug_a"": ""agonist"", ""action_drug_b"": ""agonist"", ""match_pattern"": ""agonist-agonist"", ""mechanism_chain"": ""Codeine --[agonist]--> Delta-type opioid receptor <--[agonist]-- Oxycodone"", ""chain_type"": ""PD_convergent_target"", ""confidence"": ""high""}, {""key_entity_id"": ""BE0000770"", ""key_entity_name"": ""Mu-type opioid receptor"", ""key_entity_type"": ""target"", ""action_drug_a"": ""agonist"", ""action_drug_b"": ""agonist"", ""match_pattern"": ""agonist-agonist"", ""mechanism_chain"": ""Codeine --[agonist]--> Mu-type opioid receptor <--[agonist]-- Oxycodone"", ""chain_type"": ""PD_convergent_target"", ""confidence"": ""high""}]"
DB00318,DB00647,The risk or severity of adverse effects can be increased when is combined with,PD,BE0000420,Delta-type opioid receptor,target,agonist,agonist,agonist-agonist,Codeine --[agonist]--> Delta-type opioid receptor <--[agonist]-- Dextropropoxyphene,PD_convergent_target,high,True,"[{""key_entity_id"": ""BE0000770"", ""key_entity_name"": ""Mu-type opioid receptor"", ""key_entity_type"": ""target"", ""action_drug_a"": ""agonist"", ""action_drug_b"": ""agonist"", ""match_pattern"": ""agonist-agonist"", ""mechanism_chain"": ""Codeine --[agonist]--> Mu-type opioid receptor <--[agonist]-- Dextropropoxyphene"", ""chain_type"": ""PD_convergent_target"", ""confidence"": ""high""}, {""key_entity_id"": ""BE0000632"", ""key_entity_name"": ""Kappa-type opioid receptor"", ""key_entity_type"": ""target"", ""action_drug_a"": ""agonist"", ""action_drug_b"": ""antagonist"", ""match_pattern"": ""agonist-antagonist"", ""mechanism_chain"": ""Codeine --[agonist]--> Kappa-type opioid receptor <--[antagonist]-- Dextropropoxyphene"", ""chain_type"": ""PD_opposing_target"", ""confidence"": ""low""}]"
DB00318,DB11609,The risk or severity of adverse effects can be increased when is combined with,PD,,,,,,,,,,False,[]
DB00318,DB00940,The risk or severity of adverse effects can be increased when is combined with,PD,,,,,,,,,,False,[]
DB00318,DB08801,The risk or severity of adverse effects can be increased when is combined with,PD,,,,,,,,,,False,[]
DB00318,DB00915,The risk or severity of adverse effects can be increased when is combined with,PD,,,,,,,,,,False,[]
DB00318,DB01198,The risk or severity of adverse effects can be increased when is combined with,PD,,,,,,,,,,False,[]
DB00318,DB00857,The metabolism of can be decreased when combined with,PK,BE0002638,Cytochrome P450 3A4,enzyme,substrate,inducer,inducer-substrate,Terbinafine --[inducer]--> Cytochrome P450 3A4 --[substrate: metabolizes]--> Codeine,PK_through_enzyme,high,True,"[{""key_entity_id"": ""BE0002363"", ""key_entity_name"": ""Cytochrome P450 2D6"", ""key_entity_type"": ""enzyme"", ""action_drug_a"": ""substrate"", ""action_drug_b"": ""inhibitor"", ""match_pattern"": ""inhibitor-substrate"", ""mechanism_chain"": ""Terbinafine --[inhibitor]--> Cytochrome P450 2D6 --[substrate: metabolizes]--> Codeine"", ""chain_type"": ""PK_through_enzyme"", ""confidence"": ""high""}]"
DB00318,DB06708,The metabolism of can be decreased when combined with,PK,BE0002363,Cytochrome P450 2D6,enzyme,substrate,inhibitor,inhibitor-substrate,Lumefantrine --[inhibitor]--> Cytochrome P450 2D6 --[substrate: metabolizes]--> Codeine,PK_through_enzyme,high,True,[]
DB00318,DB00679,The metabolism of can be decreased when combined with,PK,BE0002363,Cytochrome P450 2D6,enzyme,substrate,inhibitor,inhibitor-substrate,Thioridazine --[inhibitor]--> Cytochrome P450 2D6 --[substrate: metabolizes]--> Codeine,PK_through_enzyme,high,True,[]
DB00318,DB01182,The metabolism of can be decreased when combined with,PK,BE0002363,Cytochrome P450 2D6,enzyme,substrate,inhibitor,inhibitor-substrate,Propafenone --[inhibitor]--> Cytochrome P450 2D6 --[substrate: metabolizes]--> Codeine,PK_through_enzyme,high,True,[]
DB00318,DB01616,The risk or severity of CNS depression can be increased when is combined with,PD,,,,,,,,,,False,[]
DB00318,DB06016,The risk or severity of CNS depression can be increased when is combined with,PD,,,,,,,,,,False,[]
DB00318,DB06144,The risk or severity of CNS depression can be increased when is combined with,PD,,,,,,,,,,False,[]
DB00318,DB06701,The risk or severity of CNS depression can be increased when is combined with,PD,,,,,,,,,,False,[]
DB00318,DB06797,The risk or severity of CNS depression can be increased when is combined with,PD,,,,,,,,,,False,[]
DB00318,DB09009,The risk or severity of CNS depression can be increased when is combined with,PD,,,,,,,,,,False,[]
DB00318,DB01168,The risk or severity of adverse effects can be increased when is combined with,PD,,,,,,,,,,False,[]
DB00318,DB14627,The therapeutic efficacy of can be decreased when used in combination with,PD,,,,,,,,,,False,[]
DB00318,DB01046,The therapeutic efficacy of can be decreased when used in combination with,PD,,,,,,,,,,False,[]
DB00318,DB00495,The excretion of can be decreased when combined with,PK,,,,,,,,,,False,[]
DB00318,DB01244,The metabolism of can be decreased when combined with,PK,BE0002363,Cytochrome P450 2D6,enzyme,substrate,inhibitor,inhibitor-substrate,Bepridil --[inhibitor]--> Cytochrome P450 2D6 --[substrate: metabolizes]--> Codeine,PK_through_enzyme,high,True,[]
DB00318,DB01115,The metabolism of can be decreased when combined with,PK,BE0002638,Cytochrome P450 3A4,enzyme,substrate,inhibitor,inhibitor-substrate,Nifedipine --[inhibitor]--> Cytochrome P450 3A4 --[substrate: metabolizes]--> Codeine,PK_through_enzyme,high,True,"[{""key_entity_id"": ""BE0002638"", ""key_entity_name"": ""Cytochrome P450 3A4"", ""key_entity_type"": ""enzyme"", ""action_drug_a"": ""substrate"", ""action_drug_b"": ""inducer"", ""match_pattern"": ""inducer-substrate"", ""mechanism_chain"": ""Nifedipine --[inducer]--> Cytochrome P450 3A4 --[substrate: metabolizes]--> Codeine"", ""chain_type"": ""PK_through_enzyme"", ""confidence"": ""high""}, {""key_entity_id"": ""BE0002363"", ""key_entity_name"": ""Cytochrome P450 2D6"", ""key_entity_type"": ""enzyme"", ""action_drug_a"": ""substrate"", ""action_drug_b"": ""inhibitor"", ""match_pattern"": ""inhibitor-substrate"", ""mechanism_chain"": ""Nifedipine --[inhibitor]--> Cytochrome P450 2D6 --[substrate: metabolizes]--> Codeine"", ""chain_type"": ""PK_through_enzyme"", ""confidence"": ""high""}]"
DB00318,DB00570,The metabolism of can be decreased when combined with,PK,BE0002638,Cytochrome P450 3A4,enzyme,substrate,inhibitor,inhibitor-substrate,Vinblastine --[inhibitor]--> Cytochrome P450 3A4 --[substrate: metabolizes]--> Codeine,PK_through_enzyme,high,True,"[{""key_entity_id"": ""BE0002638"", ""key_entity_name"": ""Cytochrome P450 3A4"", ""key_entity_type"": ""enzyme"", ""action_drug_a"": ""substrate"", ""action_drug_b"": ""inducer"", ""match_pattern"": ""inducer-substrate"", ""mechanism_chain"": ""Vinblastine --[inducer]--> Cytochrome P450 3A4 --[substrate: metabolizes]--> Codeine"", ""chain_type"": ""PK_through_enzyme"", ""confidence"": ""high""}, {""key_entity_id"": ""BE0002363"", ""key_entity_name"": ""Cytochrome P450 2D6"", ""key_entity_type"": ""enzyme"", ""action_drug_a"": ""substrate"", ""action_drug_b"": ""inhibitor"", ""match_pattern"": ""inhibitor-substrate"", ""mechanism_chain"": ""Vinblastine --[inhibitor]--> Cytochrome P450 2D6 --[substrate: metabolizes]--> Codeine"", ""chain_type"": ""PK_through_enzyme"", ""confidence"": ""high""}]"
DB00318,DB00335,The metabolism of can be decreased when combined with,PK,,,,,,,,,,False,[]
DB00318,DB01274,The metabolism of can be decreased when combined with,PK,,,,,,,,,,False,[]
DB00318,DB01424,The metabolism of can be decreased when combined with,PK,,,,,,,,,,False,[]
DB00318,DB00938,The risk or severity of adverse effects can be increased when is combined with,PD,,,,,,,,,,False,[]
DB00318,DB13952,The risk or severity of adverse effects can be increased when is combined with,PD,,,,,,,,,,False,[]
DB00318,DB00787,The risk or severity of adverse effects can be increased when is combined with,PD,,,,,,,,,,False,[]
DB00318,DB09401,The therapeutic efficacy of can be decreased when used in combination with,PD,,,,,,,,,,False,[]
DB00318,DB00575,The risk or severity of sedation can be increased when is combined with,PD,,,,,,,,,,False,[]
DB00318,DB06712,The metabolism of can be decreased when combined with,PK,BE0002638,Cytochrome P450 3A4,enzyme,substrate,inhibitor,inhibitor-substrate,Nilvadipine --[inhibitor]--> Cytochrome P450 3A4 --[substrate: metabolizes]--> Codeine,PK_through_enzyme,high,True,[]
DB00318,DB01167,The metabolism of can be decreased when combined with,PK,BE0002638,Cytochrome P450 3A4,enzyme,substrate,inhibitor,inhibitor-substrate,Itraconazole --[inhibitor]--> Cytochrome P450 3A4 --[substrate: metabolizes]--> Codeine,PK_through_enzyme,high,True,[]
DB00318,DB00564,The metabolism of can be increased when combined with,PK,BE0002638,Cytochrome P450 3A4,enzyme,substrate,inducer,inducer-substrate,Carbamazepine --[inducer]--> Cytochrome P450 3A4 --[substrate: metabolizes]--> Codeine,PK_through_enzyme,high,True,[]
DB00318,DB01234,The metabolism of can be increased when combined with,PK,BE0002638,Cytochrome P450 3A4,enzyme,substrate,inhibitor,inhibitor-substrate,Dexamethasone --[inhibitor]--> Cytochrome P450 3A4 --[substrate: metabolizes]--> Codeine,PK_through_enzyme,high,True,"[{""key_entity_id"": ""BE0002638"", ""key_entity_name"": ""Cytochrome P450 3A4"", ""key_entity_type"": ""enzyme"", ""action_drug_a"": ""substrate"", ""action_drug_b"": ""inducer"", ""match_pattern"": ""inducer-substrate"", ""mechanism_chain"": ""Dexamethasone --[inducer]--> Cytochrome P450 3A4 --[substrate: metabolizes]--> Codeine"", ""chain_type"": ""PK_through_enzyme"", ""confidence"": ""high""}]"
DB00318,DB11672,The metabolism of can be decreased when combined with,PK,BE0002638,Cytochrome P450 3A4,enzyme,substrate,inhibitor,inhibitor-substrate,Curcumin --[inhibitor]--> Cytochrome P450 3A4 --[substrate: metabolizes]--> Codeine,PK_through_enzyme,high,True,"[{""key_entity_id"": ""BE0002363"", ""key_entity_name"": ""Cytochrome P450 2D6"", ""key_entity_type"": ""enzyme"", ""action_drug_a"": ""substrate"", ""action_drug_b"": ""inhibitor"", ""match_pattern"": ""inhibitor-substrate"", ""mechanism_chain"": ""Curcumin --[inhibitor]--> Cytochrome P450 2D6 --[substrate: metabolizes]--> Codeine"", ""chain_type"": ""PK_through_enzyme"", ""confidence"": ""high""}]"
DB00318,DB12095,The serum concentration of can be decreased when it is combined with,PK,BE0003681,UDP-glucuronosyltransferase 2B4,enzyme,substrate,inducer,inducer-substrate,Telotristat ethyl --[inducer]--> UDP-glucuronosyltransferase 2B4 --[substrate: metabolizes]--> Codeine,PK_through_enzyme,high,True,"[{""key_entity_id"": ""BE0002363"", ""key_entity_name"": ""Cytochrome P450 2D6"", ""key_entity_type"": ""enzyme"", ""action_drug_a"": ""substrate"", ""action_drug_b"": ""inhibitor"", ""match_pattern"": ""inhibitor-substrate"", ""mechanism_chain"": ""Telotristat ethyl --[inhibitor]--> Cytochrome P450 2D6 --[substrate: metabolizes]--> Codeine"", ""chain_type"": ""PK_through_enzyme"", ""confidence"": ""high""}, {""key_entity_id"": ""BE0003679"", ""key_entity_name"": ""UDP-glucuronosyltransferase 2B7"", ""key_entity_type"": ""enzyme"", ""action_drug_a"": ""substrate"", ""action_drug_b"": ""inducer"", ""match_pattern"": ""inducer-substrate"", ""mechanism_chain"": ""Telotristat ethyl --[inducer]--> UDP-glucuronosyltransferase 2B7 --[substrate: metabolizes]--> Codeine"", ""chain_type"": ""PK_through_enzyme"", ""confidence"": ""high""}, {""key_entity_id"": ""BE0002638"", ""key_entity_name"": ""Cytochrome P450 3A4"", ""key_entity_type"": ""enzyme"", ""action_drug_a"": ""substrate"", ""action_drug_b"": ""inhibitor"", ""match_pattern"": ""inhibitor-substrate"", ""mechanism_chain"": ""Telotristat ethyl --[inhibitor]--> Cytochrome P450 3A4 --[substrate: metabolizes]--> Codeine"", ""chain_type"": ""PK_through_enzyme"", ""confidence"": ""high""}, {""key_entity_id"": ""BE0002638"", ""key_entity_name"": ""Cytochrome P450 3A4"", ""key_entity_type"": ""enzyme"", ""action_drug_a"": ""substrate"", ""action_drug_b"": ""inducer"", ""match_pattern"": ""inducer-substrate"", ""mechanism_chain"": ""Telotristat ethyl --[inducer]--> Cytochrome P450 3A4 --[substrate: metabolizes]--> Codeine"", ""chain_type"": ""PK_through_enzyme"", ""confidence"": ""high""}]"
DB00324,DB00352,The risk or severity of adverse effects can be increased when is combined with,PD,,,,,,,,,,False,[]
DB00324,DB00495,The risk or severity of adverse effects can be increased when is combined with,PD,,,,,,,,,,False,[]
DB00324,DB00564,The risk or severity of adverse effects can be increased when is combined with,PD,,,,,,,,,,False,[]
DB00324,DB00570,The risk or severity of adverse effects can be increased when is combined with,PD,,,,,,,,,,False,[]
DB00324,DB01101,The risk or severity of adverse effects can be increased when is combined with,PD,,,,,,,,,,False,[]
DB00324,DB01168,The risk or severity of adverse effects can be increased when is combined with,PD,,,,,,,,,,False,[]
DB00324,DB01234,The risk or severity of adverse effects can be increased when is combined with,PD,BE0000794,Glucocorticoid receptor,target,agonist,agonist,agonist-agonist,Fluorometholone --[agonist]--> Glucocorticoid receptor <--[agonist]-- Dexamethasone,PD_convergent_target,high,True,[]
DB00324,DB06813,The risk or severity of adverse effects can be increased when is combined with,PD,,,,,,,,,,False,[]
DB00324,DB09091,The risk or severity of adverse effects can be increased when is combined with,PD,BE0000794,Glucocorticoid receptor,target,agonist,binder,agonist-binder,Fluorometholone --[agonist]--> Glucocorticoid receptor <--[binder]-- Tixocortol,PD_convergent_target,high,True,[]
DB00324,DB14539,The risk or severity of adverse effects can be increased when is combined with,PD,BE0000794,Glucocorticoid receptor,target,agonist,agonist,agonist-agonist,Fluorometholone --[agonist]--> Glucocorticoid receptor <--[agonist]-- Hydrocortisone acetate,PD_convergent_target,high,True,[]
DB00324,DB09063,The risk or severity of hyperglycemia can be increased when is combined with,PD,,,,,,,,,,False,[]
DB00324,DB08868,may increase the immunosuppressive activities of,PD,,,,,,,,,,False,[]
DB00324,DB00957,The serum concentration of can be increased when it is combined with,PK,BE0002638,Cytochrome P450 3A4,enzyme,substrate,inducer,inducer-substrate,Norgestimate --[inducer]--> Cytochrome P450 3A4 --[substrate: metabolizes]--> Fluorometholone,PK_through_enzyme,high,True,"[{""key_entity_id"": ""BE0002638"", ""key_entity_name"": ""Cytochrome P450 3A4"", ""key_entity_type"": ""enzyme"", ""action_drug_a"": ""inducer"", ""action_drug_b"": ""substrate"", ""match_pattern"": ""inducer-substrate"", ""mechanism_chain"": ""Fluorometholone --[inducer]--> Cytochrome P450 3A4 --[substrate: metabolizes]--> Norgestimate"", ""chain_type"": ""PK_through_enzyme"", ""confidence"": ""high""}]"
DB00324,DB01009,The risk or severity of gastrointestinal irritation can be increased when is combined with,PD,,,,,,,,,,False,[]
DB00324,DB01424,The risk or severity of gastrointestinal irritation can be increased when is combined with,PD,,,,,,,,,,False,[]
DB00324,DB06736,The risk or severity of gastrointestinal irritation can be increased when is combined with,PD,,,,,,,,,,False,[]
DB00324,DB08976,The risk or severity of gastrointestinal irritation can be increased when is combined with,PD,,,,,,,,,,False,[]
DB00324,DB08981,The risk or severity of gastrointestinal irritation can be increased when is combined with,PD,,,,,,,,,,False,[]
DB00324,DB00871,The therapeutic efficacy of can be decreased when used in combination with,PD,,,,,,,,,,False,[]
DB00324,DB01067,The risk or severity of hyperglycemia can be increased when is combined with,PD,,,,,,,,,,False,[]
DB00324,DB01078,The risk or severity of adverse effects can be increased when is combined with,PD,,,,,,,,,,False,[]
DB00324,DB11201,The risk or severity of gastrointestinal irritation can be increased when is combined with,PD,,,,,,,,,,False,[]
DB00324,DB12095,The serum concentration of can be decreased when it is combined with,PK,BE0002638,Cytochrome P450 3A4,enzyme,substrate,inhibitor,inhibitor-substrate,Telotristat ethyl --[inhibitor]--> Cytochrome P450 3A4 --[substrate: metabolizes]--> Fluorometholone,PK_through_enzyme,high,True,"[{""key_entity_id"": ""BE0002638"", ""key_entity_name"": ""Cytochrome P450 3A4"", ""key_entity_type"": ""enzyme"", ""action_drug_a"": ""substrate"", ""action_drug_b"": ""inducer"", ""match_pattern"": ""inducer-substrate"", ""mechanism_chain"": ""Telotristat ethyl --[inducer]--> Cytochrome P450 3A4 --[substrate: metabolizes]--> Fluorometholone"", ""chain_type"": ""PK_through_enzyme"", ""confidence"": ""high""}]"
DB00335,DB09063,may increase the bradycardic activities of,PD,,,,,,,,,,False,[]
DB00335,DB06701,may decrease the antihypertensive activities of,PD,,,,,,,,,,False,[]
DB00335,DB08868,may increase the bradycardic activities of,PD,,,,,,,,,,False,[]
DB00335,DB08976,The risk or severity of adverse effects can be increased when is combined with,PD,,,,,,,,,,False,[]
DB00335,DB01182,The risk or severity of adverse effects can be increased when is combined with,PD,BE0000172,Beta-1 adrenergic receptor,target,antagonist,antagonist,antagonist-antagonist,Atenolol --[antagonist]--> Beta-1 adrenergic receptor <--[antagonist]-- Propafenone,PD_convergent_target,high,True,"[{""key_entity_id"": ""BE0000694"", ""key_entity_name"": ""Beta-2 adrenergic receptor"", ""key_entity_type"": ""target"", ""action_drug_a"": ""antagonist"", ""action_drug_b"": ""antagonist"", ""match_pattern"": ""antagonist-antagonist"", ""mechanism_chain"": ""Atenolol --[antagonist]--> Beta-2 adrenergic receptor <--[antagonist]-- Propafenone"", ""chain_type"": ""PD_convergent_target"", ""confidence"": ""high""}]"
DB00335,DB13213,The serum concentration of can be increased when it is combined with,PK,,,,,,,,,,False,[]
DB00335,DB01009,may decrease the antihypertensive activities of,PD,,,,,,,,,,False,[]
DB00335,DB01424,may decrease the antihypertensive activities of,PD,,,,,,,,,,False,[]
DB00335,DB06736,may decrease the antihypertensive activities of,PD,,,,,,,,,,False,[]
DB00335,DB08981,may decrease the antihypertensive activities of,PD,,,,,,,,,,False,[]
DB00335,DB01078,may increase the arrhythmogenic activities of,PD,,,,,,,,,,False,[]
DB00335,DB00836,may increase the arrhythmogenic activities of,PD,,,,,,,,,,False,[]
DB00335,DB01244,may increase the arrhythmogenic activities of,PD,,,,,,,,,,False,[]
DB00335,DB06712,may increase the arrhythmogenic activities of,PD,,,,,,,,,,False,[]
DB00335,DB01113,The risk or severity of adverse effects can be increased when is combined with,PD,,,,,,,,,,False,[]
DB00335,DB06791,may increase the bradycardic activities of,PD,,,,,,,,,,False,[]
DB00335,DB00857,The metabolism of can be decreased when combined with,PK,BE0002363,Cytochrome P450 2D6,enzyme,substrate,inhibitor,inhibitor-substrate,Terbinafine --[inhibitor]--> Cytochrome P450 2D6 --[substrate: metabolizes]--> Atenolol,PK_through_enzyme,high,True,[]
DB00335,DB06708,The metabolism of can be decreased when combined with,PK,BE0002363,Cytochrome P450 2D6,enzyme,substrate,inhibitor,inhibitor-substrate,Lumefantrine --[inhibitor]--> Cytochrome P450 2D6 --[substrate: metabolizes]--> Atenolol,PK_through_enzyme,high,True,[]
DB00335,DB00679,The metabolism of can be decreased when combined with,PK,BE0002363,Cytochrome P450 2D6,enzyme,substrate,inhibitor,inhibitor-substrate,Thioridazine --[inhibitor]--> Cytochrome P450 2D6 --[substrate: metabolizes]--> Atenolol,PK_through_enzyme,high,True,[]
DB00335,DB01167,The risk or severity of hyperkalemia can be increased when is combined with,PD,,,,,,,,,,False,[]
DB00335,DB01220,The metabolism of can be increased when combined with,PK,,,,,,,,,,False,[]
DB00335,DB00871,The therapeutic efficacy of can be decreased when used in combination with,PD,BE0000172,Beta-1 adrenergic receptor,target,antagonist,antagonist,antagonist-antagonist,Atenolol --[antagonist]--> Beta-1 adrenergic receptor <--[antagonist]-- Terbutaline,PD_convergent_target,high,True,"[{""key_entity_id"": ""BE0000694"", ""key_entity_name"": ""Beta-2 adrenergic receptor"", ""key_entity_type"": ""target"", ""action_drug_a"": ""antagonist"", ""action_drug_b"": ""agonist"", ""match_pattern"": ""antagonist-agonist"", ""mechanism_chain"": ""Atenolol --[antagonist]--> Beta-2 adrenergic receptor <--[agonist]-- Terbutaline"", ""chain_type"": ""PD_opposing_target"", ""confidence"": ""low""}]"
DB00335,DB00938,The therapeutic efficacy of can be decreased when used in combination with,PD,BE0000172,Beta-1 adrenergic receptor,target,antagonist,inverse agonist,antagonist-inverse agonist,Atenolol --[antagonist]--> Beta-1 adrenergic receptor <--[inverse agonist]-- Salmeterol,PD_convergent_target,high,True,"[{""key_entity_id"": ""BE0000694"", ""key_entity_name"": ""Beta-2 adrenergic receptor"", ""key_entity_type"": ""target"", ""action_drug_a"": ""antagonist"", ""action_drug_b"": ""agonist"", ""match_pattern"": ""antagonist-agonist"", ""mechanism_chain"": ""Atenolol --[antagonist]--> Beta-2 adrenergic receptor <--[agonist]-- Salmeterol"", ""chain_type"": ""PD_opposing_target"", ""confidence"": ""low""}]"
DB00335,DB01274,The therapeutic efficacy of can be decreased when used in combination with,PD,BE0000694,Beta-2 adrenergic receptor,target,antagonist,agonist,antagonist-agonist,Atenolol --[antagonist]--> Beta-2 adrenergic receptor <--[agonist]-- Arformoterol,PD_opposing_target,low,True,[]
DB00335,DB01234,may increase the excretion rate of which could result in a lower serum level and potentially a reduction in efficacy,PK,BE0000703,Bile salt export pump,transporter,substrate,inducer,inducer-substrate,Dexamethasone --[inducer]--> Bile salt export pump --[substrate: transports]--> Atenolol,PK_through_transporter,high,True,[]
DB00335,DB00570,may decrease the excretion rate of which could result in a higher serum level,PK,BE0000703,Bile salt export pump,transporter,substrate,inhibitor,inhibitor-substrate,Vinblastine --[inhibitor]--> Bile salt export pump --[substrate: transports]--> Atenolol,PK_through_transporter,high,True,[]
DB00335,DB00647,The metabolism of can be decreased when combined with,PK,BE0002363,Cytochrome P450 2D6,enzyme,substrate,inhibitor,inhibitor-substrate,Dextropropoxyphene --[inhibitor]--> Cytochrome P450 2D6 --[substrate: metabolizes]--> Atenolol,PK_through_enzyme,high,True,[]
DB00335,DB00497,The metabolism of can be decreased when combined with,PK,,,,,,,,,,False,[]
DB00335,DB06016,may decrease the antihypertensive activities of,PD,,,,,,,,,,False,[]
DB00335,DB06144,The metabolism of can be decreased when combined with,PK,,,,,,,,,,False,[]
DB00335,DB11672,The metabolism of can be decreased when combined with,PK,BE0002363,Cytochrome P450 2D6,enzyme,substrate,inhibitor,inhibitor-substrate,Curcumin --[inhibitor]--> Cytochrome P450 2D6 --[substrate: metabolizes]--> Atenolol,PK_through_enzyme,high,True,[]
DB00335,DB11201,may decrease the antihypertensive activities of,PD,,,,,,,,,,False,[]
DB00352,DB00495,The risk or severity of adverse effects can be increased when is combined with,PD,,,,,,,,,,False,[]
DB00352,DB00564,The risk or severity of adverse effects can be increased when is combined with,PD,,,,,,,,,,False,[]
DB00352,DB00570,The risk or severity of adverse effects can be increased when is combined with,PD,,,,,,,,,,False,[]
DB00352,DB01101,The risk or severity of adverse effects can be increased when is combined with,PD,,,,,,,,,,False,[]
DB00352,DB01168,The risk or severity of adverse effects can be increased when is combined with,PD,,,,,,,,,,False,[]
DB00352,DB01234,The risk or severity of adverse effects can be increased when is combined with,PD,,,,,,,,,,False,[]
DB00352,DB06813,The risk or severity of adverse effects can be increased when is combined with,PD,,,,,,,,,,False,[]
DB00352,DB09091,The risk or severity of adverse effects can be increased when is combined with,PD,,,,,,,,,,False,[]
DB00352,DB14539,The risk or severity of adverse effects can be increased when is combined with,PD,,,,,,,,,,False,[]
DB00352,DB08868,may increase the immunosuppressive activities of,PD,,,,,,,,,,False,[]
DB00352,DB09009,The risk or severity of methemoglobinemia can be increased when is combined with,PD,,,,,,,,,,False,[]
DB00423,DB01198,The risk or severity of adverse effects can be increased when is combined with,PD,,,,,,,,,,False,[]
DB00423,DB00497,The risk or severity of CNS depression can be increased when is combined with,PD,,,,,,,,,,False,[]
DB00423,DB00564,The risk or severity of CNS depression can be increased when is combined with,PD,,,,,,,,,,False,[]
DB00423,DB00647,The risk or severity of CNS depression can be increased when is combined with,PD,,,,,,,,,,False,[]
DB00423,DB00679,The risk or severity of CNS depression can be increased when is combined with,PD,,,,,,,,,,False,[]
DB00423,DB01168,The risk or severity of CNS depression can be increased when is combined with,PD,,,,,,,,,,False,[]
DB00423,DB01616,The risk or severity of CNS depression can be increased when is combined with,PD,,,,,,,,,,False,[]
DB00423,DB06016,The risk or severity of CNS depression can be increased when is combined with,PD,,,,,,,,,,False,[]
DB00423,DB06144,The risk or severity of CNS depression can be increased when is combined with,PD,,,,,,,,,,False,[]
DB00423,DB06701,The risk or severity of CNS depression can be increased when is combined with,PD,,,,,,,,,,False,[]
DB00423,DB06797,The risk or severity of CNS depression can be increased when is combined with,PD,,,,,,,,,,False,[]
DB00423,DB11609,The risk or severity of CNS depression can be increased when is combined with,PD,,,,,,,,,,False,[]
DB00423,DB13213,The risk or severity of CNS depression can be increased when is combined with,PD,,,,,,,,,,False,[]
DB00423,DB09009,The risk or severity of CNS depression can be increased when is combined with,PD,,,,,,,,,,False,[]
DB00423,DB00575,The risk or severity of sedation can be increased when is combined with,PD,,,,,,,,,,False,[]
DB00479,DB01078,The risk or severity of adverse effects can be increased when is combined with,PD,,,,,,,,,,False,[]
DB00479,DB01112,may decrease the excretion rate of which could result in a higher serum level,PK,,,,,,,,,,False,[]
DB00479,DB01424,may decrease the excretion rate of which could result in a higher serum level,PK,,,,,,,,,,False,[]
DB00479,DB08976,may decrease the excretion rate of which could result in a higher serum level,PK,,,,,,,,,,False,[]
DB00479,DB08981,may decrease the excretion rate of which could result in a higher serum level,PK,,,,,,,,,,False,[]
DB00479,DB00564,may decrease the excretion rate of which could result in a higher serum level,PK,,,,,,,,,,False,[]
DB00479,DB01009,may decrease the excretion rate of which could result in a higher serum level,PK,,,,,,,,,,False,[]
DB00479,DB06736,may decrease the excretion rate of which could result in a higher serum level,PK,,,,,,,,,,False,[]
DB00479,DB00787,may decrease the excretion rate of which could result in a higher serum level,PK,,,,,,,,,,False,[]
DB00479,DB00871,may decrease the excretion rate of which could result in a higher serum level,PK,,,,,,,,,,False,[]
DB00479,DB00915,may decrease the excretion rate of which could result in a higher serum level,PK,,,,,,,,,,False,[]
DB00479,DB01046,may decrease the excretion rate of which could result in a higher serum level,PK,,,,,,,,,,False,[]
DB00479,DB01067,may decrease the excretion rate of which could result in a higher serum level,PK,,,,,,,,,,False,[]
DB00479,DB01115,may decrease the excretion rate of which could result in a higher serum level,PK,,,,,,,,,,False,[]
DB00479,DB01274,may decrease the excretion rate of which could result in a higher serum level,PK,,,,,,,,,,False,[]
DB00479,DB01428,may decrease the excretion rate of which could result in a higher serum level,PK,,,,,,,,,,False,[]
DB00479,DB06228,may decrease the excretion rate of which could result in a higher serum level,PK,,,,,,,,,,False,[]
DB00479,DB06782,may decrease the excretion rate of which could result in a higher serum level,PK,,,,,,,,,,False,[]
DB00479,DB06813,may decrease the excretion rate of which could result in a higher serum level,PK,,,,,,,,,,False,[]
DB00479,DB09091,may decrease the excretion rate of which could result in a higher serum level,PK,,,,,,,,,,False,[]
DB00479,DB11102,may decrease the excretion rate of which could result in a higher serum level,PK,,,,,,,,,,False,[]
DB00479,DB13946,may decrease the excretion rate of which could result in a higher serum level,PK,,,,,,,,,,False,[]
DB00479,DB13952,may decrease the excretion rate of which could result in a higher serum level,PK,,,,,,,,,,False,[]
DB00479,DB11201,The risk or severity of nephrotoxicity can be increased when is combined with,PD,,,,,,,,,,False,[]
DB00479,DB09009,The risk or severity of methemoglobinemia can be increased when is combined with,PD,,,,,,,,,,False,[]
DB00495,DB00570,The risk or severity of adverse effects can be increased when is combined with,PD,,,,,,,,,,False,[]
DB00495,DB01168,The risk or severity of adverse effects can be increased when is combined with,PD,,,,,,,,,,False,[]
DB00495,DB01234,The risk or severity of adverse effects can be increased when is combined with,PD,,,,,,,,,,False,[]
DB00495,DB06813,The risk or severity of adverse effects can be increased when is combined with,PD,,,,,,,,,,False,[]
DB00495,DB09091,The risk or severity of adverse effects can be increased when is combined with,PD,,,,,,,,,,False,[]
DB00495,DB14539,The risk or severity of adverse effects can be increased when is combined with,PD,,,,,,,,,,False,[]
DB00495,DB00564,The risk or severity of adverse effects can be increased when is combined with,PD,,,,,,,,,,False,[]
DB00495,DB00741,The excretion of can be decreased when combined with,PK,BE0001032,ATP-dependent translocase ABCB1,transporter,substrate,inducer,inducer-substrate,Hydrocortisone --[inducer]--> ATP-dependent translocase ABCB1 --[substrate: transports]--> Zidovudine,PK_through_transporter,high,True,"[{""key_entity_id"": ""BE0003645"", ""key_entity_name"": ""Organic anion transporter 3"", ""key_entity_type"": ""transporter"", ""action_drug_a"": ""inhibitor"", ""action_drug_b"": ""substrate"", ""match_pattern"": ""inhibitor-substrate"", ""mechanism_chain"": ""Zidovudine --[inhibitor]--> Organic anion transporter 3 --[substrate: transports]--> Hydrocortisone"", ""chain_type"": ""PK_through_transporter"", ""confidence"": ""high""}]"
DB00495,DB01067,The metabolism of can be increased when combined with,PK,BE0003541,UDP-glucuronosyltransferase 1A1,enzyme,inducer,substrate,inducer-substrate,Zidovudine --[inducer]--> UDP-glucuronosyltransferase 1A1 --[substrate: metabolizes]--> Glipizide,PK_through_enzyme,high,True,[]
DB00495,DB13952,The metabolism of can be increased when combined with,PK,BE0002638,Cytochrome P450 3A4,enzyme,substrate,inducer,inducer-substrate,Estradiol acetate --[inducer]--> Cytochrome P450 3A4 --[substrate: metabolizes]--> Zidovudine,PK_through_enzyme,high,True,"[{""key_entity_id"": ""BE0003541"", ""key_entity_name"": ""UDP-glucuronosyltransferase 1A1"", ""key_entity_type"": ""enzyme"", ""action_drug_a"": ""inducer"", ""action_drug_b"": ""substrate"", ""match_pattern"": ""inducer-substrate"", ""mechanism_chain"": ""Zidovudine --[inducer]--> UDP-glucuronosyltransferase 1A1 --[substrate: metabolizes]--> Estradiol acetate"", ""chain_type"": ""PK_through_enzyme"", ""confidence"": ""high""}]"
DB00495,DB00957,The metabolism of can be increased when combined with,PK,BE0002638,Cytochrome P450 3A4,enzyme,substrate,inducer,inducer-substrate,Norgestimate --[inducer]--> Cytochrome P450 3A4 --[substrate: metabolizes]--> Zidovudine,PK_through_enzyme,high,True,"[{""key_entity_id"": ""BE0003541"", ""key_entity_name"": ""UDP-glucuronosyltransferase 1A1"", ""key_entity_type"": ""enzyme"", ""action_drug_a"": ""inducer"", ""action_drug_b"": ""substrate"", ""match_pattern"": ""inducer-substrate"", ""mechanism_chain"": ""Zidovudine --[inducer]--> UDP-glucuronosyltransferase 1A1 --[substrate: metabolizes]--> Norgestimate"", ""chain_type"": ""PK_through_enzyme"", ""confidence"": ""high""}]"
DB00495,DB00787,The risk or severity of adverse effects can be increased when is combined with,PD,,,,,,,,,,False,[]
DB00495,DB08868,may increase the immunosuppressive activities of,PD,,,,,,,,,,False,[]
DB00495,DB01009,The risk or severity of adverse effects can be increased when is combined with,PD,,,,,,,,,,False,[]
DB00495,DB00938,The metabolism of can be decreased when combined with,PK,,,,,,,,,,False,[]
DB00495,DB01006,The metabolism of can be decreased when combined with,PK,BE0003336,Cytochrome P450 2A6,enzyme,substrate,inhibitor,inhibitor-substrate,Letrozole --[inhibitor]--> Cytochrome P450 2A6 --[substrate: metabolizes]--> Zidovudine,PK_through_enzyme,high,True,[]
DB00495,DB00857,"The risk or severity of myopathy, rhabdomyolysis, and myoglobinuria can be increased when is combined with",PD,,,,,,,,,,False,[]
DB00495,DB01393,"The risk or severity of myopathy, rhabdomyolysis, and myoglobinuria can be increased when is combined with",PD,,,,,,,,,,False,[]
DB00495,DB06712,The metabolism of can be decreased when combined with,PK,BE0002638,Cytochrome P450 3A4,enzyme,substrate,inhibitor,inhibitor-substrate,Nilvadipine --[inhibitor]--> Cytochrome P450 3A4 --[substrate: metabolizes]--> Zidovudine,PK_through_enzyme,high,True,"[{""key_entity_id"": ""BE0003336"", ""key_entity_name"": ""Cytochrome P450 2A6"", ""key_entity_type"": ""enzyme"", ""action_drug_a"": ""substrate"", ""action_drug_b"": ""inhibitor"", ""match_pattern"": ""inhibitor-substrate"", ""mechanism_chain"": ""Nilvadipine --[inhibitor]--> Cytochrome P450 2A6 --[substrate: metabolizes]--> Zidovudine"", ""chain_type"": ""PK_through_enzyme"", ""confidence"": ""high""}]"
DB00495,DB01115,The metabolism of can be decreased when combined with,PK,BE0002793,Cytochrome P450 2C9,enzyme,substrate,inhibitor,inhibitor-substrate,Nifedipine --[inhibitor]--> Cytochrome P450 2C9 --[substrate: metabolizes]--> Zidovudine,PK_through_enzyme,high,True,"[{""key_entity_id"": ""BE0002793"", ""key_entity_name"": ""Cytochrome P450 2C9"", ""key_entity_type"": ""enzyme"", ""action_drug_a"": ""substrate"", ""action_drug_b"": ""inducer"", ""match_pattern"": ""inducer-substrate"", ""mechanism_chain"": ""Nifedipine --[inducer]--> Cytochrome P450 2C9 --[substrate: metabolizes]--> Zidovudine"", ""chain_type"": ""PK_through_enzyme"", ""confidence"": ""high""}, {""key_entity_id"": ""BE0002638"", ""key_entity_name"": ""Cytochrome P450 3A4"", ""key_entity_type"": ""enzyme"", ""action_drug_a"": ""substrate"", ""action_drug_b"": ""inhibitor"", ""match_pattern"": ""inhibitor-substrate"", ""mechanism_chain"": ""Nifedipine --[inhibitor]--> Cytochrome P450 3A4 --[substrate: metabolizes]--> Zidovudine"", ""chain_type"": ""PK_through_enzyme"", ""confidence"": ""high""}, {""key_entity_id"": ""BE0002638"", ""key_entity_name"": ""Cytochrome P450 3A4"", ""key_entity_type"": ""enzyme"", ""action_drug_a"": ""substrate"", ""action_drug_b"": ""inducer"", ""match_pattern"": ""inducer-substrate"", ""mechanism_chain"": ""Nifedipine --[inducer]--> Cytochrome P450 3A4 --[substrate: metabolizes]--> Zidovudine"", ""chain_type"": ""PK_through_enzyme"", ""confidence"": ""high""}]"
DB00495,DB01198,The metabolism of can be decreased when combined with,PK,,,,,,,,,,False,[]
DB00495,DB01274,The metabolism of can be decreased when combined with,PK,,,,,,,,,,False,[]
DB00495,DB01117,The metabolism of can be decreased when combined with,PK,BE0002793,Cytochrome P450 2C9,enzyme,substrate,inhibitor,inhibitor-substrate,Atovaquone --[inhibitor]--> Cytochrome P450 2C9 --[substrate: metabolizes]--> Zidovudine,PK_through_enzyme,high,True,[]
DB00495,DB09063,The metabolism of can be decreased when combined with,PK,BE0002793,Cytochrome P450 2C9,enzyme,substrate,inhibitor,inhibitor-substrate,Ceritinib --[inhibitor]--> Cytochrome P450 2C9 --[substrate: metabolizes]--> Zidovudine,PK_through_enzyme,high,True,"[{""key_entity_id"": ""BE0002638"", ""key_entity_name"": ""Cytochrome P450 3A4"", ""key_entity_type"": ""enzyme"", ""action_drug_a"": ""substrate"", ""action_drug_b"": ""inhibitor"", ""match_pattern"": ""inhibitor-substrate"", ""mechanism_chain"": ""Ceritinib --[inhibitor]--> Cytochrome P450 3A4 --[substrate: metabolizes]--> Zidovudine"", ""chain_type"": ""PK_through_enzyme"", ""confidence"": ""high""}]"
DB00495,DB01101,The serum concentration of can be increased when it is combined with,PK,BE0002793,Cytochrome P450 2C9,enzyme,substrate,inhibitor,inhibitor-substrate,Capecitabine --[inhibitor]--> Cytochrome P450 2C9 --[substrate: metabolizes]--> Zidovudine,PK_through_enzyme,high,True,[]
DB00495,DB11791,The serum concentration of can be increased when it is combined with,PK,BE0001032,ATP-dependent translocase ABCB1,transporter,substrate,inhibitor,inhibitor-substrate,Capmatinib --[inhibitor]--> ATP-dependent translocase ABCB1 --[substrate: transports]--> Zidovudine,PK_through_transporter,high,True,"[{""key_entity_id"": ""BE0001067"", ""key_entity_name"": ""Broad substrate specificity ATP-binding cassette transporter ABCG2"", ""key_entity_type"": ""transporter"", ""action_drug_a"": ""substrate"", ""action_drug_b"": ""inhibitor"", ""match_pattern"": ""inhibitor-substrate"", ""mechanism_chain"": ""Capmatinib --[inhibitor]--> Broad substrate specificity ATP-binding cassette transporter ABCG2 --[substrate: transports]--> Zidovudine"", ""chain_type"": ""PK_through_transporter"", ""confidence"": ""high""}]"
DB00495,DB00836,The metabolism of can be decreased when combined with,PK,BE0002638,Cytochrome P450 3A4,enzyme,substrate,inhibitor,inhibitor-substrate,Loperamide --[inhibitor]--> Cytochrome P450 3A4 --[substrate: metabolizes]--> Zidovudine,PK_through_enzyme,high,True,[]
DB00495,DB01167,The metabolism of can be decreased when combined with,PK,BE0002638,Cytochrome P450 3A4,enzyme,substrate,inhibitor,inhibitor-substrate,Itraconazole --[inhibitor]--> Cytochrome P450 3A4 --[substrate: metabolizes]--> Zidovudine,PK_through_enzyme,high,True,[]
DB00495,DB11672,The metabolism of can be decreased when combined with,PK,BE0002793,Cytochrome P450 2C9,enzyme,substrate,inhibitor,inhibitor-substrate,Curcumin --[inhibitor]--> Cytochrome P450 2C9 --[substrate: metabolizes]--> Zidovudine,PK_through_enzyme,high,True,"[{""key_entity_id"": ""BE0002638"", ""key_entity_name"": ""Cytochrome P450 3A4"", ""key_entity_type"": ""enzyme"", ""action_drug_a"": ""substrate"", ""action_drug_b"": ""inhibitor"", ""match_pattern"": ""inhibitor-substrate"", ""mechanism_chain"": ""Curcumin --[inhibitor]--> Cytochrome P450 3A4 --[substrate: metabolizes]--> Zidovudine"", ""chain_type"": ""PK_through_enzyme"", ""confidence"": ""high""}]"
DB00495,DB12095,The serum concentration of can be decreased when it is combined with,PK,BE0002638,Cytochrome P450 3A4,enzyme,substrate,inhibitor,inhibitor-substrate,Telotristat ethyl --[inhibitor]--> Cytochrome P450 3A4 --[substrate: metabolizes]--> Zidovudine,PK_through_enzyme,high,True,"[{""key_entity_id"": ""BE0002638"", ""key_entity_name"": ""Cytochrome P450 3A4"", ""key_entity_type"": ""enzyme"", ""action_drug_a"": ""substrate"", ""action_drug_b"": ""inducer"", ""match_pattern"": ""inducer-substrate"", ""mechanism_chain"": ""Telotristat ethyl --[inducer]--> Cytochrome P450 3A4 --[substrate: metabolizes]--> Zidovudine"", ""chain_type"": ""PK_through_enzyme"", ""confidence"": ""high""}, {""key_entity_id"": ""BE0002793"", ""key_entity_name"": ""Cytochrome P450 2C9"", ""key_entity_type"": ""enzyme"", ""action_drug_a"": ""substrate"", ""action_drug_b"": ""inhibitor"", ""match_pattern"": ""inhibitor-substrate"", ""mechanism_chain"": ""Telotristat ethyl --[inhibitor]--> Cytochrome P450 2C9 --[substrate: metabolizes]--> Zidovudine"", ""chain_type"": ""PK_through_enzyme"", ""confidence"": ""high""}, {""key_entity_id"": ""BE0003679"", ""key_entity_name"": ""UDP-glucuronosyltransferase 2B7"", ""key_entity_type"": ""enzyme"", ""action_drug_a"": ""substrate"", ""action_drug_b"": ""inducer"", ""match_pattern"": ""inducer-substrate"", ""mechanism_chain"": ""Telotristat ethyl --[inducer]--> UDP-glucuronosyltransferase 2B7 --[substrate: metabolizes]--> Zidovudine"", ""chain_type"": ""PK_through_enzyme"", ""confidence"": ""high""}]"
DB00495,DB11682,The metabolism of can be decreased when combined with,PK,,,,,,,,,,False,[]
DB00497,DB00647,The risk or severity of adverse effects can be increased when is combined with,PD,BE0000420,Delta-type opioid receptor,target,agonist,agonist,agonist-agonist,Oxycodone --[agonist]--> Delta-type opioid receptor <--[agonist]-- Dextropropoxyphene,PD_convergent_target,high,True,"[{""key_entity_id"": ""BE0000770"", ""key_entity_name"": ""Mu-type opioid receptor"", ""key_entity_type"": ""target"", ""action_drug_a"": ""agonist"", ""action_drug_b"": ""agonist"", ""match_pattern"": ""agonist-agonist"", ""mechanism_chain"": ""Oxycodone --[agonist]--> Mu-type opioid receptor <--[agonist]-- Dextropropoxyphene"", ""chain_type"": ""PD_convergent_target"", ""confidence"": ""high""}, {""key_entity_id"": ""BE0000632"", ""key_entity_name"": ""Kappa-type opioid receptor"", ""key_entity_type"": ""target"", ""action_drug_a"": ""agonist"", ""action_drug_b"": ""antagonist"", ""match_pattern"": ""agonist-antagonist"", ""mechanism_chain"": ""Oxycodone --[agonist]--> Kappa-type opioid receptor <--[antagonist]-- Dextropropoxyphene"", ""chain_type"": ""PD_opposing_target"", ""confidence"": ""low""}]"
DB00497,DB11609,The risk or severity of adverse effects can be increased when is combined with,PD,,,,,,,,,,False,[]
DB00497,DB00940,The risk or severity of adverse effects can be increased when is combined with,PD,,,,,,,,,,False,[]
DB00497,DB08801,The risk or severity of adverse effects can be increased when is combined with,PD,,,,,,,,,,False,[]
DB00497,DB00915,The risk or severity of adverse effects can be increased when is combined with,PD,,,,,,,,,,False,[]
DB00497,DB01198,The risk or severity of adverse effects can be increased when is combined with,PD,,,,,,,,,,False,[]
DB00497,DB00857,The metabolism of can be decreased when combined with,PK,BE0002638,Cytochrome P450 3A4,enzyme,substrate,inducer,inducer-substrate,Terbinafine --[inducer]--> Cytochrome P450 3A4 --[substrate: metabolizes]--> Oxycodone,PK_through_enzyme,high,True,"[{""key_entity_id"": ""BE0002363"", ""key_entity_name"": ""Cytochrome P450 2D6"", ""key_entity_type"": ""enzyme"", ""action_drug_a"": ""substrate"", ""action_drug_b"": ""inhibitor"", ""match_pattern"": ""inhibitor-substrate"", ""mechanism_chain"": ""Terbinafine --[inhibitor]--> Cytochrome P450 2D6 --[substrate: metabolizes]--> Oxycodone"", ""chain_type"": ""PK_through_enzyme"", ""confidence"": ""high""}]"
DB00497,DB06708,The metabolism of can be decreased when combined with,PK,BE0002363,Cytochrome P450 2D6,enzyme,substrate,inhibitor,inhibitor-substrate,Lumefantrine --[inhibitor]--> Cytochrome P450 2D6 --[substrate: metabolizes]--> Oxycodone,PK_through_enzyme,high,True,[]
DB00497,DB00679,The metabolism of can be decreased when combined with,PK,BE0002363,Cytochrome P450 2D6,enzyme,substrate,inhibitor,inhibitor-substrate,Thioridazine --[inhibitor]--> Cytochrome P450 2D6 --[substrate: metabolizes]--> Oxycodone,PK_through_enzyme,high,True,[]
DB00497,DB01182,The metabolism of can be decreased when combined with,PK,BE0002363,Cytochrome P450 2D6,enzyme,substrate,inhibitor,inhibitor-substrate,Propafenone --[inhibitor]--> Cytochrome P450 2D6 --[substrate: metabolizes]--> Oxycodone,PK_through_enzyme,high,True,[]
DB00497,DB01616,The risk or severity of CNS depression can be increased when is combined with,PD,,,,,,,,,,False,[]
DB00497,DB06016,The risk or severity of CNS depression can be increased when is combined with,PD,,,,,,,,,,False,[]
DB00497,DB06144,The risk or severity of CNS depression can be increased when is combined with,PD,,,,,,,,,,False,[]
DB00497,DB06701,The risk or severity of CNS depression can be increased when is combined with,PD,,,,,,,,,,False,[]
DB00497,DB06797,The risk or severity of CNS depression can be increased when is combined with,PD,,,,,,,,,,False,[]
DB00497,DB09009,The risk or severity of CNS depression can be increased when is combined with,PD,,,,,,,,,,False,[]
DB00497,DB01046,The therapeutic efficacy of can be decreased when used in combination with,PD,,,,,,,,,,False,[]
DB00497,DB14627,The therapeutic efficacy of can be decreased when used in combination with,PD,,,,,,,,,,False,[]
DB00497,DB11703,The metabolism of can be decreased when combined with,PK,BE0002638,Cytochrome P450 3A4,enzyme,substrate,inhibitor,inhibitor-substrate,Acalabrutinib --[inhibitor]--> Cytochrome P450 3A4 --[substrate: metabolizes]--> Oxycodone,PK_through_enzyme,high,True,"[{""key_entity_id"": ""BE0002362"", ""key_entity_name"": ""Cytochrome P450 3A5"", ""key_entity_type"": ""enzyme"", ""action_drug_a"": ""substrate"", ""action_drug_b"": ""inhibitor"", ""match_pattern"": ""inhibitor-substrate"", ""mechanism_chain"": ""Acalabrutinib --[inhibitor]--> Cytochrome P450 3A5 --[substrate: metabolizes]--> Oxycodone"", ""chain_type"": ""PK_through_enzyme"", ""confidence"": ""high""}]"
DB00497,DB00741,The metabolism of can be decreased when combined with,PK,BE0002638,Cytochrome P450 3A4,enzyme,substrate,inducer,inducer-substrate,Hydrocortisone --[inducer]--> Cytochrome P450 3A4 --[substrate: metabolizes]--> Oxycodone,PK_through_enzyme,high,True,[]
DB00497,DB00938,The metabolism of can be decreased when combined with,PK,,,,,,,,,,False,[]
DB00497,DB06228,The metabolism of can be decreased when combined with,PK,,,,,,,,,,False,[]
DB00497,DB13952,The metabolism of can be decreased when combined with,PK,BE0002638,Cytochrome P450 3A4,enzyme,substrate,inducer,inducer-substrate,Estradiol acetate --[inducer]--> Cytochrome P450 3A4 --[substrate: metabolizes]--> Oxycodone,PK_through_enzyme,high,True,[]
DB00497,DB14539,The metabolism of can be decreased when combined with,PK,BE0002638,Cytochrome P450 3A4,enzyme,substrate,inducer,inducer-substrate,Hydrocortisone acetate --[inducer]--> Cytochrome P450 3A4 --[substrate: metabolizes]--> Oxycodone,PK_through_enzyme,high,True,[]
DB00497,DB00564,The metabolism of can be decreased when combined with,PK,BE0002638,Cytochrome P450 3A4,enzyme,substrate,inducer,inducer-substrate,Carbamazepine --[inducer]--> Cytochrome P450 3A4 --[substrate: metabolizes]--> Oxycodone,PK_through_enzyme,high,True,"[{""key_entity_id"": ""BE0002362"", ""key_entity_name"": ""Cytochrome P450 3A5"", ""key_entity_type"": ""enzyme"", ""action_drug_a"": ""substrate"", ""action_drug_b"": ""inducer"", ""match_pattern"": ""inducer-substrate"", ""mechanism_chain"": ""Carbamazepine --[inducer]--> Cytochrome P450 3A5 --[substrate: metabolizes]--> Oxycodone"", ""chain_type"": ""PK_through_enzyme"", ""confidence"": ""high""}]"
DB00497,DB01244,The metabolism of can be decreased when combined with,PK,BE0002363,Cytochrome P450 2D6,enzyme,substrate,inhibitor,inhibitor-substrate,Bepridil --[inhibitor]--> Cytochrome P450 2D6 --[substrate: metabolizes]--> Oxycodone,PK_through_enzyme,high,True,[]
DB00497,DB01115,The metabolism of can be decreased when combined with,PK,BE0002638,Cytochrome P450 3A4,enzyme,substrate,inhibitor,inhibitor-substrate,Nifedipine --[inhibitor]--> Cytochrome P450 3A4 --[substrate: metabolizes]--> Oxycodone,PK_through_enzyme,high,True,"[{""key_entity_id"": ""BE0002638"", ""key_entity_name"": ""Cytochrome P450 3A4"", ""key_entity_type"": ""enzyme"", ""action_drug_a"": ""substrate"", ""action_drug_b"": ""inducer"", ""match_pattern"": ""inducer-substrate"", ""mechanism_chain"": ""Nifedipine --[inducer]--> Cytochrome P450 3A4 --[substrate: metabolizes]--> Oxycodone"", ""chain_type"": ""PK_through_enzyme"", ""confidence"": ""high""}, {""key_entity_id"": ""BE0002363"", ""key_entity_name"": ""Cytochrome P450 2D6"", ""key_entity_type"": ""enzyme"", ""action_drug_a"": ""substrate"", ""action_drug_b"": ""inhibitor"", ""match_pattern"": ""inhibitor-substrate"", ""mechanism_chain"": ""Nifedipine --[inhibitor]--> Cytochrome P450 2D6 --[substrate: metabolizes]--> Oxycodone"", ""chain_type"": ""PK_through_enzyme"", ""confidence"": ""high""}]"
DB00497,DB00570,The metabolism of can be decreased when combined with,PK,BE0002638,Cytochrome P450 3A4,enzyme,substrate,inhibitor,inhibitor-substrate,Vinblastine --[inhibitor]--> Cytochrome P450 3A4 --[substrate: metabolizes]--> Oxycodone,PK_through_enzyme,high,True,"[{""key_entity_id"": ""BE0002638"", ""key_entity_name"": ""Cytochrome P450 3A4"", ""key_entity_type"": ""enzyme"", ""action_drug_a"": ""substrate"", ""action_drug_b"": ""inducer"", ""match_pattern"": ""inducer-substrate"", ""mechanism_chain"": ""Vinblastine --[inducer]--> Cytochrome P450 3A4 --[substrate: metabolizes]--> Oxycodone"", ""chain_type"": ""PK_through_enzyme"", ""confidence"": ""high""}, {""key_entity_id"": ""BE0002363"", ""key_entity_name"": ""Cytochrome P450 2D6"", ""key_entity_type"": ""enzyme"", ""action_drug_a"": ""substrate"", ""action_drug_b"": ""inhibitor"", ""match_pattern"": ""inhibitor-substrate"", ""mechanism_chain"": ""Vinblastine --[inhibitor]--> Cytochrome P450 2D6 --[substrate: metabolizes]--> Oxycodone"", ""chain_type"": ""PK_through_enzyme"", ""confidence"": ""high""}]"
DB00497,DB01274,The metabolism of can be decreased when combined with,PK,,,,,,,,,,False,[]
DB00497,DB01424,The metabolism of can be decreased when combined with,PK,,,,,,,,,,False,[]
DB00497,DB09401,The therapeutic efficacy of can be decreased when used in combination with,PD,,,,,,,,,,False,[]
DB00497,DB00575,The risk or severity of sedation can be increased when is combined with,PD,,,,,,,,,,False,[]
DB00497,DB06712,The metabolism of can be decreased when combined with,PK,BE0002638,Cytochrome P450 3A4,enzyme,substrate,inhibitor,inhibitor-substrate,Nilvadipine --[inhibitor]--> Cytochrome P450 3A4 --[substrate: metabolizes]--> Oxycodone,PK_through_enzyme,high,True,[]
DB00497,DB01167,The metabolism of can be decreased when combined with,PK,BE0002638,Cytochrome P450 3A4,enzyme,substrate,inhibitor,inhibitor-substrate,Itraconazole --[inhibitor]--> Cytochrome P450 3A4 --[substrate: metabolizes]--> Oxycodone,PK_through_enzyme,high,True,"[{""key_entity_id"": ""BE0002362"", ""key_entity_name"": ""Cytochrome P450 3A5"", ""key_entity_type"": ""enzyme"", ""action_drug_a"": ""substrate"", ""action_drug_b"": ""inhibitor"", ""match_pattern"": ""inhibitor-substrate"", ""mechanism_chain"": ""Itraconazole --[inhibitor]--> Cytochrome P450 3A5 --[substrate: metabolizes]--> Oxycodone"", ""chain_type"": ""PK_through_enzyme"", ""confidence"": ""high""}]"
DB00497,DB01234,The metabolism of can be increased when combined with,PK,BE0002638,Cytochrome P450 3A4,enzyme,substrate,inhibitor,inhibitor-substrate,Dexamethasone --[inhibitor]--> Cytochrome P450 3A4 --[substrate: metabolizes]--> Oxycodone,PK_through_enzyme,high,True,"[{""key_entity_id"": ""BE0002638"", ""key_entity_name"": ""Cytochrome P450 3A4"", ""key_entity_type"": ""enzyme"", ""action_drug_a"": ""substrate"", ""action_drug_b"": ""inducer"", ""match_pattern"": ""inducer-substrate"", ""mechanism_chain"": ""Dexamethasone --[inducer]--> Cytochrome P450 3A4 --[substrate: metabolizes]--> Oxycodone"", ""chain_type"": ""PK_through_enzyme"", ""confidence"": ""high""}, {""key_entity_id"": ""BE0002362"", ""key_entity_name"": ""Cytochrome P450 3A5"", ""key_entity_type"": ""enzyme"", ""action_drug_a"": ""substrate"", ""action_drug_b"": ""inducer"", ""match_pattern"": ""inducer-substrate"", ""mechanism_chain"": ""Dexamethasone --[inducer]--> Cytochrome P450 3A5 --[substrate: metabolizes]--> Oxycodone"", ""chain_type"": ""PK_through_enzyme"", ""confidence"": ""high""}]"
DB00497,DB11672,The metabolism of can be decreased when combined with,PK,BE0002638,Cytochrome P450 3A4,enzyme,substrate,inhibitor,inhibitor-substrate,Curcumin --[inhibitor]--> Cytochrome P450 3A4 --[substrate: metabolizes]--> Oxycodone,PK_through_enzyme,high,True,"[{""key_entity_id"": ""BE0002363"", ""key_entity_name"": ""Cytochrome P450 2D6"", ""key_entity_type"": ""enzyme"", ""action_drug_a"": ""substrate"", ""action_drug_b"": ""inhibitor"", ""match_pattern"": ""inhibitor-substrate"", ""mechanism_chain"": ""Curcumin --[inhibitor]--> Cytochrome P450 2D6 --[substrate: metabolizes]--> Oxycodone"", ""chain_type"": ""PK_through_enzyme"", ""confidence"": ""high""}]"
DB00497,DB12095,The serum concentration of can be decreased when it is combined with,PK,BE0002638,Cytochrome P450 3A4,enzyme,substrate,inhibitor,inhibitor-substrate,Telotristat ethyl --[inhibitor]--> Cytochrome P450 3A4 --[substrate: metabolizes]--> Oxycodone,PK_through_enzyme,high,True,"[{""key_entity_id"": ""BE0002638"", ""key_entity_name"": ""Cytochrome P450 3A4"", ""key_entity_type"": ""enzyme"", ""action_drug_a"": ""substrate"", ""action_drug_b"": ""inducer"", ""match_pattern"": ""inducer-substrate"", ""mechanism_chain"": ""Telotristat ethyl --[inducer]--> Cytochrome P450 3A4 --[substrate: metabolizes]--> Oxycodone"", ""chain_type"": ""PK_through_enzyme"", ""confidence"": ""high""}, {""key_entity_id"": ""BE0002363"", ""key_entity_name"": ""Cytochrome P450 2D6"", ""key_entity_type"": ""enzyme"", ""action_drug_a"": ""substrate"", ""action_drug_b"": ""inhibitor"", ""match_pattern"": ""inhibitor-substrate"", ""mechanism_chain"": ""Telotristat ethyl --[inhibitor]--> Cytochrome P450 2D6 --[substrate: metabolizes]--> Oxycodone"", ""chain_type"": ""PK_through_enzyme"", ""confidence"": ""high""}]"
DB00539,DB01220,The serum concentration of can be increased when it is combined with,PK,BE0002638,Cytochrome P450 3A4,enzyme,substrate,inducer,inducer-substrate,Rifaximin --[inducer]--> Cytochrome P450 3A4 --[substrate: metabolizes]--> Toremifene,PK_through_enzyme,high,True,"[{""key_entity_id"": ""BE0002638"", ""key_entity_name"": ""Cytochrome P450 3A4"", ""key_entity_type"": ""enzyme"", ""action_drug_a"": ""inhibitor"", ""action_drug_b"": ""substrate"", ""match_pattern"": ""inhibitor-substrate"", ""mechanism_chain"": ""Toremifene --[inhibitor]--> Cytochrome P450 3A4 --[substrate: metabolizes]--> Rifaximin"", ""chain_type"": ""PK_through_enzyme"", ""confidence"": ""high""}]"
DB00539,DB01113,The risk or severity of QTc prolongation can be increased when is combined with,PD,,,,,,,,,,False,[]
DB00539,DB01115,The risk or severity of QTc prolongation can be increased when is combined with,PD,,,,,,,,,,False,[]
DB00539,DB01182,The risk or severity of QTc prolongation can be increased when is combined with,PD,,,,,,,,,,False,[]
DB00539,DB06712,The risk or severity of QTc prolongation can be increased when is combined with,PD,,,,,,,,,,False,[]
DB00539,DB12877,The risk or severity of QTc prolongation can be increased when is combined with,PD,,,,,,,,,,False,[]
DB00539,DB00871,The risk or severity of QTc prolongation can be increased when is combined with,PD,,,,,,,,,,False,[]
DB00539,DB00915,The risk or severity of QTc prolongation can be increased when is combined with,PD,,,,,,,,,,False,[]
DB00539,DB00938,The risk or severity of QTc prolongation can be increased when is combined with,PD,,,,,,,,,,False,[]
DB00539,DB01274,The risk or severity of QTc prolongation can be increased when is combined with,PD,,,,,,,,,,False,[]
DB00539,DB00679,The risk or severity of QTc prolongation can be increased when is combined with,PD,,,,,,,,,,False,[]
DB00539,DB01244,The risk or severity of QTc prolongation can be increased when is combined with,PD,,,,,,,,,,False,[]
DB00539,DB06708,The risk or severity of QTc prolongation can be increased when is combined with,PD,,,,,,,,,,False,[]
DB00539,DB13074,The risk or severity of QTc prolongation can be increased when is combined with,PD,,,,,,,,,,False,[]
DB00539,DB00957,The serum concentration of can be increased when it is combined with,PK,BE0002638,Cytochrome P450 3A4,enzyme,substrate,inducer,inducer-substrate,Norgestimate --[inducer]--> Cytochrome P450 3A4 --[substrate: metabolizes]--> Toremifene,PK_through_enzyme,high,True,"[{""key_entity_id"": ""BE0002638"", ""key_entity_name"": ""Cytochrome P450 3A4"", ""key_entity_type"": ""enzyme"", ""action_drug_a"": ""inhibitor"", ""action_drug_b"": ""substrate"", ""match_pattern"": ""inhibitor-substrate"", ""mechanism_chain"": ""Toremifene --[inhibitor]--> Cytochrome P450 3A4 --[substrate: metabolizes]--> Norgestimate"", ""chain_type"": ""PK_through_enzyme"", ""confidence"": ""high""}]"
DB00539,DB11791,The serum concentration of can be increased when it is combined with,PK,BE0002638,Cytochrome P450 3A4,enzyme,inhibitor,substrate,inhibitor-substrate,Toremifene --[inhibitor]--> Cytochrome P450 3A4 --[substrate: metabolizes]--> Capmatinib,PK_through_enzyme,high,True,[]
DB00539,DB09063,The serum concentration of can be increased when it is combined with,PK,BE0002638,Cytochrome P450 3A4,enzyme,substrate,inhibitor,inhibitor-substrate,Ceritinib --[inhibitor]--> Cytochrome P450 3A4 --[substrate: metabolizes]--> Toremifene,PK_through_enzyme,high,True,"[{""key_entity_id"": ""BE0002638"", ""key_entity_name"": ""Cytochrome P450 3A4"", ""key_entity_type"": ""enzyme"", ""action_drug_a"": ""inhibitor"", ""action_drug_b"": ""substrate"", ""match_pattern"": ""inhibitor-substrate"", ""mechanism_chain"": ""Toremifene --[inhibitor]--> Cytochrome P450 3A4 --[substrate: metabolizes]--> Ceritinib"", ""chain_type"": ""PK_through_enzyme"", ""confidence"": ""high""}, {""key_entity_id"": ""BE0002638"", ""key_entity_name"": ""Cytochrome P450 3A4"", ""key_entity_type"": ""enzyme"", ""action_drug_a"": ""inhibitor"", ""action_drug_b"": ""inhibitor"", ""match_pattern"": ""inhibitor-inhibitor"", ""mechanism_chain"": ""Toremifene --[inhibitor]--> Cytochrome P450 3A4 <--[inhibitor]-- Ceritinib"", ""chain_type"": ""PK_through_enzyme"", ""confidence"": ""high""}]"
DB00539,DB00570,The serum concentration of can be increased when it is combined with,PK,BE0002638,Cytochrome P450 3A4,enzyme,substrate,inhibitor,inhibitor-substrate,Vinblastine --[inhibitor]--> Cytochrome P450 3A4 --[substrate: metabolizes]--> Toremifene,PK_through_enzyme,high,True,"[{""key_entity_id"": ""BE0002638"", ""key_entity_name"": ""Cytochrome P450 3A4"", ""key_entity_type"": ""enzyme"", ""action_drug_a"": ""substrate"", ""action_drug_b"": ""inducer"", ""match_pattern"": ""inducer-substrate"", ""mechanism_chain"": ""Vinblastine --[inducer]--> Cytochrome P450 3A4 --[substrate: metabolizes]--> Toremifene"", ""chain_type"": ""PK_through_enzyme"", ""confidence"": ""high""}, {""key_entity_id"": ""BE0002638"", ""key_entity_name"": ""Cytochrome P450 3A4"", ""key_entity_type"": ""enzyme"", ""action_drug_a"": ""inhibitor"", ""action_drug_b"": ""substrate"", ""match_pattern"": ""inhibitor-substrate"", ""mechanism_chain"": ""Toremifene --[inhibitor]--> Cytochrome P450 3A4 --[substrate: metabolizes]--> Vinblastine"", ""chain_type"": ""PK_through_enzyme"", ""confidence"": ""high""}, {""key_entity_id"": ""BE0002638"", ""key_entity_name"": ""Cytochrome P450 3A4"", ""key_entity_type"": ""enzyme"", ""action_drug_a"": ""inhibitor"", ""action_drug_b"": ""inhibitor"", ""match_pattern"": ""inhibitor-inhibitor"", ""mechanism_chain"": ""Toremifene --[inhibitor]--> Cytochrome P450 3A4 <--[inhibitor]-- Vinblastine"", ""chain_type"": ""PK_through_enzyme"", ""confidence"": ""high""}]"
DB00539,DB05239,The serum concentration of can be increased when it is combined with,PK,BE0002638,Cytochrome P450 3A4,enzyme,substrate,inhibitor,inhibitor-substrate,Cobimetinib --[inhibitor]--> Cytochrome P450 3A4 --[substrate: metabolizes]--> Toremifene,PK_through_enzyme,high,True,"[{""key_entity_id"": ""BE0002638"", ""key_entity_name"": ""Cytochrome P450 3A4"", ""key_entity_type"": ""enzyme"", ""action_drug_a"": ""inhibitor"", ""action_drug_b"": ""substrate"", ""match_pattern"": ""inhibitor-substrate"", ""mechanism_chain"": ""Toremifene --[inhibitor]--> Cytochrome P450 3A4 --[substrate: metabolizes]--> Cobimetinib"", ""chain_type"": ""PK_through_enzyme"", ""confidence"": ""high""}, {""key_entity_id"": ""BE0002638"", ""key_entity_name"": ""Cytochrome P450 3A4"", ""key_entity_type"": ""enzyme"", ""action_drug_a"": ""inhibitor"", ""action_drug_b"": ""inhibitor"", ""match_pattern"": ""inhibitor-inhibitor"", ""mechanism_chain"": ""Toremifene --[inhibitor]--> Cytochrome P450 3A4 <--[inhibitor]-- Cobimetinib"", ""chain_type"": ""PK_through_enzyme"", ""confidence"": ""high""}]"
DB00539,DB00836,The excretion of can be decreased when combined with,PK,,,,,,,,,,False,[]
DB00539,DB01167,The metabolism of can be decreased when combined with,PK,BE0002638,Cytochrome P450 3A4,enzyme,substrate,inhibitor,inhibitor-substrate,Itraconazole --[inhibitor]--> Cytochrome P450 3A4 --[substrate: metabolizes]--> Toremifene,PK_through_enzyme,high,True,"[{""key_entity_id"": ""BE0002638"", ""key_entity_name"": ""Cytochrome P450 3A4"", ""key_entity_type"": ""enzyme"", ""action_drug_a"": ""inhibitor"", ""action_drug_b"": ""substrate"", ""match_pattern"": ""inhibitor-substrate"", ""mechanism_chain"": ""Toremifene --[inhibitor]--> Cytochrome P450 3A4 --[substrate: metabolizes]--> Itraconazole"", ""chain_type"": ""PK_through_enzyme"", ""confidence"": ""high""}, {""key_entity_id"": ""BE0002638"", ""key_entity_name"": ""Cytochrome P450 3A4"", ""key_entity_type"": ""enzyme"", ""action_drug_a"": ""inhibitor"", ""action_drug_b"": ""inhibitor"", ""match_pattern"": ""inhibitor-inhibitor"", ""mechanism_chain"": ""Toremifene --[inhibitor]--> Cytochrome P450 3A4 <--[inhibitor]-- Itraconazole"", ""chain_type"": ""PK_through_enzyme"", ""confidence"": ""high""}, {""key_entity_id"": ""BE0003543"", ""key_entity_name"": ""Cytochrome P450 1A1"", ""key_entity_type"": ""enzyme"", ""action_drug_a"": ""substrate"", ""action_drug_b"": ""inducer"", ""match_pattern"": ""inducer-substrate"", ""mechanism_chain"": ""Itraconazole --[inducer]--> Cytochrome P450 1A1 --[substrate: metabolizes]--> Toremifene"", ""chain_type"": ""PK_through_enzyme"", ""confidence"": ""high""}]"
DB00539,DB00564,The metabolism of can be increased when combined with,PK,BE0002638,Cytochrome P450 3A4,enzyme,substrate,inducer,inducer-substrate,Carbamazepine --[inducer]--> Cytochrome P450 3A4 --[substrate: metabolizes]--> Toremifene,PK_through_enzyme,high,True,"[{""key_entity_id"": ""BE0002638"", ""key_entity_name"": ""Cytochrome P450 3A4"", ""key_entity_type"": ""enzyme"", ""action_drug_a"": ""inhibitor"", ""action_drug_b"": ""substrate"", ""match_pattern"": ""inhibitor-substrate"", ""mechanism_chain"": ""Toremifene --[inhibitor]--> Cytochrome P450 3A4 --[substrate: metabolizes]--> Carbamazepine"", ""chain_type"": ""PK_through_enzyme"", ""confidence"": ""high""}]"
DB00539,DB01234,The metabolism of can be increased when combined with,PK,BE0002638,Cytochrome P450 3A4,enzyme,substrate,inhibitor,inhibitor-substrate,Dexamethasone --[inhibitor]--> Cytochrome P450 3A4 --[substrate: metabolizes]--> Toremifene,PK_through_enzyme,high,True,"[{""key_entity_id"": ""BE0002638"", ""key_entity_name"": ""Cytochrome P450 3A4"", ""key_entity_type"": ""enzyme"", ""action_drug_a"": ""substrate"", ""action_drug_b"": ""inducer"", ""match_pattern"": ""inducer-substrate"", ""mechanism_chain"": ""Dexamethasone --[inducer]--> Cytochrome P450 3A4 --[substrate: metabolizes]--> Toremifene"", ""chain_type"": ""PK_through_enzyme"", ""confidence"": ""high""}, {""key_entity_id"": ""BE0002638"", ""key_entity_name"": ""Cytochrome P450 3A4"", ""key_entity_type"": ""enzyme"", ""action_drug_a"": ""inhibitor"", ""action_drug_b"": ""substrate"", ""match_pattern"": ""inhibitor-substrate"", ""mechanism_chain"": ""Toremifene --[inhibitor]--> Cytochrome P450 3A4 --[substrate: metabolizes]--> Dexamethasone"", ""chain_type"": ""PK_through_enzyme"", ""confidence"": ""high""}, {""key_entity_id"": ""BE0002638"", ""key_entity_name"": ""Cytochrome P450 3A4"", ""key_entity_type"": ""enzyme"", ""action_drug_a"": ""inhibitor"", ""action_drug_b"": ""inhibitor"", ""match_pattern"": ""inhibitor-inhibitor"", ""mechanism_chain"": ""Toremifene --[inhibitor]--> Cytochrome P450 3A4 <--[inhibitor]-- Dexamethasone"", ""chain_type"": ""PK_through_enzyme"", ""confidence"": ""high""}, {""key_entity_id"": ""BE0003543"", ""key_entity_name"": ""Cytochrome P450 1A1"", ""key_entity_type"": ""enzyme"", ""action_drug_a"": ""substrate"", ""action_drug_b"": ""inhibitor"", ""match_pattern"": ""inhibitor-substrate"", ""mechanism_chain"": ""Dexamethasone --[inhibitor]--> Cytochrome P450 1A1 --[substrate: metabolizes]--> Toremifene"", ""chain_type"": ""PK_through_enzyme"", ""confidence"": ""high""}, {""key_entity_id"": ""BE0003543"", ""key_entity_name"": ""Cytochrome P450 1A1"", ""key_entity_type"": ""enzyme"", ""action_drug_a"": ""substrate"", ""action_drug_b"": ""inducer"", ""match_pattern"": ""inducer-substrate"", ""mechanism_chain"": ""Dexamethasone --[inducer]--> Cytochrome P450 1A1 --[substrate: metabolizes]--> Toremifene"", ""chain_type"": ""PK_through_enzyme"", ""confidence"": ""high""}]"
DB00539,DB11672,The metabolism of can be decreased when combined with,PK,BE0002638,Cytochrome P450 3A4,enzyme,substrate,inhibitor,inhibitor-substrate,Curcumin --[inhibitor]--> Cytochrome P450 3A4 --[substrate: metabolizes]--> Toremifene,PK_through_enzyme,high,True,"[{""key_entity_id"": ""BE0002638"", ""key_entity_name"": ""Cytochrome P450 3A4"", ""key_entity_type"": ""enzyme"", ""action_drug_a"": ""inhibitor"", ""action_drug_b"": ""inhibitor"", ""match_pattern"": ""inhibitor-inhibitor"", ""mechanism_chain"": ""Toremifene --[inhibitor]--> Cytochrome P450 3A4 <--[inhibitor]-- Curcumin"", ""chain_type"": ""PK_through_enzyme"", ""confidence"": ""high""}]"
DB00539,DB12095,The serum concentration of can be decreased when it is combined with,PK,BE0002638,Cytochrome P450 3A4,enzyme,substrate,inhibitor,inhibitor-substrate,Telotristat ethyl --[inhibitor]--> Cytochrome P450 3A4 --[substrate: metabolizes]--> Toremifene,PK_through_enzyme,high,True,"[{""key_entity_id"": ""BE0002638"", ""key_entity_name"": ""Cytochrome P450 3A4"", ""key_entity_type"": ""enzyme"", ""action_drug_a"": ""substrate"", ""action_drug_b"": ""inducer"", ""match_pattern"": ""inducer-substrate"", ""mechanism_chain"": ""Telotristat ethyl --[inducer]--> Cytochrome P450 3A4 --[substrate: metabolizes]--> Toremifene"", ""chain_type"": ""PK_through_enzyme"", ""confidence"": ""high""}, {""key_entity_id"": ""BE0002638"", ""key_entity_name"": ""Cytochrome P450 3A4"", ""key_entity_type"": ""enzyme"", ""action_drug_a"": ""inhibitor"", ""action_drug_b"": ""inhibitor"", ""match_pattern"": ""inhibitor-inhibitor"", ""mechanism_chain"": ""Toremifene --[inhibitor]--> Cytochrome P450 3A4 <--[inhibitor]-- Telotristat ethyl"", ""chain_type"": ""PK_through_enzyme"", ""confidence"": ""high""}]"
DB00539,DB15149,The serum concentration of can be increased when it is combined with,PK,BE0002638,Cytochrome P450 3A4,enzyme,inhibitor,substrate,inhibitor-substrate,Toremifene --[inhibitor]--> Cytochrome P450 3A4 --[substrate: metabolizes]--> Futibatinib,PK_through_enzyme,high,True,[]
DB00539,DB09009,The risk or severity of methemoglobinemia can be increased when is combined with,PD,,,,,,,,,,False,[]
DB00564,DB06813,The risk or severity of adverse effects can be increased when is combined with,PD,,,,,,,,,,False,[]
DB00564,DB09091,The risk or severity of adverse effects can be increased when is combined with,PD,,,,,,,,,,False,[]
DB00564,DB01101,The risk or severity of adverse effects can be increased when is combined with,PD,,,,,,,,,,False,[]
DB00564,DB08868,The serum concentration of can be decreased when it is combined with,PK,,,,,,,,,,False,[]
DB00564,DB01168,The risk or severity of adverse effects can be increased when is combined with,PD,,,,,,,,,,False,[]
DB00564,DB00957,The serum concentration of can be decreased when it is combined with,PK,BE0002793,Cytochrome P450 2C9,enzyme,inducer,substrate,inducer-substrate,Carbamazepine --[inducer]--> Cytochrome P450 2C9 --[substrate: metabolizes]--> Norgestimate,PK_through_enzyme,high,True,"[{""key_entity_id"": ""BE0002638"", ""key_entity_name"": ""Cytochrome P450 3A4"", ""key_entity_type"": ""enzyme"", ""action_drug_a"": ""substrate"", ""action_drug_b"": ""inducer"", ""match_pattern"": ""inducer-substrate"", ""mechanism_chain"": ""Norgestimate --[inducer]--> Cytochrome P450 3A4 --[substrate: metabolizes]--> Carbamazepine"", ""chain_type"": ""PK_through_enzyme"", ""confidence"": ""high""}, {""key_entity_id"": ""BE0002638"", ""key_entity_name"": ""Cytochrome P450 3A4"", ""key_entity_type"": ""enzyme"", ""action_drug_a"": ""inducer"", ""action_drug_b"": ""substrate"", ""match_pattern"": ""inducer-substrate"", ""mechanism_chain"": ""Carbamazepine --[inducer]--> Cytochrome P450 3A4 --[substrate: metabolizes]--> Norgestimate"", ""chain_type"": ""PK_through_enzyme"", ""confidence"": ""high""}, {""key_entity_id"": ""BE0003541"", ""key_entity_name"": ""UDP-glucuronosyltransferase 1A1"", ""key_entity_type"": ""enzyme"", ""action_drug_a"": ""inducer"", ""action_drug_b"": ""substrate"", ""match_pattern"": ""inducer-substrate"", ""mechanism_chain"": ""Carbamazepine --[inducer]--> UDP-glucuronosyltransferase 1A1 --[substrate: metabolizes]--> Norgestimate"", ""chain_type"": ""PK_through_enzyme"", ""confidence"": ""high""}, {""key_entity_id"": ""BE0003549"", ""key_entity_name"": ""Cytochrome P450 2B6"", ""key_entity_type"": ""enzyme"", ""action_drug_a"": ""inducer"", ""action_drug_b"": ""substrate"", ""match_pattern"": ""inducer-substrate"", ""mechanism_chain"": ""Carbamazepine --[inducer]--> Cytochrome P450 2B6 --[substrate: metabolizes]--> Norgestimate"", ""chain_type"": ""PK_through_enzyme"", ""confidence"": ""high""}]"
DB00564,DB00787,The metabolism of can be increased when combined with,PK,,,,,,,,,,False,[]
DB00564,DB01424,The metabolism of can be increased when combined with,PK,BE0002433,Cytochrome P450 1A2,enzyme,inhibitor,substrate,inhibitor-substrate,Carbamazepine --[inhibitor]--> Cytochrome P450 1A2 --[substrate: metabolizes]--> Aminophenazone,PK_through_enzyme,high,True,"[{""key_entity_id"": ""BE0002433"", ""key_entity_name"": ""Cytochrome P450 1A2"", ""key_entity_type"": ""enzyme"", ""action_drug_a"": ""inducer"", ""action_drug_b"": ""substrate"", ""match_pattern"": ""inducer-substrate"", ""mechanism_chain"": ""Carbamazepine --[inducer]--> Cytochrome P450 1A2 --[substrate: metabolizes]--> Aminophenazone"", ""chain_type"": ""PK_through_enzyme"", ""confidence"": ""high""}, {""key_entity_id"": ""BE0003536"", ""key_entity_name"": ""Cytochrome P450 2C19"", ""key_entity_type"": ""enzyme"", ""action_drug_a"": ""inhibitor"", ""action_drug_b"": ""substrate"", ""match_pattern"": ""inhibitor-substrate"", ""mechanism_chain"": ""Carbamazepine --[inhibitor]--> Cytochrome P450 2C19 --[substrate: metabolizes]--> Aminophenazone"", ""chain_type"": ""PK_through_enzyme"", ""confidence"": ""high""}, {""key_entity_id"": ""BE0003536"", ""key_entity_name"": ""Cytochrome P450 2C19"", ""key_entity_type"": ""enzyme"", ""action_drug_a"": ""inducer"", ""action_drug_b"": ""substrate"", ""match_pattern"": ""inducer-substrate"", ""mechanism_chain"": ""Carbamazepine --[inducer]--> Cytochrome P450 2C19 --[substrate: metabolizes]--> Aminophenazone"", ""chain_type"": ""PK_through_enzyme"", ""confidence"": ""high""}, {""key_entity_id"": ""BE0002887"", ""key_entity_name"": ""Cytochrome P450 2C8"", ""key_entity_type"": ""enzyme"", ""action_drug_a"": ""inducer"", ""action_drug_b"": ""substrate"", ""match_pattern"": ""inducer-substrate"", ""mechanism_chain"": ""Carbamazepine --[inducer]--> Cytochrome P450 2C8 --[substrate: metabolizes]--> Aminophenazone"", ""chain_type"": ""PK_through_enzyme"", ""confidence"": ""high""}, {""key_entity_id"": ""BE0002793"", ""key_entity_name"": ""Cytochrome P450 2C9"", ""key_entity_type"": ""enzyme"", ""action_drug_a"": ""inducer"", ""action_drug_b"": ""substrate"", ""match_pattern"": ""inducer-substrate"", ""mechanism_chain"": ""Carbamazepine --[inducer]--> Cytochrome P450 2C9 --[substrate: metabolizes]--> Aminophenazone"", ""chain_type"": ""PK_through_enzyme"", ""confidence"": ""high""}, {""key_entity_id"": ""BE0002638"", ""key_entity_name"": ""Cytochrome P450 3A4"", ""key_entity_type"": ""enzyme"", ""action_drug_a"": ""inducer"", ""action_drug_b"": ""substrate"", ""match_pattern"": ""inducer-substrate"", ""mechanism_chain"": ""Carbamazepine --[inducer]--> Cytochrome P450 3A4 --[substrate: metabolizes]--> Aminophenazone"", ""chain_type"": ""PK_through_enzyme"", ""confidence"": ""high""}]"
DB00564,DB01182,The metabolism of can be increased when combined with,PK,BE0002638,Cytochrome P450 3A4,enzyme,inducer,substrate,inducer-substrate,Carbamazepine --[inducer]--> Cytochrome P450 3A4 --[substrate: metabolizes]--> Propafenone,PK_through_enzyme,high,True,"[{""key_entity_id"": ""BE0002433"", ""key_entity_name"": ""Cytochrome P450 1A2"", ""key_entity_type"": ""enzyme"", ""action_drug_a"": ""inhibitor"", ""action_drug_b"": ""substrate"", ""match_pattern"": ""inhibitor-substrate"", ""mechanism_chain"": ""Carbamazepine --[inhibitor]--> Cytochrome P450 1A2 --[substrate: metabolizes]--> Propafenone"", ""chain_type"": ""PK_through_enzyme"", ""confidence"": ""high""}, {""key_entity_id"": ""BE0002433"", ""key_entity_name"": ""Cytochrome P450 1A2"", ""key_entity_type"": ""enzyme"", ""action_drug_a"": ""inhibitor"", ""action_drug_b"": ""inhibitor"", ""match_pattern"": ""inhibitor-inhibitor"", ""mechanism_chain"": ""Carbamazepine --[inhibitor]--> Cytochrome P450 1A2 <--[inhibitor]-- Propafenone"", ""chain_type"": ""PK_through_enzyme"", ""confidence"": ""high""}, {""key_entity_id"": ""BE0002433"", ""key_entity_name"": ""Cytochrome P450 1A2"", ""key_entity_type"": ""enzyme"", ""action_drug_a"": ""inducer"", ""action_drug_b"": ""substrate"", ""match_pattern"": ""inducer-substrate"", ""mechanism_chain"": ""Carbamazepine --[inducer]--> Cytochrome P450 1A2 --[substrate: metabolizes]--> Propafenone"", ""chain_type"": ""PK_through_enzyme"", ""confidence"": ""high""}]"
DB00564,DB01616,The risk or severity of CNS depression can be increased when is combined with,PD,,,,,,,,,,False,[]
DB00564,DB06701,The risk or severity of CNS depression can be increased when is combined with,PD,,,,,,,,,,False,[]
DB00564,DB06797,The risk or severity of CNS depression can be increased when is combined with,PD,,,,,,,,,,False,[]
DB00564,DB11609,The risk or severity of CNS depression can be increased when is combined with,PD,,,,,,,,,,False,[]
DB00564,DB13213,The risk or severity of CNS depression can be increased when is combined with,PD,,,,,,,,,,False,[]
DB00564,DB09009,The risk or severity of methemoglobinemia can be increased when is combined with,PD,BE0009738,Voltage-gated sodium channel alpha subunit,target,inhibitor,inhibitor,inhibitor-inhibitor,Carbamazepine --[inhibitor]--> Voltage-gated sodium channel alpha subunit <--[inhibitor]-- Articaine,PD_convergent_target,high,True,[]
DB00564,DB00679,The risk or severity of CNS depression can be increased when is combined with,PD,,,,,,,,,,False,[]
DB00564,DB01009,may decrease the excretion rate of which could result in a higher serum level,PK,,,,,,,,,,False,[]
DB00564,DB01112,may decrease the excretion rate of which could result in a higher serum level,PK,,,,,,,,,,False,[]
DB00564,DB06736,may decrease the excretion rate of which could result in a higher serum level,PK,,,,,,,,,,False,[]
DB00564,DB08976,may decrease the excretion rate of which could result in a higher serum level,PK,,,,,,,,,,False,[]
DB00564,DB08981,may decrease the excretion rate of which could result in a higher serum level,PK,,,,,,,,,,False,[]
DB00564,DB00871,may decrease the excretion rate of which could result in a higher serum level,PK,,,,,,,,,,False,[]
DB00564,DB00915,may decrease the excretion rate of which could result in a higher serum level,PK,,,,,,,,,,False,[]
DB00564,DB01046,may decrease the excretion rate of which could result in a higher serum level,PK,,,,,,,,,,False,[]
DB00564,DB01274,may decrease the excretion rate of which could result in a higher serum level,PK,,,,,,,,,,False,[]
DB00564,DB01428,may decrease the excretion rate of which could result in a higher serum level,PK,,,,,,,,,,False,[]
DB00564,DB06782,may decrease the excretion rate of which could result in a higher serum level,PK,,,,,,,,,,False,[]
DB00564,DB11102,may decrease the excretion rate of which could result in a higher serum level,PK,,,,,,,,,,False,[]
DB00564,DB01067,may decrease the excretion rate of which could result in a higher serum level,PK,,,,,,,,,,False,[]
DB00564,DB09401,may increase the excretion rate of which could result in a lower serum level and potentially a reduction in efficacy,PK,,,,,,,,,,False,[]
DB00564,DB00570,The metabolism of can be increased when combined with,PK,BE0002638,Cytochrome P450 3A4,enzyme,substrate,inhibitor,inhibitor-substrate,Vinblastine --[inhibitor]--> Cytochrome P450 3A4 --[substrate: metabolizes]--> Carbamazepine,PK_through_enzyme,high,True,"[{""key_entity_id"": ""BE0002638"", ""key_entity_name"": ""Cytochrome P450 3A4"", ""key_entity_type"": ""enzyme"", ""action_drug_a"": ""substrate"", ""action_drug_b"": ""inducer"", ""match_pattern"": ""inducer-substrate"", ""mechanism_chain"": ""Vinblastine --[inducer]--> Cytochrome P450 3A4 --[substrate: metabolizes]--> Carbamazepine"", ""chain_type"": ""PK_through_enzyme"", ""confidence"": ""high""}, {""key_entity_id"": ""BE0002638"", ""key_entity_name"": ""Cytochrome P450 3A4"", ""key_entity_type"": ""enzyme"", ""action_drug_a"": ""inducer"", ""action_drug_b"": ""substrate"", ""match_pattern"": ""inducer-substrate"", ""mechanism_chain"": ""Carbamazepine --[inducer]--> Cytochrome P450 3A4 --[substrate: metabolizes]--> Vinblastine"", ""chain_type"": ""PK_through_enzyme"", ""confidence"": ""high""}]"
DB00564,DB00741,The metabolism of can be increased when combined with,PK,BE0002362,Cytochrome P450 3A5,enzyme,inducer,substrate,inducer-substrate,Carbamazepine --[inducer]--> Cytochrome P450 3A5 --[substrate: metabolizes]--> Hydrocortisone,PK_through_enzyme,high,True,"[{""key_entity_id"": ""BE0003549"", ""key_entity_name"": ""Cytochrome P450 2B6"", ""key_entity_type"": ""enzyme"", ""action_drug_a"": ""substrate"", ""action_drug_b"": ""inducer"", ""match_pattern"": ""inducer-substrate"", ""mechanism_chain"": ""Hydrocortisone --[inducer]--> Cytochrome P450 2B6 --[substrate: metabolizes]--> Carbamazepine"", ""chain_type"": ""PK_through_enzyme"", ""confidence"": ""high""}, {""key_entity_id"": ""BE0002887"", ""key_entity_name"": ""Cytochrome P450 2C8"", ""key_entity_type"": ""enzyme"", ""action_drug_a"": ""substrate"", ""action_drug_b"": ""inducer"", ""match_pattern"": ""inducer-substrate"", ""mechanism_chain"": ""Hydrocortisone --[inducer]--> Cytochrome P450 2C8 --[substrate: metabolizes]--> Carbamazepine"", ""chain_type"": ""PK_through_enzyme"", ""confidence"": ""high""}, {""key_entity_id"": ""BE0002638"", ""key_entity_name"": ""Cytochrome P450 3A4"", ""key_entity_type"": ""enzyme"", ""action_drug_a"": ""substrate"", ""action_drug_b"": ""inducer"", ""match_pattern"": ""inducer-substrate"", ""mechanism_chain"": ""Hydrocortisone --[inducer]--> Cytochrome P450 3A4 --[substrate: metabolizes]--> Carbamazepine"", ""chain_type"": ""PK_through_enzyme"", ""confidence"": ""high""}, {""key_entity_id"": ""BE0002638"", ""key_entity_name"": ""Cytochrome P450 3A4"", ""key_entity_type"": ""enzyme"", ""action_drug_a"": ""inducer"", ""action_drug_b"": ""substrate"", ""match_pattern"": ""inducer-substrate"", ""mechanism_chain"": ""Carbamazepine --[inducer]--> Cytochrome P450 3A4 --[substrate: metabolizes]--> Hydrocortisone"", ""chain_type"": ""PK_through_enzyme"", ""confidence"": ""high""}]"
DB00564,DB00857,The metabolism of can be increased when combined with,PK,BE0002433,Cytochrome P450 1A2,enzyme,inhibitor,substrate,inhibitor-substrate,Carbamazepine --[inhibitor]--> Cytochrome P450 1A2 --[substrate: metabolizes]--> Terbinafine,PK_through_enzyme,high,True,"[{""key_entity_id"": ""BE0002433"", ""key_entity_name"": ""Cytochrome P450 1A2"", ""key_entity_type"": ""enzyme"", ""action_drug_a"": ""inducer"", ""action_drug_b"": ""substrate"", ""match_pattern"": ""inducer-substrate"", ""mechanism_chain"": ""Carbamazepine --[inducer]--> Cytochrome P450 1A2 --[substrate: metabolizes]--> Terbinafine"", ""chain_type"": ""PK_through_enzyme"", ""confidence"": ""high""}, {""key_entity_id"": ""BE0003536"", ""key_entity_name"": ""Cytochrome P450 2C19"", ""key_entity_type"": ""enzyme"", ""action_drug_a"": ""inhibitor"", ""action_drug_b"": ""substrate"", ""match_pattern"": ""inhibitor-substrate"", ""mechanism_chain"": ""Carbamazepine --[inhibitor]--> Cytochrome P450 2C19 --[substrate: metabolizes]--> Terbinafine"", ""chain_type"": ""PK_through_enzyme"", ""confidence"": ""high""}, {""key_entity_id"": ""BE0003536"", ""key_entity_name"": ""Cytochrome P450 2C19"", ""key_entity_type"": ""enzyme"", ""action_drug_a"": ""inducer"", ""action_drug_b"": ""substrate"", ""match_pattern"": ""inducer-substrate"", ""mechanism_chain"": ""Carbamazepine --[inducer]--> Cytochrome P450 2C19 --[substrate: metabolizes]--> Terbinafine"", ""chain_type"": ""PK_through_enzyme"", ""confidence"": ""high""}, {""key_entity_id"": ""BE0002887"", ""key_entity_name"": ""Cytochrome P450 2C8"", ""key_entity_type"": ""enzyme"", ""action_drug_a"": ""inducer"", ""action_drug_b"": ""substrate"", ""match_pattern"": ""inducer-substrate"", ""mechanism_chain"": ""Carbamazepine --[inducer]--> Cytochrome P450 2C8 --[substrate: metabolizes]--> Terbinafine"", ""chain_type"": ""PK_through_enzyme"", ""confidence"": ""high""}, {""key_entity_id"": ""BE0002793"", ""key_entity_name"": ""Cytochrome P450 2C9"", ""key_entity_type"": ""enzyme"", ""action_drug_a"": ""inducer"", ""action_drug_b"": ""substrate"", ""match_pattern"": ""inducer-substrate"", ""mechanism_chain"": ""Carbamazepine --[inducer]--> Cytochrome P450 2C9 --[substrate: metabolizes]--> Terbinafine"", ""chain_type"": ""PK_through_enzyme"", ""confidence"": ""high""}, {""key_entity_id"": ""BE0002638"", ""key_entity_name"": ""Cytochrome P450 3A4"", ""key_entity_type"": ""enzyme"", ""action_drug_a"": ""substrate"", ""action_drug_b"": ""inducer"", ""match_pattern"": ""inducer-substrate"", ""mechanism_chain"": ""Terbinafine --[inducer]--> Cytochrome P450 3A4 --[substrate: metabolizes]--> Carbamazepine"", ""chain_type"": ""PK_through_enzyme"", ""confidence"": ""high""}, {""key_entity_id"": ""BE0002638"", ""key_entity_name"": ""Cytochrome P450 3A4"", ""key_entity_type"": ""enzyme"", ""action_drug_a"": ""inducer"", ""action_drug_b"": ""substrate"", ""match_pattern"": ""inducer-substrate"", ""mechanism_chain"": ""Carbamazepine --[inducer]--> Cytochrome P450 3A4 --[substrate: metabolizes]--> Terbinafine"", ""chain_type"": ""PK_through_enzyme"", ""confidence"": ""high""}]"
DB00564,DB13952,The metabolism of can be increased when combined with,PK,BE0002362,Cytochrome P450 3A5,enzyme,inducer,substrate,inducer-substrate,Carbamazepine --[inducer]--> Cytochrome P450 3A5 --[substrate: metabolizes]--> Estradiol acetate,PK_through_enzyme,high,True,"[{""key_entity_id"": ""BE0003541"", ""key_entity_name"": ""UDP-glucuronosyltransferase 1A1"", ""key_entity_type"": ""enzyme"", ""action_drug_a"": ""inducer"", ""action_drug_b"": ""substrate"", ""match_pattern"": ""inducer-substrate"", ""mechanism_chain"": ""Carbamazepine --[inducer]--> UDP-glucuronosyltransferase 1A1 --[substrate: metabolizes]--> Estradiol acetate"", ""chain_type"": ""PK_through_enzyme"", ""confidence"": ""high""}, {""key_entity_id"": ""BE0002433"", ""key_entity_name"": ""Cytochrome P450 1A2"", ""key_entity_type"": ""enzyme"", ""action_drug_a"": ""inhibitor"", ""action_drug_b"": ""substrate"", ""match_pattern"": ""inhibitor-substrate"", ""mechanism_chain"": ""Carbamazepine --[inhibitor]--> Cytochrome P450 1A2 --[substrate: metabolizes]--> Estradiol acetate"", ""chain_type"": ""PK_through_enzyme"", ""confidence"": ""high""}, {""key_entity_id"": ""BE0002433"", ""key_entity_name"": ""Cytochrome P450 1A2"", ""key_entity_type"": ""enzyme"", ""action_drug_a"": ""inhibitor"", ""action_drug_b"": ""inhibitor"", ""match_pattern"": ""inhibitor-inhibitor"", ""mechanism_chain"": ""Carbamazepine --[inhibitor]--> Cytochrome P450 1A2 <--[inhibitor]-- Estradiol acetate"", ""chain_type"": ""PK_through_enzyme"", ""confidence"": ""high""}, {""key_entity_id"": ""BE0002433"", ""key_entity_name"": ""Cytochrome P450 1A2"", ""key_entity_type"": ""enzyme"", ""action_drug_a"": ""inducer"", ""action_drug_b"": ""substrate"", ""match_pattern"": ""inducer-substrate"", ""mechanism_chain"": ""Carbamazepine --[inducer]--> Cytochrome P450 1A2 --[substrate: metabolizes]--> Estradiol acetate"", ""chain_type"": ""PK_through_enzyme"", ""confidence"": ""high""}, {""key_entity_id"": ""BE0003536"", ""key_entity_name"": ""Cytochrome P450 2C19"", ""key_entity_type"": ""enzyme"", ""action_drug_a"": ""inhibitor"", ""action_drug_b"": ""substrate"", ""match_pattern"": ""inhibitor-substrate"", ""mechanism_chain"": ""Carbamazepine --[inhibitor]--> Cytochrome P450 2C19 --[substrate: metabolizes]--> Estradiol acetate"", ""chain_type"": ""PK_through_enzyme"", ""confidence"": ""high""}, {""key_entity_id"": ""BE0003536"", ""key_entity_name"": ""Cytochrome P450 2C19"", ""key_entity_type"": ""enzyme"", ""action_drug_a"": ""inducer"", ""action_drug_b"": ""substrate"", ""match_pattern"": ""inducer-substrate"", ""mechanism_chain"": ""Carbamazepine --[inducer]--> Cytochrome P450 2C19 --[substrate: metabolizes]--> Estradiol acetate"", ""chain_type"": ""PK_through_enzyme"", ""confidence"": ""high""}, {""key_entity_id"": ""BE0002887"", ""key_entity_name"": ""Cytochrome P450 2C8"", ""key_entity_type"": ""enzyme"", ""action_drug_a"": ""inducer"", ""action_drug_b"": ""substrate"", ""match_pattern"": ""inducer-substrate"", ""mechanism_chain"": ""Carbamazepine --[inducer]--> Cytochrome P450 2C8 --[substrate: metabolizes]--> Estradiol acetate"", ""chain_type"": ""PK_through_enzyme"", ""confidence"": ""high""}, {""key_entity_id"": ""BE0002793"", ""key_entity_name"": ""Cytochrome P450 2C9"", ""key_entity_type"": ""enzyme"", ""action_drug_a"": ""inducer"", ""action_drug_b"": ""substrate"", ""match_pattern"": ""inducer-substrate"", ""mechanism_chain"": ""Carbamazepine --[inducer]--> Cytochrome P450 2C9 --[substrate: metabolizes]--> Estradiol acetate"", ""chain_type"": ""PK_through_enzyme"", ""confidence"": ""high""}, {""key_entity_id"": ""BE0002638"", ""key_entity_name"": ""Cytochrome P450 3A4"", ""key_entity_type"": ""enzyme"", ""action_drug_a"": ""substrate"", ""action_drug_b"": ""inducer"", ""match_pattern"": ""inducer-substrate"", ""mechanism_chain"": ""Estradiol acetate --[inducer]--> Cytochrome P450 3A4 --[substrate: metabolizes]--> Carbamazepine"", ""chain_type"": ""PK_through_enzyme"", ""confidence"": ""high""}, {""key_entity_id"": ""BE0002638"", ""key_entity_name"": ""Cytochrome P450 3A4"", ""key_entity_type"": ""enzyme"", ""action_drug_a"": ""inducer"", ""action_drug_b"": ""substrate"", ""match_pattern"": ""inducer-substrate"", ""mechanism_chain"": ""Carbamazepine --[inducer]--> Cytochrome P450 3A4 --[substrate: metabolizes]--> Estradiol acetate"", ""chain_type"": ""PK_through_enzyme"", ""confidence"": ""high""}]"
DB00564,DB14539,The metabolism of can be increased when combined with,PK,BE0002887,Cytochrome P450 2C8,enzyme,substrate,inducer,inducer-substrate,Hydrocortisone acetate --[inducer]--> Cytochrome P450 2C8 --[substrate: metabolizes]--> Carbamazepine,PK_through_enzyme,high,True,"[{""key_entity_id"": ""BE0002362"", ""key_entity_name"": ""Cytochrome P450 3A5"", ""key_entity_type"": ""enzyme"", ""action_drug_a"": ""inducer"", ""action_drug_b"": ""substrate"", ""match_pattern"": ""inducer-substrate"", ""mechanism_chain"": ""Carbamazepine --[inducer]--> Cytochrome P450 3A5 --[substrate: metabolizes]--> Hydrocortisone acetate"", ""chain_type"": ""PK_through_enzyme"", ""confidence"": ""high""}, {""key_entity_id"": ""BE0002638"", ""key_entity_name"": ""Cytochrome P450 3A4"", ""key_entity_type"": ""enzyme"", ""action_drug_a"": ""substrate"", ""action_drug_b"": ""inducer"", ""match_pattern"": ""inducer-substrate"", ""mechanism_chain"": ""Hydrocortisone acetate --[inducer]--> Cytochrome P450 3A4 --[substrate: metabolizes]--> Carbamazepine"", ""chain_type"": ""PK_through_enzyme"", ""confidence"": ""high""}, {""key_entity_id"": ""BE0002638"", ""key_entity_name"": ""Cytochrome P450 3A4"", ""key_entity_type"": ""enzyme"", ""action_drug_a"": ""inducer"", ""action_drug_b"": ""substrate"", ""match_pattern"": ""inducer-substrate"", ""mechanism_chain"": ""Carbamazepine --[inducer]--> Cytochrome P450 3A4 --[substrate: metabolizes]--> Hydrocortisone acetate"", ""chain_type"": ""PK_through_enzyme"", ""confidence"": ""high""}]"
DB00564,DB01115,The metabolism of can be decreased when combined with,PK,BE0002362,Cytochrome P450 3A5,enzyme,inducer,substrate,inducer-substrate,Carbamazepine --[inducer]--> Cytochrome P450 3A5 --[substrate: metabolizes]--> Nifedipine,PK_through_enzyme,high,True,"[{""key_entity_id"": ""BE0002433"", ""key_entity_name"": ""Cytochrome P450 1A2"", ""key_entity_type"": ""enzyme"", ""action_drug_a"": ""inhibitor"", ""action_drug_b"": ""substrate"", ""match_pattern"": ""inhibitor-substrate"", ""mechanism_chain"": ""Carbamazepine --[inhibitor]--> Cytochrome P450 1A2 --[substrate: metabolizes]--> Nifedipine"", ""chain_type"": ""PK_through_enzyme"", ""confidence"": ""high""}, {""key_entity_id"": ""BE0002433"", ""key_entity_name"": ""Cytochrome P450 1A2"", ""key_entity_type"": ""enzyme"", ""action_drug_a"": ""inhibitor"", ""action_drug_b"": ""inhibitor"", ""match_pattern"": ""inhibitor-inhibitor"", ""mechanism_chain"": ""Carbamazepine --[inhibitor]--> Cytochrome P450 1A2 <--[inhibitor]-- Nifedipine"", ""chain_type"": ""PK_through_enzyme"", ""confidence"": ""high""}, {""key_entity_id"": ""BE0002433"", ""key_entity_name"": ""Cytochrome P450 1A2"", ""key_entity_type"": ""enzyme"", ""action_drug_a"": ""inducer"", ""action_drug_b"": ""substrate"", ""match_pattern"": ""inducer-substrate"", ""mechanism_chain"": ""Carbamazepine --[inducer]--> Cytochrome P450 1A2 --[substrate: metabolizes]--> Nifedipine"", ""chain_type"": ""PK_through_enzyme"", ""confidence"": ""high""}, {""key_entity_id"": ""BE0003549"", ""key_entity_name"": ""Cytochrome P450 2B6"", ""key_entity_type"": ""enzyme"", ""action_drug_a"": ""substrate"", ""action_drug_b"": ""inducer"", ""match_pattern"": ""inducer-substrate"", ""mechanism_chain"": ""Nifedipine --[inducer]--> Cytochrome P450 2B6 --[substrate: metabolizes]--> Carbamazepine"", ""chain_type"": ""PK_through_enzyme"", ""confidence"": ""high""}, {""key_entity_id"": ""BE0002887"", ""key_entity_name"": ""Cytochrome P450 2C8"", ""key_entity_type"": ""enzyme"", ""action_drug_a"": ""substrate"", ""action_drug_b"": ""inhibitor"", ""match_pattern"": ""inhibitor-substrate"", ""mechanism_chain"": ""Nifedipine --[inhibitor]--> Cytochrome P450 2C8 --[substrate: metabolizes]--> Carbamazepine"", ""chain_type"": ""PK_through_enzyme"", ""confidence"": ""high""}, {""key_entity_id"": ""BE0002638"", ""key_entity_name"": ""Cytochrome P450 3A4"", ""key_entity_type"": ""enzyme"", ""action_drug_a"": ""substrate"", ""action_drug_b"": ""inhibitor"", ""match_pattern"": ""inhibitor-substrate"", ""mechanism_chain"": ""Nifedipine --[inhibitor]--> Cytochrome P450 3A4 --[substrate: metabolizes]--> Carbamazepine"", ""chain_type"": ""PK_through_enzyme"", ""confidence"": ""high""}, {""key_entity_id"": ""BE0002638"", ""key_entity_name"": ""Cytochrome P450 3A4"", ""key_entity_type"": ""enzyme"", ""action_drug_a"": ""substrate"", ""action_drug_b"": ""inducer"", ""match_pattern"": ""inducer-substrate"", ""mechanism_chain"": ""Nifedipine --[inducer]--> Cytochrome P450 3A4 --[substrate: metabolizes]--> Carbamazepine"", ""chain_type"": ""PK_through_enzyme"", ""confidence"": ""high""}, {""key_entity_id"": ""BE0002638"", ""key_entity_name"": ""Cytochrome P450 3A4"", ""key_entity_type"": ""enzyme"", ""action_drug_a"": ""inducer"", ""action_drug_b"": ""substrate"", ""match_pattern"": ""inducer-substrate"", ""mechanism_chain"": ""Carbamazepine --[inducer]--> Cytochrome P450 3A4 --[substrate: metabolizes]--> Nifedipine"", ""chain_type"": ""PK_through_enzyme"", ""confidence"": ""high""}]"
DB00564,DB06712,The metabolism of can be decreased when combined with,PK,BE0002887,Cytochrome P450 2C8,enzyme,substrate,inhibitor,inhibitor-substrate,Nilvadipine --[inhibitor]--> Cytochrome P450 2C8 --[substrate: metabolizes]--> Carbamazepine,PK_through_enzyme,high,True,"[{""key_entity_id"": ""BE0002638"", ""key_entity_name"": ""Cytochrome P450 3A4"", ""key_entity_type"": ""enzyme"", ""action_drug_a"": ""substrate"", ""action_drug_b"": ""inhibitor"", ""match_pattern"": ""inhibitor-substrate"", ""mechanism_chain"": ""Nilvadipine --[inhibitor]--> Cytochrome P450 3A4 --[substrate: metabolizes]--> Carbamazepine"", ""chain_type"": ""PK_through_enzyme"", ""confidence"": ""high""}, {""key_entity_id"": ""BE0002638"", ""key_entity_name"": ""Cytochrome P450 3A4"", ""key_entity_type"": ""enzyme"", ""action_drug_a"": ""inducer"", ""action_drug_b"": ""substrate"", ""match_pattern"": ""inducer-substrate"", ""mechanism_chain"": ""Carbamazepine --[inducer]--> Cytochrome P450 3A4 --[substrate: metabolizes]--> Nilvadipine"", ""chain_type"": ""PK_through_enzyme"", ""confidence"": ""high""}, {""key_entity_id"": ""BE0003536"", ""key_entity_name"": ""Cytochrome P450 2C19"", ""key_entity_type"": ""enzyme"", ""action_drug_a"": ""inhibitor"", ""action_drug_b"": ""inhibitor"", ""match_pattern"": ""inhibitor-inhibitor"", ""mechanism_chain"": ""Carbamazepine --[inhibitor]--> Cytochrome P450 2C19 <--[inhibitor]-- Nilvadipine"", ""chain_type"": ""PK_through_enzyme"", ""confidence"": ""high""}]"
DB00564,DB06791,The metabolism of can be decreased when combined with,PK,BE0002638,Cytochrome P450 3A4,enzyme,substrate,inhibitor,inhibitor-substrate,Lanreotide --[inhibitor]--> Cytochrome P450 3A4 --[substrate: metabolizes]--> Carbamazepine,PK_through_enzyme,high,True,[]
DB00564,DB09063,The metabolism of can be increased when combined with,PK,BE0002638,Cytochrome P450 3A4,enzyme,substrate,inhibitor,inhibitor-substrate,Ceritinib --[inhibitor]--> Cytochrome P450 3A4 --[substrate: metabolizes]--> Carbamazepine,PK_through_enzyme,high,True,"[{""key_entity_id"": ""BE0002638"", ""key_entity_name"": ""Cytochrome P450 3A4"", ""key_entity_type"": ""enzyme"", ""action_drug_a"": ""inducer"", ""action_drug_b"": ""substrate"", ""match_pattern"": ""inducer-substrate"", ""mechanism_chain"": ""Carbamazepine --[inducer]--> Cytochrome P450 3A4 --[substrate: metabolizes]--> Ceritinib"", ""chain_type"": ""PK_through_enzyme"", ""confidence"": ""high""}]"
DB00564,DB00647,The serum concentration of can be increased when it is combined with,PK,BE0002638,Cytochrome P450 3A4,enzyme,substrate,inhibitor,inhibitor-substrate,Dextropropoxyphene --[inhibitor]--> Cytochrome P450 3A4 --[substrate: metabolizes]--> Carbamazepine,PK_through_enzyme,high,True,"[{""key_entity_id"": ""BE0002638"", ""key_entity_name"": ""Cytochrome P450 3A4"", ""key_entity_type"": ""enzyme"", ""action_drug_a"": ""inducer"", ""action_drug_b"": ""substrate"", ""match_pattern"": ""inducer-substrate"", ""mechanism_chain"": ""Carbamazepine --[inducer]--> Cytochrome P450 3A4 --[substrate: metabolizes]--> Dextropropoxyphene"", ""chain_type"": ""PK_through_enzyme"", ""confidence"": ""high""}]"
DB00564,DB11703,The metabolism of can be increased when combined with,PK,BE0002638,Cytochrome P450 3A4,enzyme,substrate,inhibitor,inhibitor-substrate,Acalabrutinib --[inhibitor]--> Cytochrome P450 3A4 --[substrate: metabolizes]--> Carbamazepine,PK_through_enzyme,high,True,"[{""key_entity_id"": ""BE0002638"", ""key_entity_name"": ""Cytochrome P450 3A4"", ""key_entity_type"": ""enzyme"", ""action_drug_a"": ""inducer"", ""action_drug_b"": ""substrate"", ""match_pattern"": ""inducer-substrate"", ""mechanism_chain"": ""Carbamazepine --[inducer]--> Cytochrome P450 3A4 --[substrate: metabolizes]--> Acalabrutinib"", ""chain_type"": ""PK_through_enzyme"", ""confidence"": ""high""}, {""key_entity_id"": ""BE0002362"", ""key_entity_name"": ""Cytochrome P450 3A5"", ""key_entity_type"": ""enzyme"", ""action_drug_a"": ""substrate"", ""action_drug_b"": ""inhibitor"", ""match_pattern"": ""inhibitor-substrate"", ""mechanism_chain"": ""Acalabrutinib --[inhibitor]--> Cytochrome P450 3A5 --[substrate: metabolizes]--> Carbamazepine"", ""chain_type"": ""PK_through_enzyme"", ""confidence"": ""high""}]"
DB00564,DB00938,The metabolism of can be decreased when combined with,PK,BE0002887,Cytochrome P450 2C8,enzyme,substrate,inhibitor,inhibitor-substrate,Salmeterol --[inhibitor]--> Cytochrome P450 2C8 --[substrate: metabolizes]--> Carbamazepine,PK_through_enzyme,high,True,"[{""key_entity_id"": ""BE0002638"", ""key_entity_name"": ""Cytochrome P450 3A4"", ""key_entity_type"": ""enzyme"", ""action_drug_a"": ""inducer"", ""action_drug_b"": ""substrate"", ""match_pattern"": ""inducer-substrate"", ""mechanism_chain"": ""Carbamazepine --[inducer]--> Cytochrome P450 3A4 --[substrate: metabolizes]--> Salmeterol"", ""chain_type"": ""PK_through_enzyme"", ""confidence"": ""high""}, {""key_entity_id"": ""BE0002362"", ""key_entity_name"": ""Cytochrome P450 3A5"", ""key_entity_type"": ""enzyme"", ""action_drug_a"": ""inducer"", ""action_drug_b"": ""substrate"", ""match_pattern"": ""inducer-substrate"", ""mechanism_chain"": ""Carbamazepine --[inducer]--> Cytochrome P450 3A5 --[substrate: metabolizes]--> Salmeterol"", ""chain_type"": ""PK_through_enzyme"", ""confidence"": ""high""}]"
DB00564,DB06228,The serum concentration of can be decreased when it is combined with,PK,BE0002638,Cytochrome P450 3A4,enzyme,inducer,substrate,inducer-substrate,Carbamazepine --[inducer]--> Cytochrome P450 3A4 --[substrate: metabolizes]--> Rivaroxaban,PK_through_enzyme,high,True,"[{""key_entity_id"": ""BE0002362"", ""key_entity_name"": ""Cytochrome P450 3A5"", ""key_entity_type"": ""enzyme"", ""action_drug_a"": ""inducer"", ""action_drug_b"": ""substrate"", ""match_pattern"": ""inducer-substrate"", ""mechanism_chain"": ""Carbamazepine --[inducer]--> Cytochrome P450 3A5 --[substrate: metabolizes]--> Rivaroxaban"", ""chain_type"": ""PK_through_enzyme"", ""confidence"": ""high""}]"
DB00564,DB13946,may decrease the excretion rate of which could result in a higher serum level,PK,,,,,,,,,,False,[]
DB00564,DB00575,The risk or severity of sedation can be increased when is combined with,PD,,,,,,,,,,False,[]
DB00564,DB11791,The serum concentration of can be decreased when it is combined with,PK,BE0002638,Cytochrome P450 3A4,enzyme,inducer,substrate,inducer-substrate,Carbamazepine --[inducer]--> Cytochrome P450 3A4 --[substrate: metabolizes]--> Capmatinib,PK_through_enzyme,high,True,"[{""key_entity_id"": ""BE0002433"", ""key_entity_name"": ""Cytochrome P450 1A2"", ""key_entity_type"": ""enzyme"", ""action_drug_a"": ""inhibitor"", ""action_drug_b"": ""inhibitor"", ""match_pattern"": ""inhibitor-inhibitor"", ""mechanism_chain"": ""Carbamazepine --[inhibitor]--> Cytochrome P450 1A2 <--[inhibitor]-- Capmatinib"", ""chain_type"": ""PK_through_enzyme"", ""confidence"": ""high""}]"
DB00564,DB00836,The metabolism of can be increased when combined with,PK,BE0002887,Cytochrome P450 2C8,enzyme,inducer,substrate,inducer-substrate,Carbamazepine --[inducer]--> Cytochrome P450 2C8 --[substrate: metabolizes]--> Loperamide,PK_through_enzyme,high,True,"[{""key_entity_id"": ""BE0002638"", ""key_entity_name"": ""Cytochrome P450 3A4"", ""key_entity_type"": ""enzyme"", ""action_drug_a"": ""substrate"", ""action_drug_b"": ""inhibitor"", ""match_pattern"": ""inhibitor-substrate"", ""mechanism_chain"": ""Loperamide --[inhibitor]--> Cytochrome P450 3A4 --[substrate: metabolizes]--> Carbamazepine"", ""chain_type"": ""PK_through_enzyme"", ""confidence"": ""high""}, {""key_entity_id"": ""BE0002638"", ""key_entity_name"": ""Cytochrome P450 3A4"", ""key_entity_type"": ""enzyme"", ""action_drug_a"": ""inducer"", ""action_drug_b"": ""substrate"", ""match_pattern"": ""inducer-substrate"", ""mechanism_chain"": ""Carbamazepine --[inducer]--> Cytochrome P450 3A4 --[substrate: metabolizes]--> Loperamide"", ""chain_type"": ""PK_through_enzyme"", ""confidence"": ""high""}, {""key_entity_id"": ""BE0003549"", ""key_entity_name"": ""Cytochrome P450 2B6"", ""key_entity_type"": ""enzyme"", ""action_drug_a"": ""inducer"", ""action_drug_b"": ""substrate"", ""match_pattern"": ""inducer-substrate"", ""mechanism_chain"": ""Carbamazepine --[inducer]--> Cytochrome P450 2B6 --[substrate: metabolizes]--> Loperamide"", ""chain_type"": ""PK_through_enzyme"", ""confidence"": ""high""}]"
DB00564,DB01167,The metabolism of can be decreased when combined with,PK,BE0002638,Cytochrome P450 3A4,enzyme,substrate,inhibitor,inhibitor-substrate,Itraconazole --[inhibitor]--> Cytochrome P450 3A4 --[substrate: metabolizes]--> Carbamazepine,PK_through_enzyme,high,True,"[{""key_entity_id"": ""BE0002638"", ""key_entity_name"": ""Cytochrome P450 3A4"", ""key_entity_type"": ""enzyme"", ""action_drug_a"": ""inducer"", ""action_drug_b"": ""substrate"", ""match_pattern"": ""inducer-substrate"", ""mechanism_chain"": ""Carbamazepine --[inducer]--> Cytochrome P450 3A4 --[substrate: metabolizes]--> Itraconazole"", ""chain_type"": ""PK_through_enzyme"", ""confidence"": ""high""}, {""key_entity_id"": ""BE0002362"", ""key_entity_name"": ""Cytochrome P450 3A5"", ""key_entity_type"": ""enzyme"", ""action_drug_a"": ""substrate"", ""action_drug_b"": ""inhibitor"", ""match_pattern"": ""inhibitor-substrate"", ""mechanism_chain"": ""Itraconazole --[inhibitor]--> Cytochrome P450 3A5 --[substrate: metabolizes]--> Carbamazepine"", ""chain_type"": ""PK_through_enzyme"", ""confidence"": ""high""}, {""key_entity_id"": ""BE0003549"", ""key_entity_name"": ""Cytochrome P450 2B6"", ""key_entity_type"": ""enzyme"", ""action_drug_a"": ""substrate"", ""action_drug_b"": ""inhibitor"", ""match_pattern"": ""inhibitor-substrate"", ""mechanism_chain"": ""Itraconazole --[inhibitor]--> Cytochrome P450 2B6 --[substrate: metabolizes]--> Carbamazepine"", ""chain_type"": ""PK_through_enzyme"", ""confidence"": ""high""}]"
DB00564,DB06016,The metabolism of can be increased when combined with,PK,BE0002362,Cytochrome P450 3A5,enzyme,substrate,inducer,inducer-substrate,Cariprazine --[inducer]--> Cytochrome P450 3A5 --[substrate: metabolizes]--> Carbamazepine,PK_through_enzyme,high,True,"[{""key_entity_id"": ""BE0002433"", ""key_entity_name"": ""Cytochrome P450 1A2"", ""key_entity_type"": ""enzyme"", ""action_drug_a"": ""inhibitor"", ""action_drug_b"": ""inhibitor"", ""match_pattern"": ""inhibitor-inhibitor"", ""mechanism_chain"": ""Carbamazepine --[inhibitor]--> Cytochrome P450 1A2 <--[inhibitor]-- Cariprazine"", ""chain_type"": ""PK_through_enzyme"", ""confidence"": ""high""}, {""key_entity_id"": ""BE0003536"", ""key_entity_name"": ""Cytochrome P450 2C19"", ""key_entity_type"": ""enzyme"", ""action_drug_a"": ""inhibitor"", ""action_drug_b"": ""inhibitor"", ""match_pattern"": ""inhibitor-inhibitor"", ""mechanism_chain"": ""Carbamazepine --[inhibitor]--> Cytochrome P450 2C19 <--[inhibitor]-- Cariprazine"", ""chain_type"": ""PK_through_enzyme"", ""confidence"": ""high""}, {""key_entity_id"": ""BE0002638"", ""key_entity_name"": ""Cytochrome P450 3A4"", ""key_entity_type"": ""enzyme"", ""action_drug_a"": ""substrate"", ""action_drug_b"": ""inhibitor"", ""match_pattern"": ""inhibitor-substrate"", ""mechanism_chain"": ""Cariprazine --[inhibitor]--> Cytochrome P450 3A4 --[substrate: metabolizes]--> Carbamazepine"", ""chain_type"": ""PK_through_enzyme"", ""confidence"": ""high""}, {""key_entity_id"": ""BE0002638"", ""key_entity_name"": ""Cytochrome P450 3A4"", ""key_entity_type"": ""enzyme"", ""action_drug_a"": ""substrate"", ""action_drug_b"": ""inducer"", ""match_pattern"": ""inducer-substrate"", ""mechanism_chain"": ""Cariprazine --[inducer]--> Cytochrome P450 3A4 --[substrate: metabolizes]--> Carbamazepine"", ""chain_type"": ""PK_through_enzyme"", ""confidence"": ""high""}, {""key_entity_id"": ""BE0002638"", ""key_entity_name"": ""Cytochrome P450 3A4"", ""key_entity_type"": ""enzyme"", ""action_drug_a"": ""inducer"", ""action_drug_b"": ""substrate"", ""match_pattern"": ""inducer-substrate"", ""mechanism_chain"": ""Carbamazepine --[inducer]--> Cytochrome P450 3A4 --[substrate: metabolizes]--> Cariprazine"", ""chain_type"": ""PK_through_enzyme"", ""confidence"": ""high""}]"
DB00564,DB06144,The metabolism of can be increased when combined with,PK,BE0002638,Cytochrome P450 3A4,enzyme,inducer,substrate,inducer-substrate,Carbamazepine --[inducer]--> Cytochrome P450 3A4 --[substrate: metabolizes]--> Sertindole,PK_through_enzyme,high,True,[]
DB00564,DB01198,The metabolism of can be increased when combined with,PK,BE0002887,Cytochrome P450 2C8,enzyme,inducer,substrate,inducer-substrate,Carbamazepine --[inducer]--> Cytochrome P450 2C8 --[substrate: metabolizes]--> Zopiclone,PK_through_enzyme,high,True,"[{""key_entity_id"": ""BE0002793"", ""key_entity_name"": ""Cytochrome P450 2C9"", ""key_entity_type"": ""enzyme"", ""action_drug_a"": ""inducer"", ""action_drug_b"": ""substrate"", ""match_pattern"": ""inducer-substrate"", ""mechanism_chain"": ""Carbamazepine --[inducer]--> Cytochrome P450 2C9 --[substrate: metabolizes]--> Zopiclone"", ""chain_type"": ""PK_through_enzyme"", ""confidence"": ""high""}, {""key_entity_id"": ""BE0002638"", ""key_entity_name"": ""Cytochrome P450 3A4"", ""key_entity_type"": ""enzyme"", ""action_drug_a"": ""inducer"", ""action_drug_b"": ""substrate"", ""match_pattern"": ""inducer-substrate"", ""mechanism_chain"": ""Carbamazepine --[inducer]--> Cytochrome P450 3A4 --[substrate: metabolizes]--> Zopiclone"", ""chain_type"": ""PK_through_enzyme"", ""confidence"": ""high""}]"
DB00564,DB01006,The metabolism of can be increased when combined with,PK,BE0002638,Cytochrome P450 3A4,enzyme,inducer,substrate,inducer-substrate,Carbamazepine --[inducer]--> Cytochrome P450 3A4 --[substrate: metabolizes]--> Letrozole,PK_through_enzyme,high,True,"[{""key_entity_id"": ""BE0003536"", ""key_entity_name"": ""Cytochrome P450 2C19"", ""key_entity_type"": ""enzyme"", ""action_drug_a"": ""inhibitor"", ""action_drug_b"": ""inhibitor"", ""match_pattern"": ""inhibitor-inhibitor"", ""mechanism_chain"": ""Carbamazepine --[inhibitor]--> Cytochrome P450 2C19 <--[inhibitor]-- Letrozole"", ""chain_type"": ""PK_through_enzyme"", ""confidence"": ""high""}]"
DB00564,DB01117,The metabolism of can be increased when combined with,PK,BE0002638,Cytochrome P450 3A4,enzyme,inducer,substrate,inducer-substrate,Carbamazepine --[inducer]--> Cytochrome P450 3A4 --[substrate: metabolizes]--> Atovaquone,PK_through_enzyme,high,True,[]
DB00564,DB01244,The metabolism of can be increased when combined with,PK,BE0002638,Cytochrome P450 3A4,enzyme,inducer,substrate,inducer-substrate,Carbamazepine --[inducer]--> Cytochrome P450 3A4 --[substrate: metabolizes]--> Bepridil,PK_through_enzyme,high,True,[]
DB00564,DB01393,The metabolism of can be increased when combined with,PK,BE0002887,Cytochrome P450 2C8,enzyme,substrate,inhibitor,inhibitor-substrate,Bezafibrate --[inhibitor]--> Cytochrome P450 2C8 --[substrate: metabolizes]--> Carbamazepine,PK_through_enzyme,high,True,"[{""key_entity_id"": ""BE0002638"", ""key_entity_name"": ""Cytochrome P450 3A4"", ""key_entity_type"": ""enzyme"", ""action_drug_a"": ""inducer"", ""action_drug_b"": ""substrate"", ""match_pattern"": ""inducer-substrate"", ""mechanism_chain"": ""Carbamazepine --[inducer]--> Cytochrome P450 3A4 --[substrate: metabolizes]--> Bezafibrate"", ""chain_type"": ""PK_through_enzyme"", ""confidence"": ""high""}]"
DB00564,DB06708,The metabolism of can be increased when combined with,PK,BE0002638,Cytochrome P450 3A4,enzyme,inducer,substrate,inducer-substrate,Carbamazepine --[inducer]--> Cytochrome P450 3A4 --[substrate: metabolizes]--> Lumefantrine,PK_through_enzyme,high,True,[]
DB00564,DB12329,The metabolism of can be increased when combined with,PK,BE0002638,Cytochrome P450 3A4,enzyme,inducer,substrate,inducer-substrate,Carbamazepine --[inducer]--> Cytochrome P450 3A4 --[substrate: metabolizes]--> Eravacycline,PK_through_enzyme,high,True,[]
DB00564,DB13074,The metabolism of can be increased when combined with,PK,BE0002638,Cytochrome P450 3A4,enzyme,inducer,substrate,inducer-substrate,Carbamazepine --[inducer]--> Cytochrome P450 3A4 --[substrate: metabolizes]--> Macimorelin,PK_through_enzyme,high,True,[]
DB00564,DB01234,The metabolism of can be increased when combined with,PK,BE0002362,Cytochrome P450 3A5,enzyme,substrate,inducer,inducer-substrate,Dexamethasone --[inducer]--> Cytochrome P450 3A5 --[substrate: metabolizes]--> Carbamazepine,PK_through_enzyme,high,True,"[{""key_entity_id"": ""BE0002362"", ""key_entity_name"": ""Cytochrome P450 3A5"", ""key_entity_type"": ""enzyme"", ""action_drug_a"": ""inducer"", ""action_drug_b"": ""substrate"", ""match_pattern"": ""inducer-substrate"", ""mechanism_chain"": ""Carbamazepine --[inducer]--> Cytochrome P450 3A5 --[substrate: metabolizes]--> Dexamethasone"", ""chain_type"": ""PK_through_enzyme"", ""confidence"": ""high""}, {""key_entity_id"": ""BE0003549"", ""key_entity_name"": ""Cytochrome P450 2B6"", ""key_entity_type"": ""enzyme"", ""action_drug_a"": ""substrate"", ""action_drug_b"": ""inducer"", ""match_pattern"": ""inducer-substrate"", ""mechanism_chain"": ""Dexamethasone --[inducer]--> Cytochrome P450 2B6 --[substrate: metabolizes]--> Carbamazepine"", ""chain_type"": ""PK_through_enzyme"", ""confidence"": ""high""}, {""key_entity_id"": ""BE0002887"", ""key_entity_name"": ""Cytochrome P450 2C8"", ""key_entity_type"": ""enzyme"", ""action_drug_a"": ""substrate"", ""action_drug_b"": ""inducer"", ""match_pattern"": ""inducer-substrate"", ""mechanism_chain"": ""Dexamethasone --[inducer]--> Cytochrome P450 2C8 --[substrate: metabolizes]--> Carbamazepine"", ""chain_type"": ""PK_through_enzyme"", ""confidence"": ""high""}, {""key_entity_id"": ""BE0002638"", ""key_entity_name"": ""Cytochrome P450 3A4"", ""key_entity_type"": ""enzyme"", ""action_drug_a"": ""substrate"", ""action_drug_b"": ""inhibitor"", ""match_pattern"": ""inhibitor-substrate"", ""mechanism_chain"": ""Dexamethasone --[inhibitor]--> Cytochrome P450 3A4 --[substrate: metabolizes]--> Carbamazepine"", ""chain_type"": ""PK_through_enzyme"", ""confidence"": ""high""}, {""key_entity_id"": ""BE0002638"", ""key_entity_name"": ""Cytochrome P450 3A4"", ""key_entity_type"": ""enzyme"", ""action_drug_a"": ""substrate"", ""action_drug_b"": ""inducer"", ""match_pattern"": ""inducer-substrate"", ""mechanism_chain"": ""Dexamethasone --[inducer]--> Cytochrome P450 3A4 --[substrate: metabolizes]--> Carbamazepine"", ""chain_type"": ""PK_through_enzyme"", ""confidence"": ""high""}, {""key_entity_id"": ""BE0002638"", ""key_entity_name"": ""Cytochrome P450 3A4"", ""key_entity_type"": ""enzyme"", ""action_drug_a"": ""inducer"", ""action_drug_b"": ""substrate"", ""match_pattern"": ""inducer-substrate"", ""mechanism_chain"": ""Carbamazepine --[inducer]--> Cytochrome P450 3A4 --[substrate: metabolizes]--> Dexamethasone"", ""chain_type"": ""PK_through_enzyme"", ""confidence"": ""high""}]"
DB00564,DB05239,The serum concentration of can be decreased when it is combined with,PK,BE0002638,Cytochrome P450 3A4,enzyme,substrate,inhibitor,inhibitor-substrate,Cobimetinib --[inhibitor]--> Cytochrome P450 3A4 --[substrate: metabolizes]--> Carbamazepine,PK_through_enzyme,high,True,"[{""key_entity_id"": ""BE0002638"", ""key_entity_name"": ""Cytochrome P450 3A4"", ""key_entity_type"": ""enzyme"", ""action_drug_a"": ""inducer"", ""action_drug_b"": ""substrate"", ""match_pattern"": ""inducer-substrate"", ""mechanism_chain"": ""Carbamazepine --[inducer]--> Cytochrome P450 3A4 --[substrate: metabolizes]--> Cobimetinib"", ""chain_type"": ""PK_through_enzyme"", ""confidence"": ""high""}]"
DB00564,DB09143,The metabolism of can be increased when combined with,PK,BE0002638,Cytochrome P450 3A4,enzyme,inducer,substrate,inducer-substrate,Carbamazepine --[inducer]--> Cytochrome P450 3A4 --[substrate: metabolizes]--> Sonidegib,PK_through_enzyme,high,True,[]
DB00564,DB11672,The metabolism of can be decreased when combined with,PK,BE0002638,Cytochrome P450 3A4,enzyme,substrate,inhibitor,inhibitor-substrate,Curcumin --[inhibitor]--> Cytochrome P450 3A4 --[substrate: metabolizes]--> Carbamazepine,PK_through_enzyme,high,True,"[{""key_entity_id"": ""BE0002433"", ""key_entity_name"": ""Cytochrome P450 1A2"", ""key_entity_type"": ""enzyme"", ""action_drug_a"": ""inhibitor"", ""action_drug_b"": ""inhibitor"", ""match_pattern"": ""inhibitor-inhibitor"", ""mechanism_chain"": ""Carbamazepine --[inhibitor]--> Cytochrome P450 1A2 <--[inhibitor]-- Curcumin"", ""chain_type"": ""PK_through_enzyme"", ""confidence"": ""high""}, {""key_entity_id"": ""BE0003549"", ""key_entity_name"": ""Cytochrome P450 2B6"", ""key_entity_type"": ""enzyme"", ""action_drug_a"": ""substrate"", ""action_drug_b"": ""inhibitor"", ""match_pattern"": ""inhibitor-substrate"", ""mechanism_chain"": ""Curcumin --[inhibitor]--> Cytochrome P450 2B6 --[substrate: metabolizes]--> Carbamazepine"", ""chain_type"": ""PK_through_enzyme"", ""confidence"": ""high""}]"
DB00564,DB12095,The serum concentration of can be decreased when it is combined with,PK,BE0003679,UDP-glucuronosyltransferase 2B7,enzyme,substrate,inducer,inducer-substrate,Telotristat ethyl --[inducer]--> UDP-glucuronosyltransferase 2B7 --[substrate: metabolizes]--> Carbamazepine,PK_through_enzyme,high,True,"[{""key_entity_id"": ""BE0003536"", ""key_entity_name"": ""Cytochrome P450 2C19"", ""key_entity_type"": ""enzyme"", ""action_drug_a"": ""inhibitor"", ""action_drug_b"": ""inhibitor"", ""match_pattern"": ""inhibitor-inhibitor"", ""mechanism_chain"": ""Carbamazepine --[inhibitor]--> Cytochrome P450 2C19 <--[inhibitor]-- Telotristat ethyl"", ""chain_type"": ""PK_through_enzyme"", ""confidence"": ""high""}, {""key_entity_id"": ""BE0003549"", ""key_entity_name"": ""Cytochrome P450 2B6"", ""key_entity_type"": ""enzyme"", ""action_drug_a"": ""substrate"", ""action_drug_b"": ""inducer"", ""match_pattern"": ""inducer-substrate"", ""mechanism_chain"": ""Telotristat ethyl --[inducer]--> Cytochrome P450 2B6 --[substrate: metabolizes]--> Carbamazepine"", ""chain_type"": ""PK_through_enzyme"", ""confidence"": ""high""}, {""key_entity_id"": ""BE0002887"", ""key_entity_name"": ""Cytochrome P450 2C8"", ""key_entity_type"": ""enzyme"", ""action_drug_a"": ""substrate"", ""action_drug_b"": ""inhibitor"", ""match_pattern"": ""inhibitor-substrate"", ""mechanism_chain"": ""Telotristat ethyl --[inhibitor]--> Cytochrome P450 2C8 --[substrate: metabolizes]--> Carbamazepine"", ""chain_type"": ""PK_through_enzyme"", ""confidence"": ""high""}, {""key_entity_id"": ""BE0002638"", ""key_entity_name"": ""Cytochrome P450 3A4"", ""key_entity_type"": ""enzyme"", ""action_drug_a"": ""substrate"", ""action_drug_b"": ""inhibitor"", ""match_pattern"": ""inhibitor-substrate"", ""mechanism_chain"": ""Telotristat ethyl --[inhibitor]--> Cytochrome P450 3A4 --[substrate: metabolizes]--> Carbamazepine"", ""chain_type"": ""PK_through_enzyme"", ""confidence"": ""high""}, {""key_entity_id"": ""BE0002638"", ""key_entity_name"": ""Cytochrome P450 3A4"", ""key_entity_type"": ""enzyme"", ""action_drug_a"": ""substrate"", ""action_drug_b"": ""inducer"", ""match_pattern"": ""inducer-substrate"", ""mechanism_chain"": ""Telotristat ethyl --[inducer]--> Cytochrome P450 3A4 --[substrate: metabolizes]--> Carbamazepine"", ""chain_type"": ""PK_through_enzyme"", ""confidence"": ""high""}]"
DB00564,DB15149,The metabolism of can be increased when combined with,PK,BE0002793,Cytochrome P450 2C9,enzyme,inducer,substrate,inducer-substrate,Carbamazepine --[inducer]--> Cytochrome P450 2C9 --[substrate: metabolizes]--> Futibatinib,PK_through_enzyme,high,True,"[{""key_entity_id"": ""BE0002638"", ""key_entity_name"": ""Cytochrome P450 3A4"", ""key_entity_type"": ""enzyme"", ""action_drug_a"": ""inducer"", ""action_drug_b"": ""substrate"", ""match_pattern"": ""inducer-substrate"", ""mechanism_chain"": ""Carbamazepine --[inducer]--> Cytochrome P450 3A4 --[substrate: metabolizes]--> Futibatinib"", ""chain_type"": ""PK_through_enzyme"", ""confidence"": ""high""}]"
DB00570,DB01101,The risk or severity of adverse effects can be increased when is combined with,PD,,,,,,,,,,False,[]
DB00570,DB01168,The risk or severity of adverse effects can be increased when is combined with,PD,,,,,,,,,,False,[]
DB00570,DB06813,The risk or severity of adverse effects can be increased when is combined with,PD,,,,,,,,,,False,[]
DB00570,DB09091,The risk or severity of adverse effects can be increased when is combined with,PD,,,,,,,,,,False,[]
DB00570,DB01198,The metabolism of can be decreased when combined with,PK,BE0002638,Cytochrome P450 3A4,enzyme,inhibitor,substrate,inhibitor-substrate,Vinblastine --[inhibitor]--> Cytochrome P450 3A4 --[substrate: metabolizes]--> Zopiclone,PK_through_enzyme,high,True,"[{""key_entity_id"": ""BE0002638"", ""key_entity_name"": ""Cytochrome P450 3A4"", ""key_entity_type"": ""enzyme"", ""action_drug_a"": ""inducer"", ""action_drug_b"": ""substrate"", ""match_pattern"": ""inducer-substrate"", ""mechanism_chain"": ""Vinblastine --[inducer]--> Cytochrome P450 3A4 --[substrate: metabolizes]--> Zopiclone"", ""chain_type"": ""PK_through_enzyme"", ""confidence"": ""high""}]"
DB00570,DB08868,may increase the immunosuppressive activities of,PD,,,,,,,,,,False,[]
DB00570,DB01067,may decrease the excretion rate of which could result in a higher serum level,PK,BE0000703,Bile salt export pump,transporter,inhibitor,substrate,inhibitor-substrate,Vinblastine --[inhibitor]--> Bile salt export pump --[substrate: transports]--> Glipizide,PK_through_transporter,high,True,[]
DB00570,DB01182,The serum concentration of can be increased when it is combined with,PK,BE0002638,Cytochrome P450 3A4,enzyme,inhibitor,substrate,inhibitor-substrate,Vinblastine --[inhibitor]--> Cytochrome P450 3A4 --[substrate: metabolizes]--> Propafenone,PK_through_enzyme,high,True,"[{""key_entity_id"": ""BE0002638"", ""key_entity_name"": ""Cytochrome P450 3A4"", ""key_entity_type"": ""enzyme"", ""action_drug_a"": ""inducer"", ""action_drug_b"": ""substrate"", ""match_pattern"": ""inducer-substrate"", ""mechanism_chain"": ""Vinblastine --[inducer]--> Cytochrome P450 3A4 --[substrate: metabolizes]--> Propafenone"", ""chain_type"": ""PK_through_enzyme"", ""confidence"": ""high""}, {""key_entity_id"": ""BE0002363"", ""key_entity_name"": ""Cytochrome P450 2D6"", ""key_entity_type"": ""enzyme"", ""action_drug_a"": ""inhibitor"", ""action_drug_b"": ""substrate"", ""match_pattern"": ""inhibitor-substrate"", ""mechanism_chain"": ""Vinblastine --[inhibitor]--> Cytochrome P450 2D6 --[substrate: metabolizes]--> Propafenone"", ""chain_type"": ""PK_through_enzyme"", ""confidence"": ""high""}, {""key_entity_id"": ""BE0002363"", ""key_entity_name"": ""Cytochrome P450 2D6"", ""key_entity_type"": ""enzyme"", ""action_drug_a"": ""inhibitor"", ""action_drug_b"": ""inhibitor"", ""match_pattern"": ""inhibitor-inhibitor"", ""mechanism_chain"": ""Vinblastine --[inhibitor]--> Cytochrome P450 2D6 <--[inhibitor]-- Propafenone"", ""chain_type"": ""PK_through_enzyme"", ""confidence"": ""high""}]"
DB00570,DB14539,The metabolism of can be increased when combined with,PK,BE0002638,Cytochrome P450 3A4,enzyme,substrate,inducer,inducer-substrate,Hydrocortisone acetate --[inducer]--> Cytochrome P450 3A4 --[substrate: metabolizes]--> Vinblastine,PK_through_enzyme,high,True,"[{""key_entity_id"": ""BE0002638"", ""key_entity_name"": ""Cytochrome P450 3A4"", ""key_entity_type"": ""enzyme"", ""action_drug_a"": ""inhibitor"", ""action_drug_b"": ""substrate"", ""match_pattern"": ""inhibitor-substrate"", ""mechanism_chain"": ""Vinblastine --[inhibitor]--> Cytochrome P450 3A4 --[substrate: metabolizes]--> Hydrocortisone acetate"", ""chain_type"": ""PK_through_enzyme"", ""confidence"": ""high""}, {""key_entity_id"": ""BE0002638"", ""key_entity_name"": ""Cytochrome P450 3A4"", ""key_entity_type"": ""enzyme"", ""action_drug_a"": ""inducer"", ""action_drug_b"": ""substrate"", ""match_pattern"": ""inducer-substrate"", ""mechanism_chain"": ""Vinblastine --[inducer]--> Cytochrome P450 3A4 --[substrate: metabolizes]--> Hydrocortisone acetate"", ""chain_type"": ""PK_through_enzyme"", ""confidence"": ""high""}]"
DB00570,DB00957,The serum concentration of can be increased when it is combined with,PK,BE0002638,Cytochrome P450 3A4,enzyme,substrate,inducer,inducer-substrate,Norgestimate --[inducer]--> Cytochrome P450 3A4 --[substrate: metabolizes]--> Vinblastine,PK_through_enzyme,high,True,"[{""key_entity_id"": ""BE0002638"", ""key_entity_name"": ""Cytochrome P450 3A4"", ""key_entity_type"": ""enzyme"", ""action_drug_a"": ""inhibitor"", ""action_drug_b"": ""substrate"", ""match_pattern"": ""inhibitor-substrate"", ""mechanism_chain"": ""Vinblastine --[inhibitor]--> Cytochrome P450 3A4 --[substrate: metabolizes]--> Norgestimate"", ""chain_type"": ""PK_through_enzyme"", ""confidence"": ""high""}, {""key_entity_id"": ""BE0002638"", ""key_entity_name"": ""Cytochrome P450 3A4"", ""key_entity_type"": ""enzyme"", ""action_drug_a"": ""inducer"", ""action_drug_b"": ""substrate"", ""match_pattern"": ""inducer-substrate"", ""mechanism_chain"": ""Vinblastine --[inducer]--> Cytochrome P450 3A4 --[substrate: metabolizes]--> Norgestimate"", ""chain_type"": ""PK_through_enzyme"", ""confidence"": ""high""}]"
DB00570,DB01115,may decrease the excretion rate of which could result in a higher serum level,PK,BE0000703,Bile salt export pump,transporter,substrate,inhibitor,inhibitor-substrate,Nifedipine --[inhibitor]--> Bile salt export pump --[substrate: transports]--> Vinblastine,PK_through_transporter,high,True,"[{""key_entity_id"": ""BE0000703"", ""key_entity_name"": ""Bile salt export pump"", ""key_entity_type"": ""transporter"", ""action_drug_a"": ""inhibitor"", ""action_drug_b"": ""inhibitor"", ""match_pattern"": ""inhibitor-inhibitor"", ""mechanism_chain"": ""Vinblastine --[inhibitor]--> Bile salt export pump <--[inhibitor]-- Nifedipine"", ""chain_type"": ""PK_through_transporter"", ""confidence"": ""high""}, {""key_entity_id"": ""BE0001032"", ""key_entity_name"": ""ATP-dependent translocase ABCB1"", ""key_entity_type"": ""transporter"", ""action_drug_a"": ""substrate"", ""action_drug_b"": ""inducer"", ""match_pattern"": ""inducer-substrate"", ""mechanism_chain"": ""Nifedipine --[inducer]--> ATP-dependent translocase ABCB1 --[substrate: transports]--> Vinblastine"", ""chain_type"": ""PK_through_transporter"", ""confidence"": ""high""}, {""key_entity_id"": ""BE0001032"", ""key_entity_name"": ""ATP-dependent translocase ABCB1"", ""key_entity_type"": ""transporter"", ""action_drug_a"": ""inhibitor"", ""action_drug_b"": ""substrate"", ""match_pattern"": ""inhibitor-substrate"", ""mechanism_chain"": ""Vinblastine --[inhibitor]--> ATP-dependent translocase ABCB1 --[substrate: transports]--> Nifedipine"", ""chain_type"": ""PK_through_transporter"", ""confidence"": ""high""}, {""key_entity_id"": ""BE0001032"", ""key_entity_name"": ""ATP-dependent translocase ABCB1"", ""key_entity_type"": ""transporter"", ""action_drug_a"": ""inducer"", ""action_drug_b"": ""substrate"", ""match_pattern"": ""inducer-substrate"", ""mechanism_chain"": ""Vinblastine --[inducer]--> ATP-dependent translocase ABCB1 --[substrate: transports]--> Nifedipine"", ""chain_type"": ""PK_through_transporter"", ""confidence"": ""high""}, {""key_entity_id"": ""BE0001004"", ""key_entity_name"": ""Solute carrier organic anion transporter family member 1B1"", ""key_entity_type"": ""transporter"", ""action_drug_a"": ""inhibitor"", ""action_drug_b"": ""inhibitor"", ""match_pattern"": ""inhibitor-inhibitor"", ""mechanism_chain"": ""Vinblastine --[inhibitor]--> Solute carrier organic anion transporter family member 1B1 <--[inhibitor]-- Nifedipine"", ""chain_type"": ""PK_through_transporter"", ""confidence"": ""high""}, {""key_entity_id"": ""BE0001069"", ""key_entity_name"": ""ATP-binding cassette sub-family C member 2"", ""key_entity_type"": ""transporter"", ""action_drug_a"": ""substrate"", ""action_drug_b"": ""inducer"", ""match_pattern"": ""inducer-substrate"", ""mechanism_chain"": ""Nifedipine --[inducer]--> ATP-binding cassette sub-family C member 2 --[substrate: transports]--> Vinblastine"", ""chain_type"": ""PK_through_transporter"", ""confidence"": ""high""}]"
DB00570,DB05239,The metabolism of can be increased when combined with,PK,BE0002638,Cytochrome P450 3A4,enzyme,substrate,inhibitor,inhibitor-substrate,Cobimetinib --[inhibitor]--> Cytochrome P450 3A4 --[substrate: metabolizes]--> Vinblastine,PK_through_enzyme,high,True,"[{""key_entity_id"": ""BE0002638"", ""key_entity_name"": ""Cytochrome P450 3A4"", ""key_entity_type"": ""enzyme"", ""action_drug_a"": ""inhibitor"", ""action_drug_b"": ""substrate"", ""match_pattern"": ""inhibitor-substrate"", ""mechanism_chain"": ""Vinblastine --[inhibitor]--> Cytochrome P450 3A4 --[substrate: metabolizes]--> Cobimetinib"", ""chain_type"": ""PK_through_enzyme"", ""confidence"": ""high""}, {""key_entity_id"": ""BE0002638"", ""key_entity_name"": ""Cytochrome P450 3A4"", ""key_entity_type"": ""enzyme"", ""action_drug_a"": ""inhibitor"", ""action_drug_b"": ""inhibitor"", ""match_pattern"": ""inhibitor-inhibitor"", ""mechanism_chain"": ""Vinblastine --[inhibitor]--> Cytochrome P450 3A4 <--[inhibitor]-- Cobimetinib"", ""chain_type"": ""PK_through_enzyme"", ""confidence"": ""high""}, {""key_entity_id"": ""BE0002638"", ""key_entity_name"": ""Cytochrome P450 3A4"", ""key_entity_type"": ""enzyme"", ""action_drug_a"": ""inducer"", ""action_drug_b"": ""substrate"", ""match_pattern"": ""inducer-substrate"", ""mechanism_chain"": ""Vinblastine --[inducer]--> Cytochrome P450 3A4 --[substrate: metabolizes]--> Cobimetinib"", ""chain_type"": ""PK_through_enzyme"", ""confidence"": ""high""}, {""key_entity_id"": ""BE0002363"", ""key_entity_name"": ""Cytochrome P450 2D6"", ""key_entity_type"": ""enzyme"", ""action_drug_a"": ""inhibitor"", ""action_drug_b"": ""inhibitor"", ""match_pattern"": ""inhibitor-inhibitor"", ""mechanism_chain"": ""Vinblastine --[inhibitor]--> Cytochrome P450 2D6 <--[inhibitor]-- Cobimetinib"", ""chain_type"": ""PK_through_enzyme"", ""confidence"": ""high""}]"
DB00570,DB00575,The metabolism of can be increased when combined with,PK,BE0002638,Cytochrome P450 3A4,enzyme,inhibitor,substrate,inhibitor-substrate,Vinblastine --[inhibitor]--> Cytochrome P450 3A4 --[substrate: metabolizes]--> Clonidine,PK_through_enzyme,high,True,"[{""key_entity_id"": ""BE0002638"", ""key_entity_name"": ""Cytochrome P450 3A4"", ""key_entity_type"": ""enzyme"", ""action_drug_a"": ""inducer"", ""action_drug_b"": ""substrate"", ""match_pattern"": ""inducer-substrate"", ""mechanism_chain"": ""Vinblastine --[inducer]--> Cytochrome P450 3A4 --[substrate: metabolizes]--> Clonidine"", ""chain_type"": ""PK_through_enzyme"", ""confidence"": ""high""}, {""key_entity_id"": ""BE0002363"", ""key_entity_name"": ""Cytochrome P450 2D6"", ""key_entity_type"": ""enzyme"", ""action_drug_a"": ""inhibitor"", ""action_drug_b"": ""substrate"", ""match_pattern"": ""inhibitor-substrate"", ""mechanism_chain"": ""Vinblastine --[inhibitor]--> Cytochrome P450 2D6 --[substrate: metabolizes]--> Clonidine"", ""chain_type"": ""PK_through_enzyme"", ""confidence"": ""high""}]"
DB00570,DB11703,The metabolism of can be increased when combined with,PK,BE0002638,Cytochrome P450 3A4,enzyme,substrate,inhibitor,inhibitor-substrate,Acalabrutinib --[inhibitor]--> Cytochrome P450 3A4 --[substrate: metabolizes]--> Vinblastine,PK_through_enzyme,high,True,"[{""key_entity_id"": ""BE0002638"", ""key_entity_name"": ""Cytochrome P450 3A4"", ""key_entity_type"": ""enzyme"", ""action_drug_a"": ""inhibitor"", ""action_drug_b"": ""substrate"", ""match_pattern"": ""inhibitor-substrate"", ""mechanism_chain"": ""Vinblastine --[inhibitor]--> Cytochrome P450 3A4 --[substrate: metabolizes]--> Acalabrutinib"", ""chain_type"": ""PK_through_enzyme"", ""confidence"": ""high""}, {""key_entity_id"": ""BE0002638"", ""key_entity_name"": ""Cytochrome P450 3A4"", ""key_entity_type"": ""enzyme"", ""action_drug_a"": ""inhibitor"", ""action_drug_b"": ""inhibitor"", ""match_pattern"": ""inhibitor-inhibitor"", ""mechanism_chain"": ""Vinblastine --[inhibitor]--> Cytochrome P450 3A4 <--[inhibitor]-- Acalabrutinib"", ""chain_type"": ""PK_through_enzyme"", ""confidence"": ""high""}, {""key_entity_id"": ""BE0002638"", ""key_entity_name"": ""Cytochrome P450 3A4"", ""key_entity_type"": ""enzyme"", ""action_drug_a"": ""inducer"", ""action_drug_b"": ""substrate"", ""match_pattern"": ""inducer-substrate"", ""mechanism_chain"": ""Vinblastine --[inducer]--> Cytochrome P450 3A4 --[substrate: metabolizes]--> Acalabrutinib"", ""chain_type"": ""PK_through_enzyme"", ""confidence"": ""high""}]"
DB00570,DB00741,The metabolism of can be increased when combined with,PK,BE0002638,Cytochrome P450 3A4,enzyme,substrate,inducer,inducer-substrate,Hydrocortisone --[inducer]--> Cytochrome P450 3A4 --[substrate: metabolizes]--> Vinblastine,PK_through_enzyme,high,True,"[{""key_entity_id"": ""BE0002638"", ""key_entity_name"": ""Cytochrome P450 3A4"", ""key_entity_type"": ""enzyme"", ""action_drug_a"": ""inhibitor"", ""action_drug_b"": ""substrate"", ""match_pattern"": ""inhibitor-substrate"", ""mechanism_chain"": ""Vinblastine --[inhibitor]--> Cytochrome P450 3A4 --[substrate: metabolizes]--> Hydrocortisone"", ""chain_type"": ""PK_through_enzyme"", ""confidence"": ""high""}, {""key_entity_id"": ""BE0002638"", ""key_entity_name"": ""Cytochrome P450 3A4"", ""key_entity_type"": ""enzyme"", ""action_drug_a"": ""inducer"", ""action_drug_b"": ""substrate"", ""match_pattern"": ""inducer-substrate"", ""mechanism_chain"": ""Vinblastine --[inducer]--> Cytochrome P450 3A4 --[substrate: metabolizes]--> Hydrocortisone"", ""chain_type"": ""PK_through_enzyme"", ""confidence"": ""high""}]"
DB00570,DB00857,The metabolism of can be increased when combined with,PK,BE0002638,Cytochrome P450 3A4,enzyme,substrate,inducer,inducer-substrate,Terbinafine --[inducer]--> Cytochrome P450 3A4 --[substrate: metabolizes]--> Vinblastine,PK_through_enzyme,high,True,"[{""key_entity_id"": ""BE0002638"", ""key_entity_name"": ""Cytochrome P450 3A4"", ""key_entity_type"": ""enzyme"", ""action_drug_a"": ""inhibitor"", ""action_drug_b"": ""substrate"", ""match_pattern"": ""inhibitor-substrate"", ""mechanism_chain"": ""Vinblastine --[inhibitor]--> Cytochrome P450 3A4 --[substrate: metabolizes]--> Terbinafine"", ""chain_type"": ""PK_through_enzyme"", ""confidence"": ""high""}, {""key_entity_id"": ""BE0002638"", ""key_entity_name"": ""Cytochrome P450 3A4"", ""key_entity_type"": ""enzyme"", ""action_drug_a"": ""inducer"", ""action_drug_b"": ""substrate"", ""match_pattern"": ""inducer-substrate"", ""mechanism_chain"": ""Vinblastine --[inducer]--> Cytochrome P450 3A4 --[substrate: metabolizes]--> Terbinafine"", ""chain_type"": ""PK_through_enzyme"", ""confidence"": ""high""}, {""key_entity_id"": ""BE0002363"", ""key_entity_name"": ""Cytochrome P450 2D6"", ""key_entity_type"": ""enzyme"", ""action_drug_a"": ""inhibitor"", ""action_drug_b"": ""inhibitor"", ""match_pattern"": ""inhibitor-inhibitor"", ""mechanism_chain"": ""Vinblastine --[inhibitor]--> Cytochrome P450 2D6 <--[inhibitor]-- Terbinafine"", ""chain_type"": ""PK_through_enzyme"", ""confidence"": ""high""}]"
DB00570,DB13952,The metabolism of can be increased when combined with,PK,BE0002638,Cytochrome P450 3A4,enzyme,substrate,inducer,inducer-substrate,Estradiol acetate --[inducer]--> Cytochrome P450 3A4 --[substrate: metabolizes]--> Vinblastine,PK_through_enzyme,high,True,"[{""key_entity_id"": ""BE0002638"", ""key_entity_name"": ""Cytochrome P450 3A4"", ""key_entity_type"": ""enzyme"", ""action_drug_a"": ""inhibitor"", ""action_drug_b"": ""substrate"", ""match_pattern"": ""inhibitor-substrate"", ""mechanism_chain"": ""Vinblastine --[inhibitor]--> Cytochrome P450 3A4 --[substrate: metabolizes]--> Estradiol acetate"", ""chain_type"": ""PK_through_enzyme"", ""confidence"": ""high""}, {""key_entity_id"": ""BE0002638"", ""key_entity_name"": ""Cytochrome P450 3A4"", ""key_entity_type"": ""enzyme"", ""action_drug_a"": ""inducer"", ""action_drug_b"": ""substrate"", ""match_pattern"": ""inducer-substrate"", ""mechanism_chain"": ""Vinblastine --[inducer]--> Cytochrome P450 3A4 --[substrate: metabolizes]--> Estradiol acetate"", ""chain_type"": ""PK_through_enzyme"", ""confidence"": ""high""}]"
DB00570,DB09143,The metabolism of can be increased when combined with,PK,BE0002638,Cytochrome P450 3A4,enzyme,inhibitor,substrate,inhibitor-substrate,Vinblastine --[inhibitor]--> Cytochrome P450 3A4 --[substrate: metabolizes]--> Sonidegib,PK_through_enzyme,high,True,"[{""key_entity_id"": ""BE0002638"", ""key_entity_name"": ""Cytochrome P450 3A4"", ""key_entity_type"": ""enzyme"", ""action_drug_a"": ""inducer"", ""action_drug_b"": ""substrate"", ""match_pattern"": ""inducer-substrate"", ""mechanism_chain"": ""Vinblastine --[inducer]--> Cytochrome P450 3A4 --[substrate: metabolizes]--> Sonidegib"", ""chain_type"": ""PK_through_enzyme"", ""confidence"": ""high""}]"
DB00570,DB06712,The metabolism of can be decreased when combined with,PK,BE0002638,Cytochrome P450 3A4,enzyme,substrate,inhibitor,inhibitor-substrate,Nilvadipine --[inhibitor]--> Cytochrome P450 3A4 --[substrate: metabolizes]--> Vinblastine,PK_through_enzyme,high,True,"[{""key_entity_id"": ""BE0002638"", ""key_entity_name"": ""Cytochrome P450 3A4"", ""key_entity_type"": ""enzyme"", ""action_drug_a"": ""inhibitor"", ""action_drug_b"": ""substrate"", ""match_pattern"": ""inhibitor-substrate"", ""mechanism_chain"": ""Vinblastine --[inhibitor]--> Cytochrome P450 3A4 --[substrate: metabolizes]--> Nilvadipine"", ""chain_type"": ""PK_through_enzyme"", ""confidence"": ""high""}, {""key_entity_id"": ""BE0002638"", ""key_entity_name"": ""Cytochrome P450 3A4"", ""key_entity_type"": ""enzyme"", ""action_drug_a"": ""inhibitor"", ""action_drug_b"": ""inhibitor"", ""match_pattern"": ""inhibitor-inhibitor"", ""mechanism_chain"": ""Vinblastine --[inhibitor]--> Cytochrome P450 3A4 <--[inhibitor]-- Nilvadipine"", ""chain_type"": ""PK_through_enzyme"", ""confidence"": ""high""}, {""key_entity_id"": ""BE0002638"", ""key_entity_name"": ""Cytochrome P450 3A4"", ""key_entity_type"": ""enzyme"", ""action_drug_a"": ""inducer"", ""action_drug_b"": ""substrate"", ""match_pattern"": ""inducer-substrate"", ""mechanism_chain"": ""Vinblastine --[inducer]--> Cytochrome P450 3A4 --[substrate: metabolizes]--> Nilvadipine"", ""chain_type"": ""PK_through_enzyme"", ""confidence"": ""high""}]"
DB00570,DB09063,The metabolism of can be increased when combined with,PK,BE0002638,Cytochrome P450 3A4,enzyme,substrate,inhibitor,inhibitor-substrate,Ceritinib --[inhibitor]--> Cytochrome P450 3A4 --[substrate: metabolizes]--> Vinblastine,PK_through_enzyme,high,True,"[{""key_entity_id"": ""BE0002638"", ""key_entity_name"": ""Cytochrome P450 3A4"", ""key_entity_type"": ""enzyme"", ""action_drug_a"": ""inhibitor"", ""action_drug_b"": ""substrate"", ""match_pattern"": ""inhibitor-substrate"", ""mechanism_chain"": ""Vinblastine --[inhibitor]--> Cytochrome P450 3A4 --[substrate: metabolizes]--> Ceritinib"", ""chain_type"": ""PK_through_enzyme"", ""confidence"": ""high""}, {""key_entity_id"": ""BE0002638"", ""key_entity_name"": ""Cytochrome P450 3A4"", ""key_entity_type"": ""enzyme"", ""action_drug_a"": ""inhibitor"", ""action_drug_b"": ""inhibitor"", ""match_pattern"": ""inhibitor-inhibitor"", ""mechanism_chain"": ""Vinblastine --[inhibitor]--> Cytochrome P450 3A4 <--[inhibitor]-- Ceritinib"", ""chain_type"": ""PK_through_enzyme"", ""confidence"": ""high""}, {""key_entity_id"": ""BE0002638"", ""key_entity_name"": ""Cytochrome P450 3A4"", ""key_entity_type"": ""enzyme"", ""action_drug_a"": ""inducer"", ""action_drug_b"": ""substrate"", ""match_pattern"": ""inducer-substrate"", ""mechanism_chain"": ""Vinblastine --[inducer]--> Cytochrome P450 3A4 --[substrate: metabolizes]--> Ceritinib"", ""chain_type"": ""PK_through_enzyme"", ""confidence"": ""high""}]"
DB00570,DB06791,The metabolism of can be decreased when combined with,PK,BE0002638,Cytochrome P450 3A4,enzyme,substrate,inhibitor,inhibitor-substrate,Lanreotide --[inhibitor]--> Cytochrome P450 3A4 --[substrate: metabolizes]--> Vinblastine,PK_through_enzyme,high,True,"[{""key_entity_id"": ""BE0002638"", ""key_entity_name"": ""Cytochrome P450 3A4"", ""key_entity_type"": ""enzyme"", ""action_drug_a"": ""inhibitor"", ""action_drug_b"": ""inhibitor"", ""match_pattern"": ""inhibitor-inhibitor"", ""mechanism_chain"": ""Vinblastine --[inhibitor]--> Cytochrome P450 3A4 <--[inhibitor]-- Lanreotide"", ""chain_type"": ""PK_through_enzyme"", ""confidence"": ""high""}]"
DB00570,DB00647,The serum concentration of can be increased when it is combined with,PK,BE0002638,Cytochrome P450 3A4,enzyme,substrate,inhibitor,inhibitor-substrate,Dextropropoxyphene --[inhibitor]--> Cytochrome P450 3A4 --[substrate: metabolizes]--> Vinblastine,PK_through_enzyme,high,True,"[{""key_entity_id"": ""BE0002638"", ""key_entity_name"": ""Cytochrome P450 3A4"", ""key_entity_type"": ""enzyme"", ""action_drug_a"": ""inhibitor"", ""action_drug_b"": ""substrate"", ""match_pattern"": ""inhibitor-substrate"", ""mechanism_chain"": ""Vinblastine --[inhibitor]--> Cytochrome P450 3A4 --[substrate: metabolizes]--> Dextropropoxyphene"", ""chain_type"": ""PK_through_enzyme"", ""confidence"": ""high""}, {""key_entity_id"": ""BE0002638"", ""key_entity_name"": ""Cytochrome P450 3A4"", ""key_entity_type"": ""enzyme"", ""action_drug_a"": ""inhibitor"", ""action_drug_b"": ""inhibitor"", ""match_pattern"": ""inhibitor-inhibitor"", ""mechanism_chain"": ""Vinblastine --[inhibitor]--> Cytochrome P450 3A4 <--[inhibitor]-- Dextropropoxyphene"", ""chain_type"": ""PK_through_enzyme"", ""confidence"": ""high""}, {""key_entity_id"": ""BE0002638"", ""key_entity_name"": ""Cytochrome P450 3A4"", ""key_entity_type"": ""enzyme"", ""action_drug_a"": ""inducer"", ""action_drug_b"": ""substrate"", ""match_pattern"": ""inducer-substrate"", ""mechanism_chain"": ""Vinblastine --[inducer]--> Cytochrome P450 3A4 --[substrate: metabolizes]--> Dextropropoxyphene"", ""chain_type"": ""PK_through_enzyme"", ""confidence"": ""high""}, {""key_entity_id"": ""BE0002363"", ""key_entity_name"": ""Cytochrome P450 2D6"", ""key_entity_type"": ""enzyme"", ""action_drug_a"": ""inhibitor"", ""action_drug_b"": ""substrate"", ""match_pattern"": ""inhibitor-substrate"", ""mechanism_chain"": ""Vinblastine --[inhibitor]--> Cytochrome P450 2D6 --[substrate: metabolizes]--> Dextropropoxyphene"", ""chain_type"": ""PK_through_enzyme"", ""confidence"": ""high""}, {""key_entity_id"": ""BE0002363"", ""key_entity_name"": ""Cytochrome P450 2D6"", ""key_entity_type"": ""enzyme"", ""action_drug_a"": ""inhibitor"", ""action_drug_b"": ""inhibitor"", ""match_pattern"": ""inhibitor-inhibitor"", ""mechanism_chain"": ""Vinblastine --[inhibitor]--> Cytochrome P450 2D6 <--[inhibitor]-- Dextropropoxyphene"", ""chain_type"": ""PK_through_enzyme"", ""confidence"": ""high""}]"
DB00570,DB00679,The metabolism of can be decreased when combined with,PK,BE0002363,Cytochrome P450 2D6,enzyme,inhibitor,substrate,inhibitor-substrate,Vinblastine --[inhibitor]--> Cytochrome P450 2D6 --[substrate: metabolizes]--> Thioridazine,PK_through_enzyme,high,True,"[{""key_entity_id"": ""BE0002363"", ""key_entity_name"": ""Cytochrome P450 2D6"", ""key_entity_type"": ""enzyme"", ""action_drug_a"": ""inhibitor"", ""action_drug_b"": ""inhibitor"", ""match_pattern"": ""inhibitor-inhibitor"", ""mechanism_chain"": ""Vinblastine --[inhibitor]--> Cytochrome P450 2D6 <--[inhibitor]-- Thioridazine"", ""chain_type"": ""PK_through_enzyme"", ""confidence"": ""high""}]"
DB00570,DB01274,The metabolism of can be decreased when combined with,PK,BE0002363,Cytochrome P450 2D6,enzyme,inhibitor,substrate,inhibitor-substrate,Vinblastine --[inhibitor]--> Cytochrome P450 2D6 --[substrate: metabolizes]--> Arformoterol,PK_through_enzyme,high,True,[]
DB00570,DB01424,The metabolism of can be decreased when combined with,PK,BE0002638,Cytochrome P450 3A4,enzyme,inhibitor,substrate,inhibitor-substrate,Vinblastine --[inhibitor]--> Cytochrome P450 3A4 --[substrate: metabolizes]--> Aminophenazone,PK_through_enzyme,high,True,"[{""key_entity_id"": ""BE0002638"", ""key_entity_name"": ""Cytochrome P450 3A4"", ""key_entity_type"": ""enzyme"", ""action_drug_a"": ""inducer"", ""action_drug_b"": ""substrate"", ""match_pattern"": ""inducer-substrate"", ""mechanism_chain"": ""Vinblastine --[inducer]--> Cytochrome P450 3A4 --[substrate: metabolizes]--> Aminophenazone"", ""chain_type"": ""PK_through_enzyme"", ""confidence"": ""high""}, {""key_entity_id"": ""BE0002363"", ""key_entity_name"": ""Cytochrome P450 2D6"", ""key_entity_type"": ""enzyme"", ""action_drug_a"": ""inhibitor"", ""action_drug_b"": ""substrate"", ""match_pattern"": ""inhibitor-substrate"", ""mechanism_chain"": ""Vinblastine --[inhibitor]--> Cytochrome P450 2D6 --[substrate: metabolizes]--> Aminophenazone"", ""chain_type"": ""PK_through_enzyme"", ""confidence"": ""high""}]"
DB00570,DB06144,The metabolism of can be decreased when combined with,PK,BE0002638,Cytochrome P450 3A4,enzyme,inhibitor,substrate,inhibitor-substrate,Vinblastine --[inhibitor]--> Cytochrome P450 3A4 --[substrate: metabolizes]--> Sertindole,PK_through_enzyme,high,True,"[{""key_entity_id"": ""BE0002638"", ""key_entity_name"": ""Cytochrome P450 3A4"", ""key_entity_type"": ""enzyme"", ""action_drug_a"": ""inducer"", ""action_drug_b"": ""substrate"", ""match_pattern"": ""inducer-substrate"", ""mechanism_chain"": ""Vinblastine --[inducer]--> Cytochrome P450 3A4 --[substrate: metabolizes]--> Sertindole"", ""chain_type"": ""PK_through_enzyme"", ""confidence"": ""high""}, {""key_entity_id"": ""BE0002363"", ""key_entity_name"": ""Cytochrome P450 2D6"", ""key_entity_type"": ""enzyme"", ""action_drug_a"": ""inhibitor"", ""action_drug_b"": ""substrate"", ""match_pattern"": ""inhibitor-substrate"", ""mechanism_chain"": ""Vinblastine --[inhibitor]--> Cytochrome P450 2D6 --[substrate: metabolizes]--> Sertindole"", ""chain_type"": ""PK_through_enzyme"", ""confidence"": ""high""}]"
DB00570,DB01244,The metabolism of can be decreased when combined with,PK,BE0002638,Cytochrome P450 3A4,enzyme,inhibitor,substrate,inhibitor-substrate,Vinblastine --[inhibitor]--> Cytochrome P450 3A4 --[substrate: metabolizes]--> Bepridil,PK_through_enzyme,high,True,"[{""key_entity_id"": ""BE0002638"", ""key_entity_name"": ""Cytochrome P450 3A4"", ""key_entity_type"": ""enzyme"", ""action_drug_a"": ""inducer"", ""action_drug_b"": ""substrate"", ""match_pattern"": ""inducer-substrate"", ""mechanism_chain"": ""Vinblastine --[inducer]--> Cytochrome P450 3A4 --[substrate: metabolizes]--> Bepridil"", ""chain_type"": ""PK_through_enzyme"", ""confidence"": ""high""}, {""key_entity_id"": ""BE0002363"", ""key_entity_name"": ""Cytochrome P450 2D6"", ""key_entity_type"": ""enzyme"", ""action_drug_a"": ""inhibitor"", ""action_drug_b"": ""substrate"", ""match_pattern"": ""inhibitor-substrate"", ""mechanism_chain"": ""Vinblastine --[inhibitor]--> Cytochrome P450 2D6 --[substrate: metabolizes]--> Bepridil"", ""chain_type"": ""PK_through_enzyme"", ""confidence"": ""high""}, {""key_entity_id"": ""BE0002363"", ""key_entity_name"": ""Cytochrome P450 2D6"", ""key_entity_type"": ""enzyme"", ""action_drug_a"": ""inhibitor"", ""action_drug_b"": ""inhibitor"", ""match_pattern"": ""inhibitor-inhibitor"", ""mechanism_chain"": ""Vinblastine --[inhibitor]--> Cytochrome P450 2D6 <--[inhibitor]-- Bepridil"", ""chain_type"": ""PK_through_enzyme"", ""confidence"": ""high""}]"
DB00570,DB06228,The serum concentration of can be increased when it is combined with,PK,BE0002638,Cytochrome P450 3A4,enzyme,inhibitor,substrate,inhibitor-substrate,Vinblastine --[inhibitor]--> Cytochrome P450 3A4 --[substrate: metabolizes]--> Rivaroxaban,PK_through_enzyme,high,True,"[{""key_entity_id"": ""BE0002638"", ""key_entity_name"": ""Cytochrome P450 3A4"", ""key_entity_type"": ""enzyme"", ""action_drug_a"": ""inducer"", ""action_drug_b"": ""substrate"", ""match_pattern"": ""inducer-substrate"", ""mechanism_chain"": ""Vinblastine --[inducer]--> Cytochrome P450 3A4 --[substrate: metabolizes]--> Rivaroxaban"", ""chain_type"": ""PK_through_enzyme"", ""confidence"": ""high""}]"
DB00570,DB11791,The serum concentration of can be decreased when it is combined with,PK,BE0002638,Cytochrome P450 3A4,enzyme,inhibitor,substrate,inhibitor-substrate,Vinblastine --[inhibitor]--> Cytochrome P450 3A4 --[substrate: metabolizes]--> Capmatinib,PK_through_enzyme,high,True,"[{""key_entity_id"": ""BE0002638"", ""key_entity_name"": ""Cytochrome P450 3A4"", ""key_entity_type"": ""enzyme"", ""action_drug_a"": ""inducer"", ""action_drug_b"": ""substrate"", ""match_pattern"": ""inducer-substrate"", ""mechanism_chain"": ""Vinblastine --[inducer]--> Cytochrome P450 3A4 --[substrate: metabolizes]--> Capmatinib"", ""chain_type"": ""PK_through_enzyme"", ""confidence"": ""high""}]"
DB00570,DB01167,The metabolism of can be decreased when combined with,PK,BE0002638,Cytochrome P450 3A4,enzyme,substrate,inhibitor,inhibitor-substrate,Itraconazole --[inhibitor]--> Cytochrome P450 3A4 --[substrate: metabolizes]--> Vinblastine,PK_through_enzyme,high,True,"[{""key_entity_id"": ""BE0002638"", ""key_entity_name"": ""Cytochrome P450 3A4"", ""key_entity_type"": ""enzyme"", ""action_drug_a"": ""inhibitor"", ""action_drug_b"": ""substrate"", ""match_pattern"": ""inhibitor-substrate"", ""mechanism_chain"": ""Vinblastine --[inhibitor]--> Cytochrome P450 3A4 --[substrate: metabolizes]--> Itraconazole"", ""chain_type"": ""PK_through_enzyme"", ""confidence"": ""high""}, {""key_entity_id"": ""BE0002638"", ""key_entity_name"": ""Cytochrome P450 3A4"", ""key_entity_type"": ""enzyme"", ""action_drug_a"": ""inhibitor"", ""action_drug_b"": ""inhibitor"", ""match_pattern"": ""inhibitor-inhibitor"", ""mechanism_chain"": ""Vinblastine --[inhibitor]--> Cytochrome P450 3A4 <--[inhibitor]-- Itraconazole"", ""chain_type"": ""PK_through_enzyme"", ""confidence"": ""high""}, {""key_entity_id"": ""BE0002638"", ""key_entity_name"": ""Cytochrome P450 3A4"", ""key_entity_type"": ""enzyme"", ""action_drug_a"": ""inducer"", ""action_drug_b"": ""substrate"", ""match_pattern"": ""inducer-substrate"", ""mechanism_chain"": ""Vinblastine --[inducer]--> Cytochrome P450 3A4 --[substrate: metabolizes]--> Itraconazole"", ""chain_type"": ""PK_through_enzyme"", ""confidence"": ""high""}]"
DB00570,DB00836,The serum concentration of can be increased when it is combined with,PK,BE0002638,Cytochrome P450 3A4,enzyme,substrate,inhibitor,inhibitor-substrate,Loperamide --[inhibitor]--> Cytochrome P450 3A4 --[substrate: metabolizes]--> Vinblastine,PK_through_enzyme,high,True,"[{""key_entity_id"": ""BE0002638"", ""key_entity_name"": ""Cytochrome P450 3A4"", ""key_entity_type"": ""enzyme"", ""action_drug_a"": ""inhibitor"", ""action_drug_b"": ""substrate"", ""match_pattern"": ""inhibitor-substrate"", ""mechanism_chain"": ""Vinblastine --[inhibitor]--> Cytochrome P450 3A4 --[substrate: metabolizes]--> Loperamide"", ""chain_type"": ""PK_through_enzyme"", ""confidence"": ""high""}, {""key_entity_id"": ""BE0002638"", ""key_entity_name"": ""Cytochrome P450 3A4"", ""key_entity_type"": ""enzyme"", ""action_drug_a"": ""inhibitor"", ""action_drug_b"": ""inhibitor"", ""match_pattern"": ""inhibitor-inhibitor"", ""mechanism_chain"": ""Vinblastine --[inhibitor]--> Cytochrome P450 3A4 <--[inhibitor]-- Loperamide"", ""chain_type"": ""PK_through_enzyme"", ""confidence"": ""high""}, {""key_entity_id"": ""BE0002638"", ""key_entity_name"": ""Cytochrome P450 3A4"", ""key_entity_type"": ""enzyme"", ""action_drug_a"": ""inducer"", ""action_drug_b"": ""substrate"", ""match_pattern"": ""inducer-substrate"", ""mechanism_chain"": ""Vinblastine --[inducer]--> Cytochrome P450 3A4 --[substrate: metabolizes]--> Loperamide"", ""chain_type"": ""PK_through_enzyme"", ""confidence"": ""high""}, {""key_entity_id"": ""BE0002363"", ""key_entity_name"": ""Cytochrome P450 2D6"", ""key_entity_type"": ""enzyme"", ""action_drug_a"": ""inhibitor"", ""action_drug_b"": ""substrate"", ""match_pattern"": ""inhibitor-substrate"", ""mechanism_chain"": ""Vinblastine --[inhibitor]--> Cytochrome P450 2D6 --[substrate: metabolizes]--> Loperamide"", ""chain_type"": ""PK_through_enzyme"", ""confidence"": ""high""}]"
DB00570,DB01234,The metabolism of can be increased when combined with,PK,BE0002638,Cytochrome P450 3A4,enzyme,substrate,inhibitor,inhibitor-substrate,Dexamethasone --[inhibitor]--> Cytochrome P450 3A4 --[substrate: metabolizes]--> Vinblastine,PK_through_enzyme,high,True,"[{""key_entity_id"": ""BE0002638"", ""key_entity_name"": ""Cytochrome P450 3A4"", ""key_entity_type"": ""enzyme"", ""action_drug_a"": ""substrate"", ""action_drug_b"": ""inducer"", ""match_pattern"": ""inducer-substrate"", ""mechanism_chain"": ""Dexamethasone --[inducer]--> Cytochrome P450 3A4 --[substrate: metabolizes]--> Vinblastine"", ""chain_type"": ""PK_through_enzyme"", ""confidence"": ""high""}, {""key_entity_id"": ""BE0002638"", ""key_entity_name"": ""Cytochrome P450 3A4"", ""key_entity_type"": ""enzyme"", ""action_drug_a"": ""inhibitor"", ""action_drug_b"": ""substrate"", ""match_pattern"": ""inhibitor-substrate"", ""mechanism_chain"": ""Vinblastine --[inhibitor]--> Cytochrome P450 3A4 --[substrate: metabolizes]--> Dexamethasone"", ""chain_type"": ""PK_through_enzyme"", ""confidence"": ""high""}, {""key_entity_id"": ""BE0002638"", ""key_entity_name"": ""Cytochrome P450 3A4"", ""key_entity_type"": ""enzyme"", ""action_drug_a"": ""inhibitor"", ""action_drug_b"": ""inhibitor"", ""match_pattern"": ""inhibitor-inhibitor"", ""mechanism_chain"": ""Vinblastine --[inhibitor]--> Cytochrome P450 3A4 <--[inhibitor]-- Dexamethasone"", ""chain_type"": ""PK_through_enzyme"", ""confidence"": ""high""}, {""key_entity_id"": ""BE0002638"", ""key_entity_name"": ""Cytochrome P450 3A4"", ""key_entity_type"": ""enzyme"", ""action_drug_a"": ""inducer"", ""action_drug_b"": ""substrate"", ""match_pattern"": ""inducer-substrate"", ""mechanism_chain"": ""Vinblastine --[inducer]--> Cytochrome P450 3A4 --[substrate: metabolizes]--> Dexamethasone"", ""chain_type"": ""PK_through_enzyme"", ""confidence"": ""high""}]"
DB00570,DB11672,The metabolism of can be decreased when combined with,PK,BE0002638,Cytochrome P450 3A4,enzyme,substrate,inhibitor,inhibitor-substrate,Curcumin --[inhibitor]--> Cytochrome P450 3A4 --[substrate: metabolizes]--> Vinblastine,PK_through_enzyme,high,True,"[{""key_entity_id"": ""BE0002638"", ""key_entity_name"": ""Cytochrome P450 3A4"", ""key_entity_type"": ""enzyme"", ""action_drug_a"": ""inhibitor"", ""action_drug_b"": ""inhibitor"", ""match_pattern"": ""inhibitor-inhibitor"", ""mechanism_chain"": ""Vinblastine --[inhibitor]--> Cytochrome P450 3A4 <--[inhibitor]-- Curcumin"", ""chain_type"": ""PK_through_enzyme"", ""confidence"": ""high""}, {""key_entity_id"": ""BE0002363"", ""key_entity_name"": ""Cytochrome P450 2D6"", ""key_entity_type"": ""enzyme"", ""action_drug_a"": ""inhibitor"", ""action_drug_b"": ""inhibitor"", ""match_pattern"": ""inhibitor-inhibitor"", ""mechanism_chain"": ""Vinblastine --[inhibitor]--> Cytochrome P450 2D6 <--[inhibitor]-- Curcumin"", ""chain_type"": ""PK_through_enzyme"", ""confidence"": ""high""}]"
DB00570,DB12095,The serum concentration of can be decreased when it is combined with,PK,BE0002638,Cytochrome P450 3A4,enzyme,substrate,inhibitor,inhibitor-substrate,Telotristat ethyl --[inhibitor]--> Cytochrome P450 3A4 --[substrate: metabolizes]--> Vinblastine,PK_through_enzyme,high,True,"[{""key_entity_id"": ""BE0002638"", ""key_entity_name"": ""Cytochrome P450 3A4"", ""key_entity_type"": ""enzyme"", ""action_drug_a"": ""substrate"", ""action_drug_b"": ""inducer"", ""match_pattern"": ""inducer-substrate"", ""mechanism_chain"": ""Telotristat ethyl --[inducer]--> Cytochrome P450 3A4 --[substrate: metabolizes]--> Vinblastine"", ""chain_type"": ""PK_through_enzyme"", ""confidence"": ""high""}, {""key_entity_id"": ""BE0002638"", ""key_entity_name"": ""Cytochrome P450 3A4"", ""key_entity_type"": ""enzyme"", ""action_drug_a"": ""inhibitor"", ""action_drug_b"": ""inhibitor"", ""match_pattern"": ""inhibitor-inhibitor"", ""mechanism_chain"": ""Vinblastine --[inhibitor]--> Cytochrome P450 3A4 <--[inhibitor]-- Telotristat ethyl"", ""chain_type"": ""PK_through_enzyme"", ""confidence"": ""high""}, {""key_entity_id"": ""BE0002363"", ""key_entity_name"": ""Cytochrome P450 2D6"", ""key_entity_type"": ""enzyme"", ""action_drug_a"": ""inhibitor"", ""action_drug_b"": ""inhibitor"", ""match_pattern"": ""inhibitor-inhibitor"", ""mechanism_chain"": ""Vinblastine --[inhibitor]--> Cytochrome P450 2D6 <--[inhibitor]-- Telotristat ethyl"", ""chain_type"": ""PK_through_enzyme"", ""confidence"": ""high""}]"
DB00570,DB15149,The serum concentration of can be increased when it is combined with,PK,BE0002638,Cytochrome P450 3A4,enzyme,inhibitor,substrate,inhibitor-substrate,Vinblastine --[inhibitor]--> Cytochrome P450 3A4 --[substrate: metabolizes]--> Futibatinib,PK_through_enzyme,high,True,"[{""key_entity_id"": ""BE0002638"", ""key_entity_name"": ""Cytochrome P450 3A4"", ""key_entity_type"": ""enzyme"", ""action_drug_a"": ""inducer"", ""action_drug_b"": ""substrate"", ""match_pattern"": ""inducer-substrate"", ""mechanism_chain"": ""Vinblastine --[inducer]--> Cytochrome P450 3A4 --[substrate: metabolizes]--> Futibatinib"", ""chain_type"": ""PK_through_enzyme"", ""confidence"": ""high""}, {""key_entity_id"": ""BE0002363"", ""key_entity_name"": ""Cytochrome P450 2D6"", ""key_entity_type"": ""enzyme"", ""action_drug_a"": ""inhibitor"", ""action_drug_b"": ""substrate"", ""match_pattern"": ""inhibitor-substrate"", ""mechanism_chain"": ""Vinblastine --[inhibitor]--> Cytochrome P450 2D6 --[substrate: metabolizes]--> Futibatinib"", ""chain_type"": ""PK_through_enzyme"", ""confidence"": ""high""}]"
DB00570,DB09009,The risk or severity of methemoglobinemia can be increased when is combined with,PD,,,,,,,,,,False,[]
DB00575,DB09063,may increase the bradycardic activities of,PD,,,,,,,,,,False,[]
DB00575,DB00871,may decrease the antihypertensive activities of,PD,,,,,,,,,,False,[]
DB00575,DB01113,The risk or severity of adverse effects can be increased when is combined with,PD,,,,,,,,,,False,[]
DB00575,DB08868,may increase the bradycardic activities of,PD,,,,,,,,,,False,[]
DB00575,DB00857,The metabolism of can be decreased when combined with,PK,BE0002638,Cytochrome P450 3A4,enzyme,substrate,inducer,inducer-substrate,Terbinafine --[inducer]--> Cytochrome P450 3A4 --[substrate: metabolizes]--> Clonidine,PK_through_enzyme,high,True,"[{""key_entity_id"": ""BE0002363"", ""key_entity_name"": ""Cytochrome P450 2D6"", ""key_entity_type"": ""enzyme"", ""action_drug_a"": ""substrate"", ""action_drug_b"": ""inhibitor"", ""match_pattern"": ""inhibitor-substrate"", ""mechanism_chain"": ""Terbinafine --[inhibitor]--> Cytochrome P450 2D6 --[substrate: metabolizes]--> Clonidine"", ""chain_type"": ""PK_through_enzyme"", ""confidence"": ""high""}]"
DB00575,DB06708,The metabolism of can be decreased when combined with,PK,BE0002363,Cytochrome P450 2D6,enzyme,substrate,inhibitor,inhibitor-substrate,Lumefantrine --[inhibitor]--> Cytochrome P450 2D6 --[substrate: metabolizes]--> Clonidine,PK_through_enzyme,high,True,[]
DB00575,DB01009,The therapeutic efficacy of can be decreased when used in combination with,PD,,,,,,,,,,False,[]
DB00575,DB06736,The therapeutic efficacy of can be decreased when used in combination with,PD,,,,,,,,,,False,[]
DB00575,DB08976,The therapeutic efficacy of can be decreased when used in combination with,PD,,,,,,,,,,False,[]
DB00575,DB08981,The therapeutic efficacy of can be decreased when used in combination with,PD,,,,,,,,,,False,[]
DB00575,DB00741,The metabolism of can be increased when combined with,PK,BE0002638,Cytochrome P450 3A4,enzyme,substrate,inducer,inducer-substrate,Hydrocortisone --[inducer]--> Cytochrome P450 3A4 --[substrate: metabolizes]--> Clonidine,PK_through_enzyme,high,True,[]
DB00575,DB13952,The metabolism of can be increased when combined with,PK,BE0002638,Cytochrome P450 3A4,enzyme,substrate,inducer,inducer-substrate,Estradiol acetate --[inducer]--> Cytochrome P450 3A4 --[substrate: metabolizes]--> Clonidine,PK_through_enzyme,high,True,"[{""key_entity_id"": ""BE0002433"", ""key_entity_name"": ""Cytochrome P450 1A2"", ""key_entity_type"": ""enzyme"", ""action_drug_a"": ""substrate"", ""action_drug_b"": ""inhibitor"", ""match_pattern"": ""inhibitor-substrate"", ""mechanism_chain"": ""Estradiol acetate --[inhibitor]--> Cytochrome P450 1A2 --[substrate: metabolizes]--> Clonidine"", ""chain_type"": ""PK_through_enzyme"", ""confidence"": ""high""}]"
DB00575,DB14539,The metabolism of can be increased when combined with,PK,BE0002638,Cytochrome P450 3A4,enzyme,substrate,inducer,inducer-substrate,Hydrocortisone acetate --[inducer]--> Cytochrome P450 3A4 --[substrate: metabolizes]--> Clonidine,PK_through_enzyme,high,True,[]
DB00575,DB11703,The metabolism of can be decreased when combined with,PK,BE0002638,Cytochrome P450 3A4,enzyme,substrate,inhibitor,inhibitor-substrate,Acalabrutinib --[inhibitor]--> Cytochrome P450 3A4 --[substrate: metabolizes]--> Clonidine,PK_through_enzyme,high,True,"[{""key_entity_id"": ""BE0002362"", ""key_entity_name"": ""Cytochrome P450 3A5"", ""key_entity_type"": ""enzyme"", ""action_drug_a"": ""substrate"", ""action_drug_b"": ""inhibitor"", ""match_pattern"": ""inhibitor-substrate"", ""mechanism_chain"": ""Acalabrutinib --[inhibitor]--> Cytochrome P450 3A5 --[substrate: metabolizes]--> Clonidine"", ""chain_type"": ""PK_through_enzyme"", ""confidence"": ""high""}]"
DB00575,DB06791,The metabolism of can be decreased when combined with,PK,BE0002638,Cytochrome P450 3A4,enzyme,substrate,inhibitor,inhibitor-substrate,Lanreotide --[inhibitor]--> Cytochrome P450 3A4 --[substrate: metabolizes]--> Clonidine,PK_through_enzyme,high,True,[]
DB00575,DB05239,The metabolism of can be decreased when combined with,PK,BE0002638,Cytochrome P450 3A4,enzyme,substrate,inhibitor,inhibitor-substrate,Cobimetinib --[inhibitor]--> Cytochrome P450 3A4 --[substrate: metabolizes]--> Clonidine,PK_through_enzyme,high,True,"[{""key_entity_id"": ""BE0002363"", ""key_entity_name"": ""Cytochrome P450 2D6"", ""key_entity_type"": ""enzyme"", ""action_drug_a"": ""substrate"", ""action_drug_b"": ""inhibitor"", ""match_pattern"": ""inhibitor-substrate"", ""mechanism_chain"": ""Cobimetinib --[inhibitor]--> Cytochrome P450 2D6 --[substrate: metabolizes]--> Clonidine"", ""chain_type"": ""PK_through_enzyme"", ""confidence"": ""high""}]"
DB00575,DB00938,The metabolism of can be decreased when combined with,PK,,,,,,,,,,False,[]
DB00575,DB06228,The metabolism of can be decreased when combined with,PK,,,,,,,,,,False,[]
DB00575,DB01182,The metabolism of can be decreased when combined with,PK,BE0002433,Cytochrome P450 1A2,enzyme,substrate,inhibitor,inhibitor-substrate,Propafenone --[inhibitor]--> Cytochrome P450 1A2 --[substrate: metabolizes]--> Clonidine,PK_through_enzyme,high,True,"[{""key_entity_id"": ""BE0002363"", ""key_entity_name"": ""Cytochrome P450 2D6"", ""key_entity_type"": ""enzyme"", ""action_drug_a"": ""substrate"", ""action_drug_b"": ""inhibitor"", ""match_pattern"": ""inhibitor-substrate"", ""mechanism_chain"": ""Propafenone --[inhibitor]--> Cytochrome P450 2D6 --[substrate: metabolizes]--> Clonidine"", ""chain_type"": ""PK_through_enzyme"", ""confidence"": ""high""}]"
DB00575,DB01274,The metabolism of can be decreased when combined with,PK,,,,,,,,,,False,[]
DB00575,DB01424,The metabolism of can be decreased when combined with,PK,,,,,,,,,,False,[]
DB00575,DB00787,The metabolism of can be decreased when combined with,PK,,,,,,,,,,False,[]
DB00575,DB13074,The therapeutic efficacy of can be decreased when used in combination with,PD,,,,,,,,,,False,[]
DB00575,DB13946,may increase the hypertensive activities of,PD,,,,,,,,,,False,[]
DB00575,DB00647,The risk or severity of sedation can be increased when is combined with,PD,,,,,,,,,,False,[]
DB00575,DB00679,The risk or severity of sedation can be increased when is combined with,PD,BE0000575,Alpha-1B adrenergic receptor,target,agonist,antagonist,agonist-antagonist,Clonidine --[agonist]--> Alpha-1B adrenergic receptor <--[antagonist]-- Thioridazine,PD_opposing_target,low,True,"[{""key_entity_id"": ""BE0000501"", ""key_entity_name"": ""Alpha-1A adrenergic receptor"", ""key_entity_type"": ""target"", ""action_drug_a"": ""agonist"", ""action_drug_b"": ""antagonist"", ""match_pattern"": ""agonist-antagonist"", ""mechanism_chain"": ""Clonidine --[agonist]--> Alpha-1A adrenergic receptor <--[antagonist]-- Thioridazine"", ""chain_type"": ""PD_opposing_target"", ""confidence"": ""low""}]"
DB00575,DB01168,The risk or severity of sedation can be increased when is combined with,PD,,,,,,,,,,False,[]
DB00575,DB01198,The risk or severity of sedation can be increased when is combined with,PD,,,,,,,,,,False,[]
DB00575,DB01616,The risk or severity of sedation can be increased when is combined with,PD,,,,,,,,,,False,[]
DB00575,DB06016,The risk or severity of sedation can be increased when is combined with,PD,BE0000501,Alpha-1A adrenergic receptor,target,agonist,antagonist,agonist-antagonist,Clonidine --[agonist]--> Alpha-1A adrenergic receptor <--[antagonist]-- Cariprazine,PD_opposing_target,low,True,[]
DB00575,DB06144,The risk or severity of sedation can be increased when is combined with,PD,,,,,,,,,,False,[]
DB00575,DB06701,The risk or severity of sedation can be increased when is combined with,PD,,,,,,,,,,False,[]
DB00575,DB06797,The risk or severity of sedation can be increased when is combined with,PD,,,,,,,,,,False,[]
DB00575,DB11609,The risk or severity of sedation can be increased when is combined with,PD,,,,,,,,,,False,[]
DB00575,DB13213,The risk or severity of sedation can be increased when is combined with,PD,,,,,,,,,,False,[]
DB00575,DB09009,The risk or severity of sedation can be increased when is combined with,PD,,,,,,,,,,False,[]
DB00575,DB00836,may increase the bradycardic activities of,PD,,,,,,,,,,False,[]
DB00575,DB11791,The serum concentration of can be increased when it is combined with,PK,BE0002433,Cytochrome P450 1A2,enzyme,substrate,inhibitor,inhibitor-substrate,Capmatinib --[inhibitor]--> Cytochrome P450 1A2 --[substrate: metabolizes]--> Clonidine,PK_through_enzyme,high,True,[]
DB00575,DB00957,The risk or severity of sedation can be increased when is combined with,PD,,,,,,,,,,False,[]
DB00575,DB01167,The metabolism of can be decreased when combined with,PK,BE0002638,Cytochrome P450 3A4,enzyme,substrate,inhibitor,inhibitor-substrate,Itraconazole --[inhibitor]--> Cytochrome P450 3A4 --[substrate: metabolizes]--> Clonidine,PK_through_enzyme,high,True,"[{""key_entity_id"": ""BE0002362"", ""key_entity_name"": ""Cytochrome P450 3A5"", ""key_entity_type"": ""enzyme"", ""action_drug_a"": ""substrate"", ""action_drug_b"": ""inhibitor"", ""match_pattern"": ""inhibitor-substrate"", ""mechanism_chain"": ""Itraconazole --[inhibitor]--> Cytochrome P450 3A5 --[substrate: metabolizes]--> Clonidine"", ""chain_type"": ""PK_through_enzyme"", ""confidence"": ""high""}, {""key_entity_id"": ""BE0003543"", ""key_entity_name"": ""Cytochrome P450 1A1"", ""key_entity_type"": ""enzyme"", ""action_drug_a"": ""substrate"", ""action_drug_b"": ""inducer"", ""match_pattern"": ""inducer-substrate"", ""mechanism_chain"": ""Itraconazole --[inducer]--> Cytochrome P450 1A1 --[substrate: metabolizes]--> Clonidine"", ""chain_type"": ""PK_through_enzyme"", ""confidence"": ""high""}]"
DB00575,DB01234,The metabolism of can be increased when combined with,PK,BE0002638,Cytochrome P450 3A4,enzyme,substrate,inhibitor,inhibitor-substrate,Dexamethasone --[inhibitor]--> Cytochrome P450 3A4 --[substrate: metabolizes]--> Clonidine,PK_through_enzyme,high,True,"[{""key_entity_id"": ""BE0002638"", ""key_entity_name"": ""Cytochrome P450 3A4"", ""key_entity_type"": ""enzyme"", ""action_drug_a"": ""substrate"", ""action_drug_b"": ""inducer"", ""match_pattern"": ""inducer-substrate"", ""mechanism_chain"": ""Dexamethasone --[inducer]--> Cytochrome P450 3A4 --[substrate: metabolizes]--> Clonidine"", ""chain_type"": ""PK_through_enzyme"", ""confidence"": ""high""}, {""key_entity_id"": ""BE0002362"", ""key_entity_name"": ""Cytochrome P450 3A5"", ""key_entity_type"": ""enzyme"", ""action_drug_a"": ""substrate"", ""action_drug_b"": ""inducer"", ""match_pattern"": ""inducer-substrate"", ""mechanism_chain"": ""Dexamethasone --[inducer]--> Cytochrome P450 3A5 --[substrate: metabolizes]--> Clonidine"", ""chain_type"": ""PK_through_enzyme"", ""confidence"": ""high""}, {""key_entity_id"": ""BE0003543"", ""key_entity_name"": ""Cytochrome P450 1A1"", ""key_entity_type"": ""enzyme"", ""action_drug_a"": ""substrate"", ""action_drug_b"": ""inhibitor"", ""match_pattern"": ""inhibitor-substrate"", ""mechanism_chain"": ""Dexamethasone --[inhibitor]--> Cytochrome P450 1A1 --[substrate: metabolizes]--> Clonidine"", ""chain_type"": ""PK_through_enzyme"", ""confidence"": ""high""}, {""key_entity_id"": ""BE0003543"", ""key_entity_name"": ""Cytochrome P450 1A1"", ""key_entity_type"": ""enzyme"", ""action_drug_a"": ""substrate"", ""action_drug_b"": ""inducer"", ""match_pattern"": ""inducer-substrate"", ""mechanism_chain"": ""Dexamethasone --[inducer]--> Cytochrome P450 1A1 --[substrate: metabolizes]--> Clonidine"", ""chain_type"": ""PK_through_enzyme"", ""confidence"": ""high""}]"
DB00575,DB11672,The metabolism of can be decreased when combined with,PK,BE0002638,Cytochrome P450 3A4,enzyme,substrate,inhibitor,inhibitor-substrate,Curcumin --[inhibitor]--> Cytochrome P450 3A4 --[substrate: metabolizes]--> Clonidine,PK_through_enzyme,high,True,"[{""key_entity_id"": ""BE0002433"", ""key_entity_name"": ""Cytochrome P450 1A2"", ""key_entity_type"": ""enzyme"", ""action_drug_a"": ""substrate"", ""action_drug_b"": ""inhibitor"", ""match_pattern"": ""inhibitor-substrate"", ""mechanism_chain"": ""Curcumin --[inhibitor]--> Cytochrome P450 1A2 --[substrate: metabolizes]--> Clonidine"", ""chain_type"": ""PK_through_enzyme"", ""confidence"": ""high""}, {""key_entity_id"": ""BE0002363"", ""key_entity_name"": ""Cytochrome P450 2D6"", ""key_entity_type"": ""enzyme"", ""action_drug_a"": ""substrate"", ""action_drug_b"": ""inhibitor"", ""match_pattern"": ""inhibitor-substrate"", ""mechanism_chain"": ""Curcumin --[inhibitor]--> Cytochrome P450 2D6 --[substrate: metabolizes]--> Clonidine"", ""chain_type"": ""PK_through_enzyme"", ""confidence"": ""high""}]"
DB00575,DB11201,The therapeutic efficacy of can be decreased when used in combination with,PD,,,,,,,,,,False,[]
DB00575,DB12095,The serum concentration of can be decreased when it is combined with,PK,BE0002638,Cytochrome P450 3A4,enzyme,substrate,inhibitor,inhibitor-substrate,Telotristat ethyl --[inhibitor]--> Cytochrome P450 3A4 --[substrate: metabolizes]--> Clonidine,PK_through_enzyme,high,True,"[{""key_entity_id"": ""BE0002638"", ""key_entity_name"": ""Cytochrome P450 3A4"", ""key_entity_type"": ""enzyme"", ""action_drug_a"": ""substrate"", ""action_drug_b"": ""inducer"", ""match_pattern"": ""inducer-substrate"", ""mechanism_chain"": ""Telotristat ethyl --[inducer]--> Cytochrome P450 3A4 --[substrate: metabolizes]--> Clonidine"", ""chain_type"": ""PK_through_enzyme"", ""confidence"": ""high""}, {""key_entity_id"": ""BE0002363"", ""key_entity_name"": ""Cytochrome P450 2D6"", ""key_entity_type"": ""enzyme"", ""action_drug_a"": ""substrate"", ""action_drug_b"": ""inhibitor"", ""match_pattern"": ""inhibitor-substrate"", ""mechanism_chain"": ""Telotristat ethyl --[inhibitor]--> Cytochrome P450 2D6 --[substrate: metabolizes]--> Clonidine"", ""chain_type"": ""PK_through_enzyme"", ""confidence"": ""high""}]"
DB00647,DB11609,The risk or severity of adverse effects can be increased when is combined with,PD,,,,,,,,,,False,[]
DB00647,DB01198,The metabolism of can be decreased when combined with,PK,BE0002638,Cytochrome P450 3A4,enzyme,inhibitor,substrate,inhibitor-substrate,Dextropropoxyphene --[inhibitor]--> Cytochrome P450 3A4 --[substrate: metabolizes]--> Zopiclone,PK_through_enzyme,high,True,[]
DB00647,DB00940,The risk or severity of adverse effects can be increased when is combined with,PD,,,,,,,,,,False,[]
DB00647,DB08801,The risk or severity of adverse effects can be increased when is combined with,PD,,,,,,,,,,False,[]
DB00647,DB00915,The risk or severity of adverse effects can be increased when is combined with,PD,,,,,,,,,,False,[]
DB00647,DB00857,The metabolism of can be decreased when combined with,PK,BE0002638,Cytochrome P450 3A4,enzyme,substrate,inducer,inducer-substrate,Terbinafine --[inducer]--> Cytochrome P450 3A4 --[substrate: metabolizes]--> Dextropropoxyphene,PK_through_enzyme,high,True,"[{""key_entity_id"": ""BE0002638"", ""key_entity_name"": ""Cytochrome P450 3A4"", ""key_entity_type"": ""enzyme"", ""action_drug_a"": ""inhibitor"", ""action_drug_b"": ""substrate"", ""match_pattern"": ""inhibitor-substrate"", ""mechanism_chain"": ""Dextropropoxyphene --[inhibitor]--> Cytochrome P450 3A4 --[substrate: metabolizes]--> Terbinafine"", ""chain_type"": ""PK_through_enzyme"", ""confidence"": ""high""}, {""key_entity_id"": ""BE0002363"", ""key_entity_name"": ""Cytochrome P450 2D6"", ""key_entity_type"": ""enzyme"", ""action_drug_a"": ""substrate"", ""action_drug_b"": ""inhibitor"", ""match_pattern"": ""inhibitor-substrate"", ""mechanism_chain"": ""Terbinafine --[inhibitor]--> Cytochrome P450 2D6 --[substrate: metabolizes]--> Dextropropoxyphene"", ""chain_type"": ""PK_through_enzyme"", ""confidence"": ""high""}, {""key_entity_id"": ""BE0002363"", ""key_entity_name"": ""Cytochrome P450 2D6"", ""key_entity_type"": ""enzyme"", ""action_drug_a"": ""inhibitor"", ""action_drug_b"": ""inhibitor"", ""match_pattern"": ""inhibitor-inhibitor"", ""mechanism_chain"": ""Dextropropoxyphene --[inhibitor]--> Cytochrome P450 2D6 <--[inhibitor]-- Terbinafine"", ""chain_type"": ""PK_through_enzyme"", ""confidence"": ""high""}]"
DB00647,DB06708,The metabolism of can be decreased when combined with,PK,BE0002638,Cytochrome P450 3A4,enzyme,inhibitor,substrate,inhibitor-substrate,Dextropropoxyphene --[inhibitor]--> Cytochrome P450 3A4 --[substrate: metabolizes]--> Lumefantrine,PK_through_enzyme,high,True,"[{""key_entity_id"": ""BE0002363"", ""key_entity_name"": ""Cytochrome P450 2D6"", ""key_entity_type"": ""enzyme"", ""action_drug_a"": ""substrate"", ""action_drug_b"": ""inhibitor"", ""match_pattern"": ""inhibitor-substrate"", ""mechanism_chain"": ""Lumefantrine --[inhibitor]--> Cytochrome P450 2D6 --[substrate: metabolizes]--> Dextropropoxyphene"", ""chain_type"": ""PK_through_enzyme"", ""confidence"": ""high""}, {""key_entity_id"": ""BE0002363"", ""key_entity_name"": ""Cytochrome P450 2D6"", ""key_entity_type"": ""enzyme"", ""action_drug_a"": ""inhibitor"", ""action_drug_b"": ""inhibitor"", ""match_pattern"": ""inhibitor-inhibitor"", ""mechanism_chain"": ""Dextropropoxyphene --[inhibitor]--> Cytochrome P450 2D6 <--[inhibitor]-- Lumefantrine"", ""chain_type"": ""PK_through_enzyme"", ""confidence"": ""high""}]"
DB00647,DB00679,The metabolism of can be decreased when combined with,PK,BE0002363,Cytochrome P450 2D6,enzyme,substrate,inhibitor,inhibitor-substrate,Thioridazine --[inhibitor]--> Cytochrome P450 2D6 --[substrate: metabolizes]--> Dextropropoxyphene,PK_through_enzyme,high,True,"[{""key_entity_id"": ""BE0002363"", ""key_entity_name"": ""Cytochrome P450 2D6"", ""key_entity_type"": ""enzyme"", ""action_drug_a"": ""inhibitor"", ""action_drug_b"": ""substrate"", ""match_pattern"": ""inhibitor-substrate"", ""mechanism_chain"": ""Dextropropoxyphene --[inhibitor]--> Cytochrome P450 2D6 --[substrate: metabolizes]--> Thioridazine"", ""chain_type"": ""PK_through_enzyme"", ""confidence"": ""high""}, {""key_entity_id"": ""BE0002363"", ""key_entity_name"": ""Cytochrome P450 2D6"", ""key_entity_type"": ""enzyme"", ""action_drug_a"": ""inhibitor"", ""action_drug_b"": ""inhibitor"", ""match_pattern"": ""inhibitor-inhibitor"", ""mechanism_chain"": ""Dextropropoxyphene --[inhibitor]--> Cytochrome P450 2D6 <--[inhibitor]-- Thioridazine"", ""chain_type"": ""PK_through_enzyme"", ""confidence"": ""high""}]"
DB00647,DB01182,The metabolism of can be decreased when combined with,PK,BE0002638,Cytochrome P450 3A4,enzyme,inhibitor,substrate,inhibitor-substrate,Dextropropoxyphene --[inhibitor]--> Cytochrome P450 3A4 --[substrate: metabolizes]--> Propafenone,PK_through_enzyme,high,True,"[{""key_entity_id"": ""BE0002363"", ""key_entity_name"": ""Cytochrome P450 2D6"", ""key_entity_type"": ""enzyme"", ""action_drug_a"": ""substrate"", ""action_drug_b"": ""inhibitor"", ""match_pattern"": ""inhibitor-substrate"", ""mechanism_chain"": ""Propafenone --[inhibitor]--> Cytochrome P450 2D6 --[substrate: metabolizes]--> Dextropropoxyphene"", ""chain_type"": ""PK_through_enzyme"", ""confidence"": ""high""}, {""key_entity_id"": ""BE0002363"", ""key_entity_name"": ""Cytochrome P450 2D6"", ""key_entity_type"": ""enzyme"", ""action_drug_a"": ""inhibitor"", ""action_drug_b"": ""substrate"", ""match_pattern"": ""inhibitor-substrate"", ""mechanism_chain"": ""Dextropropoxyphene --[inhibitor]--> Cytochrome P450 2D6 --[substrate: metabolizes]--> Propafenone"", ""chain_type"": ""PK_through_enzyme"", ""confidence"": ""high""}, {""key_entity_id"": ""BE0002363"", ""key_entity_name"": ""Cytochrome P450 2D6"", ""key_entity_type"": ""enzyme"", ""action_drug_a"": ""inhibitor"", ""action_drug_b"": ""inhibitor"", ""match_pattern"": ""inhibitor-inhibitor"", ""mechanism_chain"": ""Dextropropoxyphene --[inhibitor]--> Cytochrome P450 2D6 <--[inhibitor]-- Propafenone"", ""chain_type"": ""PK_through_enzyme"", ""confidence"": ""high""}]"
DB00647,DB01616,The risk or severity of CNS depression can be increased when is combined with,PD,,,,,,,,,,False,[]
DB00647,DB06016,The risk or severity of CNS depression can be increased when is combined with,PD,,,,,,,,,,False,[]
DB00647,DB06144,The risk or severity of CNS depression can be increased when is combined with,PD,,,,,,,,,,False,[]
DB00647,DB06701,The risk or severity of CNS depression can be increased when is combined with,PD,,,,,,,,,,False,[]
DB00647,DB06797,The risk or severity of CNS depression can be increased when is combined with,PD,,,,,,,,,,False,[]
DB00647,DB09009,The risk or severity of CNS depression can be increased when is combined with,PD,,,,,,,,,,False,[]
DB00647,DB01168,The risk or severity of adverse effects can be increased when is combined with,PD,,,,,,,,,,False,[]
DB00647,DB01046,The therapeutic efficacy of can be decreased when used in combination with,PD,,,,,,,,,,False,[]
DB00647,DB14627,The therapeutic efficacy of can be decreased when used in combination with,PD,,,,,,,,,,False,[]
DB00647,DB05239,The serum concentration of can be increased when it is combined with,PK,BE0002638,Cytochrome P450 3A4,enzyme,substrate,inhibitor,inhibitor-substrate,Cobimetinib --[inhibitor]--> Cytochrome P450 3A4 --[substrate: metabolizes]--> Dextropropoxyphene,PK_through_enzyme,high,True,"[{""key_entity_id"": ""BE0002638"", ""key_entity_name"": ""Cytochrome P450 3A4"", ""key_entity_type"": ""enzyme"", ""action_drug_a"": ""inhibitor"", ""action_drug_b"": ""substrate"", ""match_pattern"": ""inhibitor-substrate"", ""mechanism_chain"": ""Dextropropoxyphene --[inhibitor]--> Cytochrome P450 3A4 --[substrate: metabolizes]--> Cobimetinib"", ""chain_type"": ""PK_through_enzyme"", ""confidence"": ""high""}, {""key_entity_id"": ""BE0002638"", ""key_entity_name"": ""Cytochrome P450 3A4"", ""key_entity_type"": ""enzyme"", ""action_drug_a"": ""inhibitor"", ""action_drug_b"": ""inhibitor"", ""match_pattern"": ""inhibitor-inhibitor"", ""mechanism_chain"": ""Dextropropoxyphene --[inhibitor]--> Cytochrome P450 3A4 <--[inhibitor]-- Cobimetinib"", ""chain_type"": ""PK_through_enzyme"", ""confidence"": ""high""}, {""key_entity_id"": ""BE0002363"", ""key_entity_name"": ""Cytochrome P450 2D6"", ""key_entity_type"": ""enzyme"", ""action_drug_a"": ""substrate"", ""action_drug_b"": ""inhibitor"", ""match_pattern"": ""inhibitor-substrate"", ""mechanism_chain"": ""Cobimetinib --[inhibitor]--> Cytochrome P450 2D6 --[substrate: metabolizes]--> Dextropropoxyphene"", ""chain_type"": ""PK_through_enzyme"", ""confidence"": ""high""}, {""key_entity_id"": ""BE0002363"", ""key_entity_name"": ""Cytochrome P450 2D6"", ""key_entity_type"": ""enzyme"", ""action_drug_a"": ""inhibitor"", ""action_drug_b"": ""inhibitor"", ""match_pattern"": ""inhibitor-inhibitor"", ""mechanism_chain"": ""Dextropropoxyphene --[inhibitor]--> Cytochrome P450 2D6 <--[inhibitor]-- Cobimetinib"", ""chain_type"": ""PK_through_enzyme"", ""confidence"": ""high""}]"
DB00647,DB09063,The serum concentration of can be increased when it is combined with,PK,BE0002638,Cytochrome P450 3A4,enzyme,substrate,inhibitor,inhibitor-substrate,Ceritinib --[inhibitor]--> Cytochrome P450 3A4 --[substrate: metabolizes]--> Dextropropoxyphene,PK_through_enzyme,high,True,"[{""key_entity_id"": ""BE0002638"", ""key_entity_name"": ""Cytochrome P450 3A4"", ""key_entity_type"": ""enzyme"", ""action_drug_a"": ""inhibitor"", ""action_drug_b"": ""substrate"", ""match_pattern"": ""inhibitor-substrate"", ""mechanism_chain"": ""Dextropropoxyphene --[inhibitor]--> Cytochrome P450 3A4 --[substrate: metabolizes]--> Ceritinib"", ""chain_type"": ""PK_through_enzyme"", ""confidence"": ""high""}, {""key_entity_id"": ""BE0002638"", ""key_entity_name"": ""Cytochrome P450 3A4"", ""key_entity_type"": ""enzyme"", ""action_drug_a"": ""inhibitor"", ""action_drug_b"": ""inhibitor"", ""match_pattern"": ""inhibitor-inhibitor"", ""mechanism_chain"": ""Dextropropoxyphene --[inhibitor]--> Cytochrome P450 3A4 <--[inhibitor]-- Ceritinib"", ""chain_type"": ""PK_through_enzyme"", ""confidence"": ""high""}]"
DB00647,DB11703,The serum concentration of can be increased when it is combined with,PK,BE0002638,Cytochrome P450 3A4,enzyme,substrate,inhibitor,inhibitor-substrate,Acalabrutinib --[inhibitor]--> Cytochrome P450 3A4 --[substrate: metabolizes]--> Dextropropoxyphene,PK_through_enzyme,high,True,"[{""key_entity_id"": ""BE0002638"", ""key_entity_name"": ""Cytochrome P450 3A4"", ""key_entity_type"": ""enzyme"", ""action_drug_a"": ""inhibitor"", ""action_drug_b"": ""substrate"", ""match_pattern"": ""inhibitor-substrate"", ""mechanism_chain"": ""Dextropropoxyphene --[inhibitor]--> Cytochrome P450 3A4 --[substrate: metabolizes]--> Acalabrutinib"", ""chain_type"": ""PK_through_enzyme"", ""confidence"": ""high""}, {""key_entity_id"": ""BE0002638"", ""key_entity_name"": ""Cytochrome P450 3A4"", ""key_entity_type"": ""enzyme"", ""action_drug_a"": ""inhibitor"", ""action_drug_b"": ""inhibitor"", ""match_pattern"": ""inhibitor-inhibitor"", ""mechanism_chain"": ""Dextropropoxyphene --[inhibitor]--> Cytochrome P450 3A4 <--[inhibitor]-- Acalabrutinib"", ""chain_type"": ""PK_through_enzyme"", ""confidence"": ""high""}, {""key_entity_id"": ""BE0004866"", ""key_entity_name"": ""Cytochrome P450 3A Subfamily"", ""key_entity_type"": ""enzyme"", ""action_drug_a"": ""inhibitor"", ""action_drug_b"": ""substrate"", ""match_pattern"": ""inhibitor-substrate"", ""mechanism_chain"": ""Dextropropoxyphene --[inhibitor]--> Cytochrome P450 3A Subfamily --[substrate: metabolizes]--> Acalabrutinib"", ""chain_type"": ""PK_through_enzyme"", ""confidence"": ""high""}]"
DB00647,DB09143,The serum concentration of can be increased when it is combined with,PK,BE0002638,Cytochrome P450 3A4,enzyme,inhibitor,substrate,inhibitor-substrate,Dextropropoxyphene --[inhibitor]--> Cytochrome P450 3A4 --[substrate: metabolizes]--> Sonidegib,PK_through_enzyme,high,True,[]
DB00647,DB01274,The metabolism of can be decreased when combined with,PK,BE0002363,Cytochrome P450 2D6,enzyme,inhibitor,substrate,inhibitor-substrate,Dextropropoxyphene --[inhibitor]--> Cytochrome P450 2D6 --[substrate: metabolizes]--> Arformoterol,PK_through_enzyme,high,True,[]
DB00647,DB01115,The metabolism of can be decreased when combined with,PK,BE0002638,Cytochrome P450 3A4,enzyme,substrate,inhibitor,inhibitor-substrate,Nifedipine --[inhibitor]--> Cytochrome P450 3A4 --[substrate: metabolizes]--> Dextropropoxyphene,PK_through_enzyme,high,True,"[{""key_entity_id"": ""BE0002638"", ""key_entity_name"": ""Cytochrome P450 3A4"", ""key_entity_type"": ""enzyme"", ""action_drug_a"": ""substrate"", ""action_drug_b"": ""inducer"", ""match_pattern"": ""inducer-substrate"", ""mechanism_chain"": ""Nifedipine --[inducer]--> Cytochrome P450 3A4 --[substrate: metabolizes]--> Dextropropoxyphene"", ""chain_type"": ""PK_through_enzyme"", ""confidence"": ""high""}, {""key_entity_id"": ""BE0002638"", ""key_entity_name"": ""Cytochrome P450 3A4"", ""key_entity_type"": ""enzyme"", ""action_drug_a"": ""inhibitor"", ""action_drug_b"": ""substrate"", ""match_pattern"": ""inhibitor-substrate"", ""mechanism_chain"": ""Dextropropoxyphene --[inhibitor]--> Cytochrome P450 3A4 --[substrate: metabolizes]--> Nifedipine"", ""chain_type"": ""PK_through_enzyme"", ""confidence"": ""high""}, {""key_entity_id"": ""BE0002638"", ""key_entity_name"": ""Cytochrome P450 3A4"", ""key_entity_type"": ""enzyme"", ""action_drug_a"": ""inhibitor"", ""action_drug_b"": ""inhibitor"", ""match_pattern"": ""inhibitor-inhibitor"", ""mechanism_chain"": ""Dextropropoxyphene --[inhibitor]--> Cytochrome P450 3A4 <--[inhibitor]-- Nifedipine"", ""chain_type"": ""PK_through_enzyme"", ""confidence"": ""high""}, {""key_entity_id"": ""BE0002363"", ""key_entity_name"": ""Cytochrome P450 2D6"", ""key_entity_type"": ""enzyme"", ""action_drug_a"": ""substrate"", ""action_drug_b"": ""inhibitor"", ""match_pattern"": ""inhibitor-substrate"", ""mechanism_chain"": ""Nifedipine --[inhibitor]--> Cytochrome P450 2D6 --[substrate: metabolizes]--> Dextropropoxyphene"", ""chain_type"": ""PK_through_enzyme"", ""confidence"": ""high""}, {""key_entity_id"": ""BE0002363"", ""key_entity_name"": ""Cytochrome P450 2D6"", ""key_entity_type"": ""enzyme"", ""action_drug_a"": ""inhibitor"", ""action_drug_b"": ""inhibitor"", ""match_pattern"": ""inhibitor-inhibitor"", ""mechanism_chain"": ""Dextropropoxyphene --[inhibitor]--> Cytochrome P450 2D6 <--[inhibitor]-- Nifedipine"", ""chain_type"": ""PK_through_enzyme"", ""confidence"": ""high""}]"
DB00647,DB01244,The metabolism of can be decreased when combined with,PK,BE0002638,Cytochrome P450 3A4,enzyme,inhibitor,substrate,inhibitor-substrate,Dextropropoxyphene --[inhibitor]--> Cytochrome P450 3A4 --[substrate: metabolizes]--> Bepridil,PK_through_enzyme,high,True,"[{""key_entity_id"": ""BE0002363"", ""key_entity_name"": ""Cytochrome P450 2D6"", ""key_entity_type"": ""enzyme"", ""action_drug_a"": ""substrate"", ""action_drug_b"": ""inhibitor"", ""match_pattern"": ""inhibitor-substrate"", ""mechanism_chain"": ""Bepridil --[inhibitor]--> Cytochrome P450 2D6 --[substrate: metabolizes]--> Dextropropoxyphene"", ""chain_type"": ""PK_through_enzyme"", ""confidence"": ""high""}, {""key_entity_id"": ""BE0002363"", ""key_entity_name"": ""Cytochrome P450 2D6"", ""key_entity_type"": ""enzyme"", ""action_drug_a"": ""inhibitor"", ""action_drug_b"": ""substrate"", ""match_pattern"": ""inhibitor-substrate"", ""mechanism_chain"": ""Dextropropoxyphene --[inhibitor]--> Cytochrome P450 2D6 --[substrate: metabolizes]--> Bepridil"", ""chain_type"": ""PK_through_enzyme"", ""confidence"": ""high""}, {""key_entity_id"": ""BE0002363"", ""key_entity_name"": ""Cytochrome P450 2D6"", ""key_entity_type"": ""enzyme"", ""action_drug_a"": ""inhibitor"", ""action_drug_b"": ""inhibitor"", ""match_pattern"": ""inhibitor-inhibitor"", ""mechanism_chain"": ""Dextropropoxyphene --[inhibitor]--> Cytochrome P450 2D6 <--[inhibitor]-- Bepridil"", ""chain_type"": ""PK_through_enzyme"", ""confidence"": ""high""}]"
DB00647,DB01424,The metabolism of can be decreased when combined with,PK,BE0002638,Cytochrome P450 3A4,enzyme,inhibitor,substrate,inhibitor-substrate,Dextropropoxyphene --[inhibitor]--> Cytochrome P450 3A4 --[substrate: metabolizes]--> Aminophenazone,PK_through_enzyme,high,True,"[{""key_entity_id"": ""BE0002363"", ""key_entity_name"": ""Cytochrome P450 2D6"", ""key_entity_type"": ""enzyme"", ""action_drug_a"": ""inhibitor"", ""action_drug_b"": ""substrate"", ""match_pattern"": ""inhibitor-substrate"", ""mechanism_chain"": ""Dextropropoxyphene --[inhibitor]--> Cytochrome P450 2D6 --[substrate: metabolizes]--> Aminophenazone"", ""chain_type"": ""PK_through_enzyme"", ""confidence"": ""high""}]"
DB00647,DB09401,The therapeutic efficacy of can be decreased when used in combination with,PD,,,,,,,,,,False,[]
DB00647,DB06712,The metabolism of can be decreased when combined with,PK,BE0002638,Cytochrome P450 3A4,enzyme,substrate,inhibitor,inhibitor-substrate,Nilvadipine --[inhibitor]--> Cytochrome P450 3A4 --[substrate: metabolizes]--> Dextropropoxyphene,PK_through_enzyme,high,True,"[{""key_entity_id"": ""BE0002638"", ""key_entity_name"": ""Cytochrome P450 3A4"", ""key_entity_type"": ""enzyme"", ""action_drug_a"": ""inhibitor"", ""action_drug_b"": ""substrate"", ""match_pattern"": ""inhibitor-substrate"", ""mechanism_chain"": ""Dextropropoxyphene --[inhibitor]--> Cytochrome P450 3A4 --[substrate: metabolizes]--> Nilvadipine"", ""chain_type"": ""PK_through_enzyme"", ""confidence"": ""high""}, {""key_entity_id"": ""BE0002638"", ""key_entity_name"": ""Cytochrome P450 3A4"", ""key_entity_type"": ""enzyme"", ""action_drug_a"": ""inhibitor"", ""action_drug_b"": ""inhibitor"", ""match_pattern"": ""inhibitor-inhibitor"", ""mechanism_chain"": ""Dextropropoxyphene --[inhibitor]--> Cytochrome P450 3A4 <--[inhibitor]-- Nilvadipine"", ""chain_type"": ""PK_through_enzyme"", ""confidence"": ""high""}]"
DB00647,DB01167,The metabolism of can be decreased when combined with,PK,BE0002638,Cytochrome P450 3A4,enzyme,substrate,inhibitor,inhibitor-substrate,Itraconazole --[inhibitor]--> Cytochrome P450 3A4 --[substrate: metabolizes]--> Dextropropoxyphene,PK_through_enzyme,high,True,"[{""key_entity_id"": ""BE0002638"", ""key_entity_name"": ""Cytochrome P450 3A4"", ""key_entity_type"": ""enzyme"", ""action_drug_a"": ""inhibitor"", ""action_drug_b"": ""substrate"", ""match_pattern"": ""inhibitor-substrate"", ""mechanism_chain"": ""Dextropropoxyphene --[inhibitor]--> Cytochrome P450 3A4 --[substrate: metabolizes]--> Itraconazole"", ""chain_type"": ""PK_through_enzyme"", ""confidence"": ""high""}, {""key_entity_id"": ""BE0002638"", ""key_entity_name"": ""Cytochrome P450 3A4"", ""key_entity_type"": ""enzyme"", ""action_drug_a"": ""inhibitor"", ""action_drug_b"": ""inhibitor"", ""match_pattern"": ""inhibitor-inhibitor"", ""mechanism_chain"": ""Dextropropoxyphene --[inhibitor]--> Cytochrome P450 3A4 <--[inhibitor]-- Itraconazole"", ""chain_type"": ""PK_through_enzyme"", ""confidence"": ""high""}, {""key_entity_id"": ""BE0004866"", ""key_entity_name"": ""Cytochrome P450 3A Subfamily"", ""key_entity_type"": ""enzyme"", ""action_drug_a"": ""inhibitor"", ""action_drug_b"": ""inhibitor"", ""match_pattern"": ""inhibitor-inhibitor"", ""mechanism_chain"": ""Dextropropoxyphene --[inhibitor]--> Cytochrome P450 3A Subfamily <--[inhibitor]-- Itraconazole"", ""chain_type"": ""PK_through_enzyme"", ""confidence"": ""high""}]"
DB00647,DB01234,The metabolism of can be increased when combined with,PK,BE0002638,Cytochrome P450 3A4,enzyme,substrate,inhibitor,inhibitor-substrate,Dexamethasone --[inhibitor]--> Cytochrome P450 3A4 --[substrate: metabolizes]--> Dextropropoxyphene,PK_through_enzyme,high,True,"[{""key_entity_id"": ""BE0002638"", ""key_entity_name"": ""Cytochrome P450 3A4"", ""key_entity_type"": ""enzyme"", ""action_drug_a"": ""substrate"", ""action_drug_b"": ""inducer"", ""match_pattern"": ""inducer-substrate"", ""mechanism_chain"": ""Dexamethasone --[inducer]--> Cytochrome P450 3A4 --[substrate: metabolizes]--> Dextropropoxyphene"", ""chain_type"": ""PK_through_enzyme"", ""confidence"": ""high""}, {""key_entity_id"": ""BE0002638"", ""key_entity_name"": ""Cytochrome P450 3A4"", ""key_entity_type"": ""enzyme"", ""action_drug_a"": ""inhibitor"", ""action_drug_b"": ""substrate"", ""match_pattern"": ""inhibitor-substrate"", ""mechanism_chain"": ""Dextropropoxyphene --[inhibitor]--> Cytochrome P450 3A4 --[substrate: metabolizes]--> Dexamethasone"", ""chain_type"": ""PK_through_enzyme"", ""confidence"": ""high""}, {""key_entity_id"": ""BE0002638"", ""key_entity_name"": ""Cytochrome P450 3A4"", ""key_entity_type"": ""enzyme"", ""action_drug_a"": ""inhibitor"", ""action_drug_b"": ""inhibitor"", ""match_pattern"": ""inhibitor-inhibitor"", ""mechanism_chain"": ""Dextropropoxyphene --[inhibitor]--> Cytochrome P450 3A4 <--[inhibitor]-- Dexamethasone"", ""chain_type"": ""PK_through_enzyme"", ""confidence"": ""high""}]"
DB00647,DB11672,The metabolism of can be decreased when combined with,PK,BE0002638,Cytochrome P450 3A4,enzyme,substrate,inhibitor,inhibitor-substrate,Curcumin --[inhibitor]--> Cytochrome P450 3A4 --[substrate: metabolizes]--> Dextropropoxyphene,PK_through_enzyme,high,True,"[{""key_entity_id"": ""BE0002638"", ""key_entity_name"": ""Cytochrome P450 3A4"", ""key_entity_type"": ""enzyme"", ""action_drug_a"": ""inhibitor"", ""action_drug_b"": ""inhibitor"", ""match_pattern"": ""inhibitor-inhibitor"", ""mechanism_chain"": ""Dextropropoxyphene --[inhibitor]--> Cytochrome P450 3A4 <--[inhibitor]-- Curcumin"", ""chain_type"": ""PK_through_enzyme"", ""confidence"": ""high""}, {""key_entity_id"": ""BE0002363"", ""key_entity_name"": ""Cytochrome P450 2D6"", ""key_entity_type"": ""enzyme"", ""action_drug_a"": ""substrate"", ""action_drug_b"": ""inhibitor"", ""match_pattern"": ""inhibitor-substrate"", ""mechanism_chain"": ""Curcumin --[inhibitor]--> Cytochrome P450 2D6 --[substrate: metabolizes]--> Dextropropoxyphene"", ""chain_type"": ""PK_through_enzyme"", ""confidence"": ""high""}, {""key_entity_id"": ""BE0002363"", ""key_entity_name"": ""Cytochrome P450 2D6"", ""key_entity_type"": ""enzyme"", ""action_drug_a"": ""inhibitor"", ""action_drug_b"": ""inhibitor"", ""match_pattern"": ""inhibitor-inhibitor"", ""mechanism_chain"": ""Dextropropoxyphene --[inhibitor]--> Cytochrome P450 2D6 <--[inhibitor]-- Curcumin"", ""chain_type"": ""PK_through_enzyme"", ""confidence"": ""high""}]"
DB00647,DB12095,The serum concentration of can be decreased when it is combined with,PK,BE0002638,Cytochrome P450 3A4,enzyme,substrate,inhibitor,inhibitor-substrate,Telotristat ethyl --[inhibitor]--> Cytochrome P450 3A4 --[substrate: metabolizes]--> Dextropropoxyphene,PK_through_enzyme,high,True,"[{""key_entity_id"": ""BE0002638"", ""key_entity_name"": ""Cytochrome P450 3A4"", ""key_entity_type"": ""enzyme"", ""action_drug_a"": ""substrate"", ""action_drug_b"": ""inducer"", ""match_pattern"": ""inducer-substrate"", ""mechanism_chain"": ""Telotristat ethyl --[inducer]--> Cytochrome P450 3A4 --[substrate: metabolizes]--> Dextropropoxyphene"", ""chain_type"": ""PK_through_enzyme"", ""confidence"": ""high""}, {""key_entity_id"": ""BE0002638"", ""key_entity_name"": ""Cytochrome P450 3A4"", ""key_entity_type"": ""enzyme"", ""action_drug_a"": ""inhibitor"", ""action_drug_b"": ""inhibitor"", ""match_pattern"": ""inhibitor-inhibitor"", ""mechanism_chain"": ""Dextropropoxyphene --[inhibitor]--> Cytochrome P450 3A4 <--[inhibitor]-- Telotristat ethyl"", ""chain_type"": ""PK_through_enzyme"", ""confidence"": ""high""}, {""key_entity_id"": ""BE0002363"", ""key_entity_name"": ""Cytochrome P450 2D6"", ""key_entity_type"": ""enzyme"", ""action_drug_a"": ""substrate"", ""action_drug_b"": ""inhibitor"", ""match_pattern"": ""inhibitor-substrate"", ""mechanism_chain"": ""Telotristat ethyl --[inhibitor]--> Cytochrome P450 2D6 --[substrate: metabolizes]--> Dextropropoxyphene"", ""chain_type"": ""PK_through_enzyme"", ""confidence"": ""high""}, {""key_entity_id"": ""BE0002363"", ""key_entity_name"": ""Cytochrome P450 2D6"", ""key_entity_type"": ""enzyme"", ""action_drug_a"": ""inhibitor"", ""action_drug_b"": ""inhibitor"", ""match_pattern"": ""inhibitor-inhibitor"", ""mechanism_chain"": ""Dextropropoxyphene --[inhibitor]--> Cytochrome P450 2D6 <--[inhibitor]-- Telotristat ethyl"", ""chain_type"": ""PK_through_enzyme"", ""confidence"": ""high""}]"
DB00679,DB01009,The risk or severity of hypertension can be increased when is combined with,PD,,,,,,,,,,False,[]
DB00679,DB06736,The risk or severity of hypertension can be increased when is combined with,PD,,,,,,,,,,False,[]
DB00679,DB08976,The risk or severity of hypertension can be increased when is combined with,PD,,,,,,,,,,False,[]
DB00679,DB08981,The risk or severity of hypertension can be increased when is combined with,PD,,,,,,,,,,False,[]
DB00679,DB01117,The risk or severity of QTc prolongation can be increased when is combined with,PD,,,,,,,,,,False,[]
DB00679,DB00915,The therapeutic efficacy of can be decreased when used in combination with,PD,BE0000756,D(2) dopamine receptor,target,antagonist,agonist,antagonist-agonist,Thioridazine --[antagonist]--> D(2) dopamine receptor <--[agonist]-- Amantadine,PD_opposing_target,low,True,[]
DB00679,DB01198,The risk or severity of adverse effects can be increased when is combined with,PD,,,,,,,,,,False,[]
DB00679,DB01113,The risk or severity of QTc prolongation can be increased when is combined with,PD,,,,,,,,,,False,[]
DB00679,DB06712,The risk or severity of QTc prolongation can be increased when is combined with,PD,,,,,,,,,,False,[]
DB00679,DB09063,The risk or severity of QTc prolongation can be increased when is combined with,PD,,,,,,,,,,False,[]
DB00679,DB12877,The risk or severity of QTc prolongation can be increased when is combined with,PD,,,,,,,,,,False,[]
DB00679,DB00871,The therapeutic efficacy of can be decreased when used in combination with,PD,,,,,,,,,,False,[]
DB00679,DB00938,The therapeutic efficacy of can be decreased when used in combination with,PD,,,,,,,,,,False,[]
DB00679,DB01167,The risk or severity of QTc prolongation can be increased when is combined with,PD,,,,,,,,,,False,[]
DB00679,DB06708,The metabolism of can be decreased when combined with,PK,BE0002363,Cytochrome P450 2D6,enzyme,substrate,inhibitor,inhibitor-substrate,Lumefantrine --[inhibitor]--> Cytochrome P450 2D6 --[substrate: metabolizes]--> Thioridazine,PK_through_enzyme,high,True,"[{""key_entity_id"": ""BE0002363"", ""key_entity_name"": ""Cytochrome P450 2D6"", ""key_entity_type"": ""enzyme"", ""action_drug_a"": ""inhibitor"", ""action_drug_b"": ""inhibitor"", ""match_pattern"": ""inhibitor-inhibitor"", ""mechanism_chain"": ""Thioridazine --[inhibitor]--> Cytochrome P450 2D6 <--[inhibitor]-- Lumefantrine"", ""chain_type"": ""PK_through_enzyme"", ""confidence"": ""high""}]"
DB00679,DB00857,The metabolism of can be decreased when combined with,PK,BE0002363,Cytochrome P450 2D6,enzyme,substrate,inhibitor,inhibitor-substrate,Terbinafine --[inhibitor]--> Cytochrome P450 2D6 --[substrate: metabolizes]--> Thioridazine,PK_through_enzyme,high,True,"[{""key_entity_id"": ""BE0002363"", ""key_entity_name"": ""Cytochrome P450 2D6"", ""key_entity_type"": ""enzyme"", ""action_drug_a"": ""inhibitor"", ""action_drug_b"": ""inhibitor"", ""match_pattern"": ""inhibitor-inhibitor"", ""mechanism_chain"": ""Thioridazine --[inhibitor]--> Cytochrome P450 2D6 <--[inhibitor]-- Terbinafine"", ""chain_type"": ""PK_through_enzyme"", ""confidence"": ""high""}]"
DB00679,DB06016,The risk or severity of CNS depression can be increased when is combined with,PD,BE0000451,5-hydroxytryptamine receptor 2A,target,antagonist,antagonist,antagonist-antagonist,Thioridazine --[antagonist]--> 5-hydroxytryptamine receptor 2A <--[antagonist]-- Cariprazine,PD_convergent_target,high,True,"[{""key_entity_id"": ""BE0000756"", ""key_entity_name"": ""D(2) dopamine receptor"", ""key_entity_type"": ""target"", ""action_drug_a"": ""antagonist"", ""action_drug_b"": ""partial agonist"", ""match_pattern"": ""antagonist-partial agonist"", ""mechanism_chain"": ""Thioridazine --[antagonist]--> D(2) dopamine receptor <--[partial agonist]-- Cariprazine"", ""chain_type"": ""PD_convergent_target"", ""confidence"": ""high""}, {""key_entity_id"": ""BE0000501"", ""key_entity_name"": ""Alpha-1A adrenergic receptor"", ""key_entity_type"": ""target"", ""action_drug_a"": ""antagonist"", ""action_drug_b"": ""antagonist"", ""match_pattern"": ""antagonist-antagonist"", ""mechanism_chain"": ""Thioridazine --[antagonist]--> Alpha-1A adrenergic receptor <--[antagonist]-- Cariprazine"", ""chain_type"": ""PD_convergent_target"", ""confidence"": ""high""}]"
DB00679,DB06144,The metabolism of can be decreased when combined with,PK,BE0002363,Cytochrome P450 2D6,enzyme,inhibitor,substrate,inhibitor-substrate,Thioridazine --[inhibitor]--> Cytochrome P450 2D6 --[substrate: metabolizes]--> Sertindole,PK_through_enzyme,high,True,[]
DB00679,DB00836,The risk or severity of QTc prolongation can be increased when is combined with,PD,,,,,,,,,,False,[]
DB00679,DB01115,The risk or severity of QTc prolongation can be increased when is combined with,PD,,,,,,,,,,False,[]
DB00679,DB01182,The risk or severity of QTc prolongation can be increased when is combined with,PD,BE0000090,Voltage-gated inwardly rectifying potassium channel KCNH2,target,inhibitor,inhibitor,inhibitor-inhibitor,Thioridazine --[inhibitor]--> Voltage-gated inwardly rectifying potassium channel KCNH2 <--[inhibitor]-- Propafenone,PD_convergent_target,high,True,[]
DB00679,DB01274,The metabolism of can be decreased when combined with,PK,BE0002363,Cytochrome P450 2D6,enzyme,inhibitor,substrate,inhibitor-substrate,Thioridazine --[inhibitor]--> Cytochrome P450 2D6 --[substrate: metabolizes]--> Arformoterol,PK_through_enzyme,high,True,[]
DB00679,DB01424,The metabolism of can be decreased when combined with,PK,BE0002363,Cytochrome P450 2D6,enzyme,inhibitor,substrate,inhibitor-substrate,Thioridazine --[inhibitor]--> Cytochrome P450 2D6 --[substrate: metabolizes]--> Aminophenazone,PK_through_enzyme,high,True,[]
DB00679,DB01616,The risk or severity of CNS depression can be increased when is combined with,PD,,,,,,,,,,False,[]
DB00679,DB06701,The risk or severity of adverse effects can be increased when is combined with,PD,,,,,,,,,,False,[]
DB00679,DB06797,The risk or severity of CNS depression can be increased when is combined with,PD,,,,,,,,,,False,[]
DB00679,DB13213,The risk or severity of CNS depression can be increased when is combined with,PD,,,,,,,,,,False,[]
DB00679,DB09009,The risk or severity of CNS depression can be increased when is combined with,PD,,,,,,,,,,False,[]
DB00679,DB01244,The metabolism of can be decreased when combined with,PK,BE0002363,Cytochrome P450 2D6,enzyme,substrate,inhibitor,inhibitor-substrate,Bepridil --[inhibitor]--> Cytochrome P450 2D6 --[substrate: metabolizes]--> Thioridazine,PK_through_enzyme,high,True,"[{""key_entity_id"": ""BE0002363"", ""key_entity_name"": ""Cytochrome P450 2D6"", ""key_entity_type"": ""enzyme"", ""action_drug_a"": ""inhibitor"", ""action_drug_b"": ""substrate"", ""match_pattern"": ""inhibitor-substrate"", ""mechanism_chain"": ""Thioridazine --[inhibitor]--> Cytochrome P450 2D6 --[substrate: metabolizes]--> Bepridil"", ""chain_type"": ""PK_through_enzyme"", ""confidence"": ""high""}, {""key_entity_id"": ""BE0002363"", ""key_entity_name"": ""Cytochrome P450 2D6"", ""key_entity_type"": ""enzyme"", ""action_drug_a"": ""inhibitor"", ""action_drug_b"": ""inhibitor"", ""match_pattern"": ""inhibitor-inhibitor"", ""mechanism_chain"": ""Thioridazine --[inhibitor]--> Cytochrome P450 2D6 <--[inhibitor]-- Bepridil"", ""chain_type"": ""PK_through_enzyme"", ""confidence"": ""high""}]"
DB00679,DB13074,The risk or severity of QTc prolongation can be increased when is combined with,PD,,,,,,,,,,False,[]
DB00679,DB01006,The metabolism of can be decreased when combined with,PK,BE0003536,Cytochrome P450 2C19,enzyme,substrate,inhibitor,inhibitor-substrate,Letrozole --[inhibitor]--> Cytochrome P450 2C19 --[substrate: metabolizes]--> Thioridazine,PK_through_enzyme,high,True,[]
DB00679,DB13946,may increase the hypertensive activities of,PD,,,,,,,,,,False,[]
DB00679,DB01067,The therapeutic efficacy of can be decreased when used in combination with,PD,,,,,,,,,,False,[]
DB00679,DB11672,The metabolism of can be decreased when combined with,PK,BE0002363,Cytochrome P450 2D6,enzyme,substrate,inhibitor,inhibitor-substrate,Curcumin --[inhibitor]--> Cytochrome P450 2D6 --[substrate: metabolizes]--> Thioridazine,PK_through_enzyme,high,True,"[{""key_entity_id"": ""BE0002363"", ""key_entity_name"": ""Cytochrome P450 2D6"", ""key_entity_type"": ""enzyme"", ""action_drug_a"": ""inhibitor"", ""action_drug_b"": ""inhibitor"", ""match_pattern"": ""inhibitor-inhibitor"", ""mechanism_chain"": ""Thioridazine --[inhibitor]--> Cytochrome P450 2D6 <--[inhibitor]-- Curcumin"", ""chain_type"": ""PK_through_enzyme"", ""confidence"": ""high""}]"
DB00741,DB09063,The risk or severity of hyperglycemia can be increased when is combined with,PD,,,,,,,,,,False,[]
DB00741,DB00787,The excretion of can be decreased when combined with,PK,BE0003645,Organic anion transporter 3,transporter,substrate,inhibitor,inhibitor-substrate,Acyclovir --[inhibitor]--> Organic anion transporter 3 --[substrate: transports]--> Hydrocortisone,PK_through_transporter,high,True,[]
DB00741,DB08868,may increase the immunosuppressive activities of,PD,,,,,,,,,,False,[]
DB00741,DB00957,The serum concentration of can be increased when it is combined with,PK,BE0002793,Cytochrome P450 2C9,enzyme,inducer,substrate,inducer-substrate,Hydrocortisone --[inducer]--> Cytochrome P450 2C9 --[substrate: metabolizes]--> Norgestimate,PK_through_enzyme,high,True,"[{""key_entity_id"": ""BE0002638"", ""key_entity_name"": ""Cytochrome P450 3A4"", ""key_entity_type"": ""enzyme"", ""action_drug_a"": ""substrate"", ""action_drug_b"": ""inducer"", ""match_pattern"": ""inducer-substrate"", ""mechanism_chain"": ""Norgestimate --[inducer]--> Cytochrome P450 3A4 --[substrate: metabolizes]--> Hydrocortisone"", ""chain_type"": ""PK_through_enzyme"", ""confidence"": ""high""}, {""key_entity_id"": ""BE0002638"", ""key_entity_name"": ""Cytochrome P450 3A4"", ""key_entity_type"": ""enzyme"", ""action_drug_a"": ""inducer"", ""action_drug_b"": ""substrate"", ""match_pattern"": ""inducer-substrate"", ""mechanism_chain"": ""Hydrocortisone --[inducer]--> Cytochrome P450 3A4 --[substrate: metabolizes]--> Norgestimate"", ""chain_type"": ""PK_through_enzyme"", ""confidence"": ""high""}, {""key_entity_id"": ""BE0003549"", ""key_entity_name"": ""Cytochrome P450 2B6"", ""key_entity_type"": ""enzyme"", ""action_drug_a"": ""inducer"", ""action_drug_b"": ""substrate"", ""match_pattern"": ""inducer-substrate"", ""mechanism_chain"": ""Hydrocortisone --[inducer]--> Cytochrome P450 2B6 --[substrate: metabolizes]--> Norgestimate"", ""chain_type"": ""PK_through_enzyme"", ""confidence"": ""high""}]"
DB00741,DB01009,The risk or severity of gastrointestinal irritation can be increased when is combined with,PD,,,,,,,,,,False,[]
DB00741,DB06736,The risk or severity of gastrointestinal irritation can be increased when is combined with,PD,,,,,,,,,,False,[]
DB00741,DB08976,The risk or severity of gastrointestinal irritation can be increased when is combined with,PD,,,,,,,,,,False,[]
DB00741,DB08981,The risk or severity of gastrointestinal irritation can be increased when is combined with,PD,,,,,,,,,,False,[]
DB00741,DB01424,The risk or severity of gastrointestinal irritation can be increased when is combined with,PD,,,,,,,,,,False,[]
DB00741,DB00871,The therapeutic efficacy of can be decreased when used in combination with,PD,,,,,,,,,,False,[]
DB00741,DB11703,The metabolism of can be increased when combined with,PK,BE0002638,Cytochrome P450 3A4,enzyme,substrate,inhibitor,inhibitor-substrate,Acalabrutinib --[inhibitor]--> Cytochrome P450 3A4 --[substrate: metabolizes]--> Hydrocortisone,PK_through_enzyme,high,True,"[{""key_entity_id"": ""BE0002638"", ""key_entity_name"": ""Cytochrome P450 3A4"", ""key_entity_type"": ""enzyme"", ""action_drug_a"": ""inducer"", ""action_drug_b"": ""substrate"", ""match_pattern"": ""inducer-substrate"", ""mechanism_chain"": ""Hydrocortisone --[inducer]--> Cytochrome P450 3A4 --[substrate: metabolizes]--> Acalabrutinib"", ""chain_type"": ""PK_through_enzyme"", ""confidence"": ""high""}, {""key_entity_id"": ""BE0002362"", ""key_entity_name"": ""Cytochrome P450 3A5"", ""key_entity_type"": ""enzyme"", ""action_drug_a"": ""substrate"", ""action_drug_b"": ""inhibitor"", ""match_pattern"": ""inhibitor-substrate"", ""mechanism_chain"": ""Acalabrutinib --[inhibitor]--> Cytochrome P450 3A5 --[substrate: metabolizes]--> Hydrocortisone"", ""chain_type"": ""PK_through_enzyme"", ""confidence"": ""high""}]"
DB00741,DB05239,The metabolism of can be increased when combined with,PK,BE0002638,Cytochrome P450 3A4,enzyme,substrate,inhibitor,inhibitor-substrate,Cobimetinib --[inhibitor]--> Cytochrome P450 3A4 --[substrate: metabolizes]--> Hydrocortisone,PK_through_enzyme,high,True,"[{""key_entity_id"": ""BE0002638"", ""key_entity_name"": ""Cytochrome P450 3A4"", ""key_entity_type"": ""enzyme"", ""action_drug_a"": ""inducer"", ""action_drug_b"": ""substrate"", ""match_pattern"": ""inducer-substrate"", ""mechanism_chain"": ""Hydrocortisone --[inducer]--> Cytochrome P450 3A4 --[substrate: metabolizes]--> Cobimetinib"", ""chain_type"": ""PK_through_enzyme"", ""confidence"": ""high""}]"
DB00741,DB09143,The metabolism of can be increased when combined with,PK,BE0002638,Cytochrome P450 3A4,enzyme,inducer,substrate,inducer-substrate,Hydrocortisone --[inducer]--> Cytochrome P450 3A4 --[substrate: metabolizes]--> Sonidegib,PK_through_enzyme,high,True,[]
DB00741,DB06228,The metabolism of can be decreased when combined with,PK,BE0002638,Cytochrome P450 3A4,enzyme,inducer,substrate,inducer-substrate,Hydrocortisone --[inducer]--> Cytochrome P450 3A4 --[substrate: metabolizes]--> Rivaroxaban,PK_through_enzyme,high,True,[]
DB00741,DB00857,The metabolism of can be increased when combined with,PK,BE0002887,Cytochrome P450 2C8,enzyme,inducer,substrate,inducer-substrate,Hydrocortisone --[inducer]--> Cytochrome P450 2C8 --[substrate: metabolizes]--> Terbinafine,PK_through_enzyme,high,True,"[{""key_entity_id"": ""BE0002793"", ""key_entity_name"": ""Cytochrome P450 2C9"", ""key_entity_type"": ""enzyme"", ""action_drug_a"": ""inducer"", ""action_drug_b"": ""substrate"", ""match_pattern"": ""inducer-substrate"", ""mechanism_chain"": ""Hydrocortisone --[inducer]--> Cytochrome P450 2C9 --[substrate: metabolizes]--> Terbinafine"", ""chain_type"": ""PK_through_enzyme"", ""confidence"": ""high""}, {""key_entity_id"": ""BE0002638"", ""key_entity_name"": ""Cytochrome P450 3A4"", ""key_entity_type"": ""enzyme"", ""action_drug_a"": ""substrate"", ""action_drug_b"": ""inducer"", ""match_pattern"": ""inducer-substrate"", ""mechanism_chain"": ""Terbinafine --[inducer]--> Cytochrome P450 3A4 --[substrate: metabolizes]--> Hydrocortisone"", ""chain_type"": ""PK_through_enzyme"", ""confidence"": ""high""}, {""key_entity_id"": ""BE0002638"", ""key_entity_name"": ""Cytochrome P450 3A4"", ""key_entity_type"": ""enzyme"", ""action_drug_a"": ""inducer"", ""action_drug_b"": ""substrate"", ""match_pattern"": ""inducer-substrate"", ""mechanism_chain"": ""Hydrocortisone --[inducer]--> Cytochrome P450 3A4 --[substrate: metabolizes]--> Terbinafine"", ""chain_type"": ""PK_through_enzyme"", ""confidence"": ""high""}, {""key_entity_id"": ""BE0003536"", ""key_entity_name"": ""Cytochrome P450 2C19"", ""key_entity_type"": ""enzyme"", ""action_drug_a"": ""inducer"", ""action_drug_b"": ""substrate"", ""match_pattern"": ""inducer-substrate"", ""mechanism_chain"": ""Hydrocortisone --[inducer]--> Cytochrome P450 2C19 --[substrate: metabolizes]--> Terbinafine"", ""chain_type"": ""PK_through_enzyme"", ""confidence"": ""high""}]"
DB00741,DB01198,The metabolism of can be increased when combined with,PK,BE0002887,Cytochrome P450 2C8,enzyme,inducer,substrate,inducer-substrate,Hydrocortisone --[inducer]--> Cytochrome P450 2C8 --[substrate: metabolizes]--> Zopiclone,PK_through_enzyme,high,True,"[{""key_entity_id"": ""BE0002793"", ""key_entity_name"": ""Cytochrome P450 2C9"", ""key_entity_type"": ""enzyme"", ""action_drug_a"": ""inducer"", ""action_drug_b"": ""substrate"", ""match_pattern"": ""inducer-substrate"", ""mechanism_chain"": ""Hydrocortisone --[inducer]--> Cytochrome P450 2C9 --[substrate: metabolizes]--> Zopiclone"", ""chain_type"": ""PK_through_enzyme"", ""confidence"": ""high""}, {""key_entity_id"": ""BE0002638"", ""key_entity_name"": ""Cytochrome P450 3A4"", ""key_entity_type"": ""enzyme"", ""action_drug_a"": ""inducer"", ""action_drug_b"": ""substrate"", ""match_pattern"": ""inducer-substrate"", ""mechanism_chain"": ""Hydrocortisone --[inducer]--> Cytochrome P450 3A4 --[substrate: metabolizes]--> Zopiclone"", ""chain_type"": ""PK_through_enzyme"", ""confidence"": ""high""}]"
DB00741,DB01006,The metabolism of can be increased when combined with,PK,BE0002638,Cytochrome P450 3A4,enzyme,inducer,substrate,inducer-substrate,Hydrocortisone --[inducer]--> Cytochrome P450 3A4 --[substrate: metabolizes]--> Letrozole,PK_through_enzyme,high,True,"[{""key_entity_id"": ""BE0003336"", ""key_entity_name"": ""Cytochrome P450 2A6"", ""key_entity_type"": ""enzyme"", ""action_drug_a"": ""inducer"", ""action_drug_b"": ""substrate"", ""match_pattern"": ""inducer-substrate"", ""mechanism_chain"": ""Hydrocortisone --[inducer]--> Cytochrome P450 2A6 --[substrate: metabolizes]--> Letrozole"", ""chain_type"": ""PK_through_enzyme"", ""confidence"": ""high""}]"
DB00741,DB01115,The metabolism of can be increased when combined with,PK,BE0002638,Cytochrome P450 3A4,enzyme,substrate,inhibitor,inhibitor-substrate,Nifedipine --[inhibitor]--> Cytochrome P450 3A4 --[substrate: metabolizes]--> Hydrocortisone,PK_through_enzyme,high,True,"[{""key_entity_id"": ""BE0002638"", ""key_entity_name"": ""Cytochrome P450 3A4"", ""key_entity_type"": ""enzyme"", ""action_drug_a"": ""substrate"", ""action_drug_b"": ""inducer"", ""match_pattern"": ""inducer-substrate"", ""mechanism_chain"": ""Nifedipine --[inducer]--> Cytochrome P450 3A4 --[substrate: metabolizes]--> Hydrocortisone"", ""chain_type"": ""PK_through_enzyme"", ""confidence"": ""high""}, {""key_entity_id"": ""BE0002638"", ""key_entity_name"": ""Cytochrome P450 3A4"", ""key_entity_type"": ""enzyme"", ""action_drug_a"": ""inducer"", ""action_drug_b"": ""substrate"", ""match_pattern"": ""inducer-substrate"", ""mechanism_chain"": ""Hydrocortisone --[inducer]--> Cytochrome P450 3A4 --[substrate: metabolizes]--> Nifedipine"", ""chain_type"": ""PK_through_enzyme"", ""confidence"": ""high""}, {""key_entity_id"": ""BE0003336"", ""key_entity_name"": ""Cytochrome P450 2A6"", ""key_entity_type"": ""enzyme"", ""action_drug_a"": ""inducer"", ""action_drug_b"": ""substrate"", ""match_pattern"": ""inducer-substrate"", ""mechanism_chain"": ""Hydrocortisone --[inducer]--> Cytochrome P450 2A6 --[substrate: metabolizes]--> Nifedipine"", ""chain_type"": ""PK_through_enzyme"", ""confidence"": ""high""}]"
DB00741,DB01101,The metabolism of can be increased when combined with,PK,,,,,,,,,,False,[]
DB00741,DB01067,The risk or severity of hyperglycemia can be increased when is combined with,PD,,,,,,,,,,False,[]
DB00741,DB01078,The risk or severity of adverse effects can be increased when is combined with,PD,,,,,,,,,,False,[]
DB00741,DB13952,The serum concentration of can be increased when it is combined with,PK,BE0003536,Cytochrome P450 2C19,enzyme,inducer,substrate,inducer-substrate,Hydrocortisone --[inducer]--> Cytochrome P450 2C19 --[substrate: metabolizes]--> Estradiol acetate,PK_through_enzyme,high,True,"[{""key_entity_id"": ""BE0001111"", ""key_entity_name"": ""Cytochrome P450 1B1"", ""key_entity_type"": ""enzyme"", ""action_drug_a"": ""inducer"", ""action_drug_b"": ""substrate"", ""match_pattern"": ""inducer-substrate"", ""mechanism_chain"": ""Hydrocortisone --[inducer]--> Cytochrome P450 1B1 --[substrate: metabolizes]--> Estradiol acetate"", ""chain_type"": ""PK_through_enzyme"", ""confidence"": ""high""}, {""key_entity_id"": ""BE0002887"", ""key_entity_name"": ""Cytochrome P450 2C8"", ""key_entity_type"": ""enzyme"", ""action_drug_a"": ""inducer"", ""action_drug_b"": ""substrate"", ""match_pattern"": ""inducer-substrate"", ""mechanism_chain"": ""Hydrocortisone --[inducer]--> Cytochrome P450 2C8 --[substrate: metabolizes]--> Estradiol acetate"", ""chain_type"": ""PK_through_enzyme"", ""confidence"": ""high""}, {""key_entity_id"": ""BE0002793"", ""key_entity_name"": ""Cytochrome P450 2C9"", ""key_entity_type"": ""enzyme"", ""action_drug_a"": ""inducer"", ""action_drug_b"": ""substrate"", ""match_pattern"": ""inducer-substrate"", ""mechanism_chain"": ""Hydrocortisone --[inducer]--> Cytochrome P450 2C9 --[substrate: metabolizes]--> Estradiol acetate"", ""chain_type"": ""PK_through_enzyme"", ""confidence"": ""high""}, {""key_entity_id"": ""BE0002638"", ""key_entity_name"": ""Cytochrome P450 3A4"", ""key_entity_type"": ""enzyme"", ""action_drug_a"": ""substrate"", ""action_drug_b"": ""inducer"", ""match_pattern"": ""inducer-substrate"", ""mechanism_chain"": ""Estradiol acetate --[inducer]--> Cytochrome P450 3A4 --[substrate: metabolizes]--> Hydrocortisone"", ""chain_type"": ""PK_through_enzyme"", ""confidence"": ""high""}, {""key_entity_id"": ""BE0002638"", ""key_entity_name"": ""Cytochrome P450 3A4"", ""key_entity_type"": ""enzyme"", ""action_drug_a"": ""inducer"", ""action_drug_b"": ""substrate"", ""match_pattern"": ""inducer-substrate"", ""mechanism_chain"": ""Hydrocortisone --[inducer]--> Cytochrome P450 3A4 --[substrate: metabolizes]--> Estradiol acetate"", ""chain_type"": ""PK_through_enzyme"", ""confidence"": ""high""}]"
DB00741,DB11791,The serum concentration of can be decreased when it is combined with,PK,BE0002638,Cytochrome P450 3A4,enzyme,inducer,substrate,inducer-substrate,Hydrocortisone --[inducer]--> Cytochrome P450 3A4 --[substrate: metabolizes]--> Capmatinib,PK_through_enzyme,high,True,[]
DB00741,DB06712,The metabolism of can be decreased when combined with,PK,BE0002638,Cytochrome P450 3A4,enzyme,substrate,inhibitor,inhibitor-substrate,Nilvadipine --[inhibitor]--> Cytochrome P450 3A4 --[substrate: metabolizes]--> Hydrocortisone,PK_through_enzyme,high,True,"[{""key_entity_id"": ""BE0002638"", ""key_entity_name"": ""Cytochrome P450 3A4"", ""key_entity_type"": ""enzyme"", ""action_drug_a"": ""inducer"", ""action_drug_b"": ""substrate"", ""match_pattern"": ""inducer-substrate"", ""mechanism_chain"": ""Hydrocortisone --[inducer]--> Cytochrome P450 3A4 --[substrate: metabolizes]--> Nilvadipine"", ""chain_type"": ""PK_through_enzyme"", ""confidence"": ""high""}]"
DB00741,DB01167,The metabolism of can be decreased when combined with,PK,BE0002638,Cytochrome P450 3A4,enzyme,substrate,inhibitor,inhibitor-substrate,Itraconazole --[inhibitor]--> Cytochrome P450 3A4 --[substrate: metabolizes]--> Hydrocortisone,PK_through_enzyme,high,True,"[{""key_entity_id"": ""BE0002638"", ""key_entity_name"": ""Cytochrome P450 3A4"", ""key_entity_type"": ""enzyme"", ""action_drug_a"": ""inducer"", ""action_drug_b"": ""substrate"", ""match_pattern"": ""inducer-substrate"", ""mechanism_chain"": ""Hydrocortisone --[inducer]--> Cytochrome P450 3A4 --[substrate: metabolizes]--> Itraconazole"", ""chain_type"": ""PK_through_enzyme"", ""confidence"": ""high""}, {""key_entity_id"": ""BE0002362"", ""key_entity_name"": ""Cytochrome P450 3A5"", ""key_entity_type"": ""enzyme"", ""action_drug_a"": ""substrate"", ""action_drug_b"": ""inhibitor"", ""match_pattern"": ""inhibitor-substrate"", ""mechanism_chain"": ""Itraconazole --[inhibitor]--> Cytochrome P450 3A5 --[substrate: metabolizes]--> Hydrocortisone"", ""chain_type"": ""PK_through_enzyme"", ""confidence"": ""high""}, {""key_entity_id"": ""BE0003612"", ""key_entity_name"": ""Cytochrome P450 3A7"", ""key_entity_type"": ""enzyme"", ""action_drug_a"": ""substrate"", ""action_drug_b"": ""inhibitor"", ""match_pattern"": ""inhibitor-substrate"", ""mechanism_chain"": ""Itraconazole --[inhibitor]--> Cytochrome P450 3A7 --[substrate: metabolizes]--> Hydrocortisone"", ""chain_type"": ""PK_through_enzyme"", ""confidence"": ""high""}]"
DB00741,DB00836,The metabolism of can be increased when combined with,PK,BE0002887,Cytochrome P450 2C8,enzyme,inducer,substrate,inducer-substrate,Hydrocortisone --[inducer]--> Cytochrome P450 2C8 --[substrate: metabolizes]--> Loperamide,PK_through_enzyme,high,True,"[{""key_entity_id"": ""BE0002638"", ""key_entity_name"": ""Cytochrome P450 3A4"", ""key_entity_type"": ""enzyme"", ""action_drug_a"": ""substrate"", ""action_drug_b"": ""inhibitor"", ""match_pattern"": ""inhibitor-substrate"", ""mechanism_chain"": ""Loperamide --[inhibitor]--> Cytochrome P450 3A4 --[substrate: metabolizes]--> Hydrocortisone"", ""chain_type"": ""PK_through_enzyme"", ""confidence"": ""high""}, {""key_entity_id"": ""BE0002638"", ""key_entity_name"": ""Cytochrome P450 3A4"", ""key_entity_type"": ""enzyme"", ""action_drug_a"": ""inducer"", ""action_drug_b"": ""substrate"", ""match_pattern"": ""inducer-substrate"", ""mechanism_chain"": ""Hydrocortisone --[inducer]--> Cytochrome P450 3A4 --[substrate: metabolizes]--> Loperamide"", ""chain_type"": ""PK_through_enzyme"", ""confidence"": ""high""}, {""key_entity_id"": ""BE0003549"", ""key_entity_name"": ""Cytochrome P450 2B6"", ""key_entity_type"": ""enzyme"", ""action_drug_a"": ""inducer"", ""action_drug_b"": ""substrate"", ""match_pattern"": ""inducer-substrate"", ""mechanism_chain"": ""Hydrocortisone --[inducer]--> Cytochrome P450 2B6 --[substrate: metabolizes]--> Loperamide"", ""chain_type"": ""PK_through_enzyme"", ""confidence"": ""high""}]"
DB00741,DB01234,The metabolism of can be increased when combined with,PK,BE0002362,Cytochrome P450 3A5,enzyme,substrate,inducer,inducer-substrate,Dexamethasone --[inducer]--> Cytochrome P450 3A5 --[substrate: metabolizes]--> Hydrocortisone,PK_through_enzyme,high,True,"[{""key_entity_id"": ""BE0000731"", ""key_entity_name"": ""Cytochrome P450 11B1, mitochondrial"", ""key_entity_type"": ""enzyme"", ""action_drug_a"": ""substrate"", ""action_drug_b"": ""inhibitor"", ""match_pattern"": ""inhibitor-substrate"", ""mechanism_chain"": ""Dexamethasone --[inhibitor]--> Cytochrome P450 11B1, mitochondrial --[substrate: metabolizes]--> Hydrocortisone"", ""chain_type"": ""PK_through_enzyme"", ""confidence"": ""high""}, {""key_entity_id"": ""BE0003612"", ""key_entity_name"": ""Cytochrome P450 3A7"", ""key_entity_type"": ""enzyme"", ""action_drug_a"": ""substrate"", ""action_drug_b"": ""inducer"", ""match_pattern"": ""inducer-substrate"", ""mechanism_chain"": ""Dexamethasone --[inducer]--> Cytochrome P450 3A7 --[substrate: metabolizes]--> Hydrocortisone"", ""chain_type"": ""PK_through_enzyme"", ""confidence"": ""high""}, {""key_entity_id"": ""BE0002638"", ""key_entity_name"": ""Cytochrome P450 3A4"", ""key_entity_type"": ""enzyme"", ""action_drug_a"": ""substrate"", ""action_drug_b"": ""inhibitor"", ""match_pattern"": ""inhibitor-substrate"", ""mechanism_chain"": ""Dexamethasone --[inhibitor]--> Cytochrome P450 3A4 --[substrate: metabolizes]--> Hydrocortisone"", ""chain_type"": ""PK_through_enzyme"", ""confidence"": ""high""}, {""key_entity_id"": ""BE0002638"", ""key_entity_name"": ""Cytochrome P450 3A4"", ""key_entity_type"": ""enzyme"", ""action_drug_a"": ""substrate"", ""action_drug_b"": ""inducer"", ""match_pattern"": ""inducer-substrate"", ""mechanism_chain"": ""Dexamethasone --[inducer]--> Cytochrome P450 3A4 --[substrate: metabolizes]--> Hydrocortisone"", ""chain_type"": ""PK_through_enzyme"", ""confidence"": ""high""}, {""key_entity_id"": ""BE0002638"", ""key_entity_name"": ""Cytochrome P450 3A4"", ""key_entity_type"": ""enzyme"", ""action_drug_a"": ""inducer"", ""action_drug_b"": ""substrate"", ""match_pattern"": ""inducer-substrate"", ""mechanism_chain"": ""Hydrocortisone --[inducer]--> Cytochrome P450 3A4 --[substrate: metabolizes]--> Dexamethasone"", ""chain_type"": ""PK_through_enzyme"", ""confidence"": ""high""}]"
DB00741,DB11672,The metabolism of can be decreased when combined with,PK,BE0002638,Cytochrome P450 3A4,enzyme,substrate,inhibitor,inhibitor-substrate,Curcumin --[inhibitor]--> Cytochrome P450 3A4 --[substrate: metabolizes]--> Hydrocortisone,PK_through_enzyme,high,True,[]
DB00741,DB11201,The risk or severity of gastrointestinal irritation can be increased when is combined with,PD,,,,,,,,,,False,[]
DB00741,DB12095,The serum concentration of can be decreased when it is combined with,PK,BE0002638,Cytochrome P450 3A4,enzyme,substrate,inhibitor,inhibitor-substrate,Telotristat ethyl --[inhibitor]--> Cytochrome P450 3A4 --[substrate: metabolizes]--> Hydrocortisone,PK_through_enzyme,high,True,"[{""key_entity_id"": ""BE0002638"", ""key_entity_name"": ""Cytochrome P450 3A4"", ""key_entity_type"": ""enzyme"", ""action_drug_a"": ""substrate"", ""action_drug_b"": ""inducer"", ""match_pattern"": ""inducer-substrate"", ""mechanism_chain"": ""Telotristat ethyl --[inducer]--> Cytochrome P450 3A4 --[substrate: metabolizes]--> Hydrocortisone"", ""chain_type"": ""PK_through_enzyme"", ""confidence"": ""high""}]"
DB00741,DB11682,The metabolism of can be increased when combined with,PK,BE0002887,Cytochrome P450 2C8,enzyme,inducer,substrate,inducer-substrate,Hydrocortisone --[inducer]--> Cytochrome P450 2C8 --[substrate: metabolizes]--> Daprodustat,PK_through_enzyme,high,True,"[{""key_entity_id"": ""BE0002638"", ""key_entity_name"": ""Cytochrome P450 3A4"", ""key_entity_type"": ""enzyme"", ""action_drug_a"": ""inducer"", ""action_drug_b"": ""substrate"", ""match_pattern"": ""inducer-substrate"", ""mechanism_chain"": ""Hydrocortisone --[inducer]--> Cytochrome P450 3A4 --[substrate: metabolizes]--> Daprodustat"", ""chain_type"": ""PK_through_enzyme"", ""confidence"": ""high""}]"
DB00787,DB01009,The excretion of can be decreased when combined with,PK,BE0001066,Solute carrier family 22 member 6,transporter,substrate,inhibitor,inhibitor-substrate,Ketoprofen --[inhibitor]--> Solute carrier family 22 member 6 --[substrate: transports]--> Acyclovir,PK_through_transporter,high,True,"[{""key_entity_id"": ""BE0001066"", ""key_entity_name"": ""Solute carrier family 22 member 6"", ""key_entity_type"": ""transporter"", ""action_drug_a"": ""inhibitor"", ""action_drug_b"": ""inhibitor"", ""match_pattern"": ""inhibitor-inhibitor"", ""mechanism_chain"": ""Acyclovir --[inhibitor]--> Solute carrier family 22 member 6 <--[inhibitor]-- Ketoprofen"", ""chain_type"": ""PK_through_transporter"", ""confidence"": ""high""}, {""key_entity_id"": ""BE0003645"", ""key_entity_name"": ""Organic anion transporter 3"", ""key_entity_type"": ""transporter"", ""action_drug_a"": ""substrate"", ""action_drug_b"": ""inhibitor"", ""match_pattern"": ""inhibitor-substrate"", ""mechanism_chain"": ""Ketoprofen --[inhibitor]--> Organic anion transporter 3 --[substrate: transports]--> Acyclovir"", ""chain_type"": ""PK_through_transporter"", ""confidence"": ""high""}, {""key_entity_id"": ""BE0003645"", ""key_entity_name"": ""Organic anion transporter 3"", ""key_entity_type"": ""transporter"", ""action_drug_a"": ""inhibitor"", ""action_drug_b"": ""inhibitor"", ""match_pattern"": ""inhibitor-inhibitor"", ""mechanism_chain"": ""Acyclovir --[inhibitor]--> Organic anion transporter 3 <--[inhibitor]-- Ketoprofen"", ""chain_type"": ""PK_through_transporter"", ""confidence"": ""high""}]"
DB00787,DB01234,The excretion of can be decreased when combined with,PK,BE0003645,Organic anion transporter 3,transporter,inhibitor,substrate,inhibitor-substrate,Acyclovir --[inhibitor]--> Organic anion transporter 3 --[substrate: transports]--> Dexamethasone,PK_through_transporter,high,True,[]
DB00787,DB06736,The risk or severity of nephrotoxicity can be increased when is combined with,PD,,,,,,,,,,False,[]
DB00787,DB01112,The risk or severity of nephrotoxicity can be increased when is combined with,PD,,,,,,,,,,False,[]
DB00787,DB01424,The risk or severity of nephrotoxicity can be increased when is combined with,PD,,,,,,,,,,False,[]
DB00787,DB08976,The risk or severity of nephrotoxicity can be increased when is combined with,PD,,,,,,,,,,False,[]
DB00787,DB08981,The risk or severity of nephrotoxicity can be increased when is combined with,PD,,,,,,,,,,False,[]
DB00787,DB00871,may decrease the excretion rate of which could result in a higher serum level,PK,,,,,,,,,,False,[]
DB00787,DB01046,may decrease the excretion rate of which could result in a higher serum level,PK,,,,,,,,,,False,[]
DB00787,DB01067,may decrease the excretion rate of which could result in a higher serum level,PK,,,,,,,,,,False,[]
DB00787,DB01274,may decrease the excretion rate of which could result in a higher serum level,PK,,,,,,,,,,False,[]
DB00787,DB01428,may decrease the excretion rate of which could result in a higher serum level,PK,,,,,,,,,,False,[]
DB00787,DB06228,may decrease the excretion rate of which could result in a higher serum level,PK,,,,,,,,,,False,[]
DB00787,DB06782,may decrease the excretion rate of which could result in a higher serum level,PK,,,,,,,,,,False,[]
DB00787,DB06813,may decrease the excretion rate of which could result in a higher serum level,PK,,,,,,,,,,False,[]
DB00787,DB09091,may decrease the excretion rate of which could result in a higher serum level,PK,,,,,,,,,,False,[]
DB00787,DB11102,may decrease the excretion rate of which could result in a higher serum level,PK,,,,,,,,,,False,[]
DB00787,DB13946,may decrease the excretion rate of which could result in a higher serum level,PK,BE0003657,Multidrug and toxin extrusion protein 1,transporter,substrate,inducer,inducer-substrate,Testosterone undecanoate --[inducer]--> Multidrug and toxin extrusion protein 1 --[substrate: transports]--> Acyclovir,PK_through_transporter,high,True,"[{""key_entity_id"": ""BE0003645"", ""key_entity_name"": ""Organic anion transporter 3"", ""key_entity_type"": ""transporter"", ""action_drug_a"": ""substrate"", ""action_drug_b"": ""inducer"", ""match_pattern"": ""inducer-substrate"", ""mechanism_chain"": ""Testosterone undecanoate --[inducer]--> Organic anion transporter 3 --[substrate: transports]--> Acyclovir"", ""chain_type"": ""PK_through_transporter"", ""confidence"": ""high""}]"
DB00787,DB09401,may increase the excretion rate of which could result in a lower serum level and potentially a reduction in efficacy,PK,,,,,,,,,,False,[]
DB00787,DB01115,The metabolism of can be decreased when combined with,PK,,,,,,,,,,False,[]
DB00787,DB13952,The metabolism of can be decreased when combined with,PK,,,,,,,,,,False,[]
DB00787,DB01182,The metabolism of can be decreased when combined with,PK,,,,,,,,,,False,[]
DB00787,DB11791,The metabolism of can be decreased when combined with,PK,,,,,,,,,,False,[]
DB00787,DB00857,The metabolism of can be decreased when combined with,PK,,,,,,,,,,False,[]
DB00787,DB00915,The risk or severity of adverse effects can be increased when is combined with,PD,,,,,,,,,,False,[]
DB00787,DB00938,The risk or severity of adverse effects can be increased when is combined with,PD,,,,,,,,,,False,[]
DB00787,DB11672,The metabolism of can be decreased when combined with,PK,,,,,,,,,,False,[]
DB00836,DB09063,may increase the bradycardic activities of,PD,,,,,,,,,,False,[]
DB00836,DB01078,may increase the arrhythmogenic activities of,PD,,,,,,,,,,False,[]
DB00836,DB01113,The risk or severity of QTc prolongation can be increased when is combined with,PD,,,,,,,,,,False,[]
DB00836,DB12877,The risk or severity of QTc prolongation can be increased when is combined with,PD,,,,,,,,,,False,[]
DB00836,DB00871,The risk or severity of QTc prolongation can be increased when is combined with,PD,,,,,,,,,,False,[]
DB00836,DB00915,The risk or severity of QTc prolongation can be increased when is combined with,PD,,,,,,,,,,False,[]
DB00836,DB01274,The risk or severity of QTc prolongation can be increased when is combined with,PD,,,,,,,,,,False,[]
DB00836,DB06791,may increase the bradycardic activities of,PD,,,,,,,,,,False,[]
DB00836,DB08868,may increase the bradycardic activities of,PD,,,,,,,,,,False,[]
DB00836,DB01009,The risk or severity of hyperkalemia can be increased when is combined with,PD,,,,,,,,,,False,[]
DB00836,DB06736,The risk or severity of hyperkalemia can be increased when is combined with,PD,,,,,,,,,,False,[]
DB00836,DB08976,The risk or severity of hyperkalemia can be increased when is combined with,PD,,,,,,,,,,False,[]
DB00836,DB08981,The risk or severity of hyperkalemia can be increased when is combined with,PD,,,,,,,,,,False,[]
DB00836,DB00938,The metabolism of can be decreased when combined with,PK,BE0002887,Cytochrome P450 2C8,enzyme,substrate,inhibitor,inhibitor-substrate,Salmeterol --[inhibitor]--> Cytochrome P450 2C8 --[substrate: metabolizes]--> Loperamide,PK_through_enzyme,high,True,"[{""key_entity_id"": ""BE0002638"", ""key_entity_name"": ""Cytochrome P450 3A4"", ""key_entity_type"": ""enzyme"", ""action_drug_a"": ""inhibitor"", ""action_drug_b"": ""substrate"", ""match_pattern"": ""inhibitor-substrate"", ""mechanism_chain"": ""Loperamide --[inhibitor]--> Cytochrome P450 3A4 --[substrate: metabolizes]--> Salmeterol"", ""chain_type"": ""PK_through_enzyme"", ""confidence"": ""high""}]"
DB00836,DB01244,may increase the arrhythmogenic activities of,PD,BE0027477,Calmodulin,target,inhibitor,binder,inhibitor-binder,Loperamide --[inhibitor]--> Calmodulin <--[binder]-- Bepridil,PD_convergent_target,high,True,[]
DB00836,DB06708,The risk or severity of QTc prolongation can be increased when is combined with,PD,,,,,,,,,,False,[]
DB00836,DB13074,The risk or severity of QTc prolongation can be increased when is combined with,PD,,,,,,,,,,False,[]
DB00836,DB01198,The metabolism of can be decreased when combined with,PK,BE0002638,Cytochrome P450 3A4,enzyme,inhibitor,substrate,inhibitor-substrate,Loperamide --[inhibitor]--> Cytochrome P450 3A4 --[substrate: metabolizes]--> Zopiclone,PK_through_enzyme,high,True,[]
DB00836,DB00857,The metabolism of can be decreased when combined with,PK,BE0002638,Cytochrome P450 3A4,enzyme,substrate,inducer,inducer-substrate,Terbinafine --[inducer]--> Cytochrome P450 3A4 --[substrate: metabolizes]--> Loperamide,PK_through_enzyme,high,True,"[{""key_entity_id"": ""BE0002638"", ""key_entity_name"": ""Cytochrome P450 3A4"", ""key_entity_type"": ""enzyme"", ""action_drug_a"": ""inhibitor"", ""action_drug_b"": ""substrate"", ""match_pattern"": ""inhibitor-substrate"", ""mechanism_chain"": ""Loperamide --[inhibitor]--> Cytochrome P450 3A4 --[substrate: metabolizes]--> Terbinafine"", ""chain_type"": ""PK_through_enzyme"", ""confidence"": ""high""}, {""key_entity_id"": ""BE0002363"", ""key_entity_name"": ""Cytochrome P450 2D6"", ""key_entity_type"": ""enzyme"", ""action_drug_a"": ""substrate"", ""action_drug_b"": ""inhibitor"", ""match_pattern"": ""inhibitor-substrate"", ""mechanism_chain"": ""Terbinafine --[inhibitor]--> Cytochrome P450 2D6 --[substrate: metabolizes]--> Loperamide"", ""chain_type"": ""PK_through_enzyme"", ""confidence"": ""high""}]"
DB00836,DB05239,The serum concentration of can be increased when it is combined with,PK,BE0002638,Cytochrome P450 3A4,enzyme,substrate,inhibitor,inhibitor-substrate,Cobimetinib --[inhibitor]--> Cytochrome P450 3A4 --[substrate: metabolizes]--> Loperamide,PK_through_enzyme,high,True,"[{""key_entity_id"": ""BE0002638"", ""key_entity_name"": ""Cytochrome P450 3A4"", ""key_entity_type"": ""enzyme"", ""action_drug_a"": ""inhibitor"", ""action_drug_b"": ""substrate"", ""match_pattern"": ""inhibitor-substrate"", ""mechanism_chain"": ""Loperamide --[inhibitor]--> Cytochrome P450 3A4 --[substrate: metabolizes]--> Cobimetinib"", ""chain_type"": ""PK_through_enzyme"", ""confidence"": ""high""}, {""key_entity_id"": ""BE0002638"", ""key_entity_name"": ""Cytochrome P450 3A4"", ""key_entity_type"": ""enzyme"", ""action_drug_a"": ""inhibitor"", ""action_drug_b"": ""inhibitor"", ""match_pattern"": ""inhibitor-inhibitor"", ""mechanism_chain"": ""Loperamide --[inhibitor]--> Cytochrome P450 3A4 <--[inhibitor]-- Cobimetinib"", ""chain_type"": ""PK_through_enzyme"", ""confidence"": ""high""}, {""key_entity_id"": ""BE0002363"", ""key_entity_name"": ""Cytochrome P450 2D6"", ""key_entity_type"": ""enzyme"", ""action_drug_a"": ""substrate"", ""action_drug_b"": ""inhibitor"", ""match_pattern"": ""inhibitor-substrate"", ""mechanism_chain"": ""Cobimetinib --[inhibitor]--> Cytochrome P450 2D6 --[substrate: metabolizes]--> Loperamide"", ""chain_type"": ""PK_through_enzyme"", ""confidence"": ""high""}]"
DB00836,DB01115,may increase the arrhythmogenic activities of,PD,BE0027477,Calmodulin,target,inhibitor,inhibitor,inhibitor-inhibitor,Loperamide --[inhibitor]--> Calmodulin <--[inhibitor]-- Nifedipine,PD_convergent_target,high,True,[]
DB00836,DB01167,The metabolism of can be decreased when combined with,PK,BE0002638,Cytochrome P450 3A4,enzyme,substrate,inhibitor,inhibitor-substrate,Itraconazole --[inhibitor]--> Cytochrome P450 3A4 --[substrate: metabolizes]--> Loperamide,PK_through_enzyme,high,True,"[{""key_entity_id"": ""BE0002638"", ""key_entity_name"": ""Cytochrome P450 3A4"", ""key_entity_type"": ""enzyme"", ""action_drug_a"": ""inhibitor"", ""action_drug_b"": ""substrate"", ""match_pattern"": ""inhibitor-substrate"", ""mechanism_chain"": ""Loperamide --[inhibitor]--> Cytochrome P450 3A4 --[substrate: metabolizes]--> Itraconazole"", ""chain_type"": ""PK_through_enzyme"", ""confidence"": ""high""}, {""key_entity_id"": ""BE0002638"", ""key_entity_name"": ""Cytochrome P450 3A4"", ""key_entity_type"": ""enzyme"", ""action_drug_a"": ""inhibitor"", ""action_drug_b"": ""inhibitor"", ""match_pattern"": ""inhibitor-inhibitor"", ""mechanism_chain"": ""Loperamide --[inhibitor]--> Cytochrome P450 3A4 <--[inhibitor]-- Itraconazole"", ""chain_type"": ""PK_through_enzyme"", ""confidence"": ""high""}, {""key_entity_id"": ""BE0003549"", ""key_entity_name"": ""Cytochrome P450 2B6"", ""key_entity_type"": ""enzyme"", ""action_drug_a"": ""substrate"", ""action_drug_b"": ""inhibitor"", ""match_pattern"": ""inhibitor-substrate"", ""mechanism_chain"": ""Itraconazole --[inhibitor]--> Cytochrome P450 2B6 --[substrate: metabolizes]--> Loperamide"", ""chain_type"": ""PK_through_enzyme"", ""confidence"": ""high""}]"
DB00836,DB01182,The excretion of can be decreased when combined with,PK,BE0001032,ATP-dependent translocase ABCB1,transporter,substrate,inhibitor,inhibitor-substrate,Propafenone --[inhibitor]--> ATP-dependent translocase ABCB1 --[substrate: transports]--> Loperamide,PK_through_transporter,high,True,[]
DB00836,DB01393,The metabolism of can be decreased when combined with,PK,BE0002887,Cytochrome P450 2C8,enzyme,substrate,inhibitor,inhibitor-substrate,Bezafibrate --[inhibitor]--> Cytochrome P450 2C8 --[substrate: metabolizes]--> Loperamide,PK_through_enzyme,high,True,"[{""key_entity_id"": ""BE0002638"", ""key_entity_name"": ""Cytochrome P450 3A4"", ""key_entity_type"": ""enzyme"", ""action_drug_a"": ""inhibitor"", ""action_drug_b"": ""substrate"", ""match_pattern"": ""inhibitor-substrate"", ""mechanism_chain"": ""Loperamide --[inhibitor]--> Cytochrome P450 3A4 --[substrate: metabolizes]--> Bezafibrate"", ""chain_type"": ""PK_through_enzyme"", ""confidence"": ""high""}]"
DB00836,DB06712,may increase the arrhythmogenic activities of,PD,,,,,,,,,,False,[]
DB00836,DB01424,The metabolism of can be decreased when combined with,PK,BE0002638,Cytochrome P450 3A4,enzyme,inhibitor,substrate,inhibitor-substrate,Loperamide --[inhibitor]--> Cytochrome P450 3A4 --[substrate: metabolizes]--> Aminophenazone,PK_through_enzyme,high,True,[]
DB00836,DB00957,The excretion of can be decreased when combined with,PK,BE0001032,ATP-dependent translocase ABCB1,transporter,substrate,inhibitor,inhibitor-substrate,Norgestimate --[inhibitor]--> ATP-dependent translocase ABCB1 --[substrate: transports]--> Loperamide,PK_through_transporter,high,True,[]
DB00836,DB01234,The metabolism of can be increased when combined with,PK,BE0002887,Cytochrome P450 2C8,enzyme,substrate,inducer,inducer-substrate,Dexamethasone --[inducer]--> Cytochrome P450 2C8 --[substrate: metabolizes]--> Loperamide,PK_through_enzyme,high,True,"[{""key_entity_id"": ""BE0002638"", ""key_entity_name"": ""Cytochrome P450 3A4"", ""key_entity_type"": ""enzyme"", ""action_drug_a"": ""substrate"", ""action_drug_b"": ""inhibitor"", ""match_pattern"": ""inhibitor-substrate"", ""mechanism_chain"": ""Dexamethasone --[inhibitor]--> Cytochrome P450 3A4 --[substrate: metabolizes]--> Loperamide"", ""chain_type"": ""PK_through_enzyme"", ""confidence"": ""high""}, {""key_entity_id"": ""BE0002638"", ""key_entity_name"": ""Cytochrome P450 3A4"", ""key_entity_type"": ""enzyme"", ""action_drug_a"": ""substrate"", ""action_drug_b"": ""inducer"", ""match_pattern"": ""inducer-substrate"", ""mechanism_chain"": ""Dexamethasone --[inducer]--> Cytochrome P450 3A4 --[substrate: metabolizes]--> Loperamide"", ""chain_type"": ""PK_through_enzyme"", ""confidence"": ""high""}, {""key_entity_id"": ""BE0002638"", ""key_entity_name"": ""Cytochrome P450 3A4"", ""key_entity_type"": ""enzyme"", ""action_drug_a"": ""inhibitor"", ""action_drug_b"": ""substrate"", ""match_pattern"": ""inhibitor-substrate"", ""mechanism_chain"": ""Loperamide --[inhibitor]--> Cytochrome P450 3A4 --[substrate: metabolizes]--> Dexamethasone"", ""chain_type"": ""PK_through_enzyme"", ""confidence"": ""high""}, {""key_entity_id"": ""BE0002638"", ""key_entity_name"": ""Cytochrome P450 3A4"", ""key_entity_type"": ""enzyme"", ""action_drug_a"": ""inhibitor"", ""action_drug_b"": ""inhibitor"", ""match_pattern"": ""inhibitor-inhibitor"", ""mechanism_chain"": ""Loperamide --[inhibitor]--> Cytochrome P450 3A4 <--[inhibitor]-- Dexamethasone"", ""chain_type"": ""PK_through_enzyme"", ""confidence"": ""high""}, {""key_entity_id"": ""BE0003549"", ""key_entity_name"": ""Cytochrome P450 2B6"", ""key_entity_type"": ""enzyme"", ""action_drug_a"": ""substrate"", ""action_drug_b"": ""inducer"", ""match_pattern"": ""inducer-substrate"", ""mechanism_chain"": ""Dexamethasone --[inducer]--> Cytochrome P450 2B6 --[substrate: metabolizes]--> Loperamide"", ""chain_type"": ""PK_through_enzyme"", ""confidence"": ""high""}]"
DB00836,DB13952,The metabolism of can be decreased when combined with,PK,BE0002638,Cytochrome P450 3A4,enzyme,substrate,inducer,inducer-substrate,Estradiol acetate --[inducer]--> Cytochrome P450 3A4 --[substrate: metabolizes]--> Loperamide,PK_through_enzyme,high,True,"[{""key_entity_id"": ""BE0002638"", ""key_entity_name"": ""Cytochrome P450 3A4"", ""key_entity_type"": ""enzyme"", ""action_drug_a"": ""inhibitor"", ""action_drug_b"": ""substrate"", ""match_pattern"": ""inhibitor-substrate"", ""mechanism_chain"": ""Loperamide --[inhibitor]--> Cytochrome P450 3A4 --[substrate: metabolizes]--> Estradiol acetate"", ""chain_type"": ""PK_through_enzyme"", ""confidence"": ""high""}]"
DB00836,DB06228,The serum concentration of can be increased when it is combined with,PK,BE0002638,Cytochrome P450 3A4,enzyme,inhibitor,substrate,inhibitor-substrate,Loperamide --[inhibitor]--> Cytochrome P450 3A4 --[substrate: metabolizes]--> Rivaroxaban,PK_through_enzyme,high,True,[]
DB00836,DB11791,The excretion of can be decreased when combined with,PK,BE0001032,ATP-dependent translocase ABCB1,transporter,substrate,inhibitor,inhibitor-substrate,Capmatinib --[inhibitor]--> ATP-dependent translocase ABCB1 --[substrate: transports]--> Loperamide,PK_through_transporter,high,True,[]
DB00836,DB11672,The metabolism of can be decreased when combined with,PK,BE0002638,Cytochrome P450 3A4,enzyme,substrate,inhibitor,inhibitor-substrate,Curcumin --[inhibitor]--> Cytochrome P450 3A4 --[substrate: metabolizes]--> Loperamide,PK_through_enzyme,high,True,"[{""key_entity_id"": ""BE0002638"", ""key_entity_name"": ""Cytochrome P450 3A4"", ""key_entity_type"": ""enzyme"", ""action_drug_a"": ""inhibitor"", ""action_drug_b"": ""inhibitor"", ""match_pattern"": ""inhibitor-inhibitor"", ""mechanism_chain"": ""Loperamide --[inhibitor]--> Cytochrome P450 3A4 <--[inhibitor]-- Curcumin"", ""chain_type"": ""PK_through_enzyme"", ""confidence"": ""high""}, {""key_entity_id"": ""BE0002363"", ""key_entity_name"": ""Cytochrome P450 2D6"", ""key_entity_type"": ""enzyme"", ""action_drug_a"": ""substrate"", ""action_drug_b"": ""inhibitor"", ""match_pattern"": ""inhibitor-substrate"", ""mechanism_chain"": ""Curcumin --[inhibitor]--> Cytochrome P450 2D6 --[substrate: metabolizes]--> Loperamide"", ""chain_type"": ""PK_through_enzyme"", ""confidence"": ""high""}, {""key_entity_id"": ""BE0003549"", ""key_entity_name"": ""Cytochrome P450 2B6"", ""key_entity_type"": ""enzyme"", ""action_drug_a"": ""substrate"", ""action_drug_b"": ""inhibitor"", ""match_pattern"": ""inhibitor-substrate"", ""mechanism_chain"": ""Curcumin --[inhibitor]--> Cytochrome P450 2B6 --[substrate: metabolizes]--> Loperamide"", ""chain_type"": ""PK_through_enzyme"", ""confidence"": ""high""}]"
DB00836,DB12095,The serum concentration of can be decreased when it is combined with,PK,BE0002887,Cytochrome P450 2C8,enzyme,substrate,inhibitor,inhibitor-substrate,Telotristat ethyl --[inhibitor]--> Cytochrome P450 2C8 --[substrate: metabolizes]--> Loperamide,PK_through_enzyme,high,True,"[{""key_entity_id"": ""BE0002638"", ""key_entity_name"": ""Cytochrome P450 3A4"", ""key_entity_type"": ""enzyme"", ""action_drug_a"": ""substrate"", ""action_drug_b"": ""inhibitor"", ""match_pattern"": ""inhibitor-substrate"", ""mechanism_chain"": ""Telotristat ethyl --[inhibitor]--> Cytochrome P450 3A4 --[substrate: metabolizes]--> Loperamide"", ""chain_type"": ""PK_through_enzyme"", ""confidence"": ""high""}, {""key_entity_id"": ""BE0002638"", ""key_entity_name"": ""Cytochrome P450 3A4"", ""key_entity_type"": ""enzyme"", ""action_drug_a"": ""substrate"", ""action_drug_b"": ""inducer"", ""match_pattern"": ""inducer-substrate"", ""mechanism_chain"": ""Telotristat ethyl --[inducer]--> Cytochrome P450 3A4 --[substrate: metabolizes]--> Loperamide"", ""chain_type"": ""PK_through_enzyme"", ""confidence"": ""high""}, {""key_entity_id"": ""BE0002638"", ""key_entity_name"": ""Cytochrome P450 3A4"", ""key_entity_type"": ""enzyme"", ""action_drug_a"": ""inhibitor"", ""action_drug_b"": ""inhibitor"", ""match_pattern"": ""inhibitor-inhibitor"", ""mechanism_chain"": ""Loperamide --[inhibitor]--> Cytochrome P450 3A4 <--[inhibitor]-- Telotristat ethyl"", ""chain_type"": ""PK_through_enzyme"", ""confidence"": ""high""}, {""key_entity_id"": ""BE0002363"", ""key_entity_name"": ""Cytochrome P450 2D6"", ""key_entity_type"": ""enzyme"", ""action_drug_a"": ""substrate"", ""action_drug_b"": ""inhibitor"", ""match_pattern"": ""inhibitor-substrate"", ""mechanism_chain"": ""Telotristat ethyl --[inhibitor]--> Cytochrome P450 2D6 --[substrate: metabolizes]--> Loperamide"", ""chain_type"": ""PK_through_enzyme"", ""confidence"": ""high""}, {""key_entity_id"": ""BE0003549"", ""key_entity_name"": ""Cytochrome P450 2B6"", ""key_entity_type"": ""enzyme"", ""action_drug_a"": ""substrate"", ""action_drug_b"": ""inducer"", ""match_pattern"": ""inducer-substrate"", ""mechanism_chain"": ""Telotristat ethyl --[inducer]--> Cytochrome P450 2B6 --[substrate: metabolizes]--> Loperamide"", ""chain_type"": ""PK_through_enzyme"", ""confidence"": ""high""}]"
DB00836,DB15149,The serum concentration of can be increased when it is combined with,PK,BE0002638,Cytochrome P450 3A4,enzyme,inhibitor,substrate,inhibitor-substrate,Loperamide --[inhibitor]--> Cytochrome P450 3A4 --[substrate: metabolizes]--> Futibatinib,PK_through_enzyme,high,True,[]
DB00836,DB11682,The metabolism of can be decreased when combined with,PK,BE0002887,Cytochrome P450 2C8,enzyme,substrate,inhibitor,inhibitor-substrate,Daprodustat --[inhibitor]--> Cytochrome P450 2C8 --[substrate: metabolizes]--> Loperamide,PK_through_enzyme,high,True,"[{""key_entity_id"": ""BE0002638"", ""key_entity_name"": ""Cytochrome P450 3A4"", ""key_entity_type"": ""enzyme"", ""action_drug_a"": ""inhibitor"", ""action_drug_b"": ""substrate"", ""match_pattern"": ""inhibitor-substrate"", ""mechanism_chain"": ""Loperamide --[inhibitor]--> Cytochrome P450 3A4 --[substrate: metabolizes]--> Daprodustat"", ""chain_type"": ""PK_through_enzyme"", ""confidence"": ""high""}]"
DB00857,DB01115,The metabolism of can be decreased when combined with,PK,BE0002433,Cytochrome P450 1A2,enzyme,substrate,inhibitor,inhibitor-substrate,Nifedipine --[inhibitor]--> Cytochrome P450 1A2 --[substrate: metabolizes]--> Terbinafine,PK_through_enzyme,high,True,"[{""key_entity_id"": ""BE0002363"", ""key_entity_name"": ""Cytochrome P450 2D6"", ""key_entity_type"": ""enzyme"", ""action_drug_a"": ""inhibitor"", ""action_drug_b"": ""inhibitor"", ""match_pattern"": ""inhibitor-inhibitor"", ""mechanism_chain"": ""Terbinafine --[inhibitor]--> Cytochrome P450 2D6 <--[inhibitor]-- Nifedipine"", ""chain_type"": ""PK_through_enzyme"", ""confidence"": ""high""}, {""key_entity_id"": ""BE0002887"", ""key_entity_name"": ""Cytochrome P450 2C8"", ""key_entity_type"": ""enzyme"", ""action_drug_a"": ""substrate"", ""action_drug_b"": ""inhibitor"", ""match_pattern"": ""inhibitor-substrate"", ""mechanism_chain"": ""Nifedipine --[inhibitor]--> Cytochrome P450 2C8 --[substrate: metabolizes]--> Terbinafine"", ""chain_type"": ""PK_through_enzyme"", ""confidence"": ""high""}, {""key_entity_id"": ""BE0002793"", ""key_entity_name"": ""Cytochrome P450 2C9"", ""key_entity_type"": ""enzyme"", ""action_drug_a"": ""substrate"", ""action_drug_b"": ""inhibitor"", ""match_pattern"": ""inhibitor-substrate"", ""mechanism_chain"": ""Nifedipine --[inhibitor]--> Cytochrome P450 2C9 --[substrate: metabolizes]--> Terbinafine"", ""chain_type"": ""PK_through_enzyme"", ""confidence"": ""high""}, {""key_entity_id"": ""BE0002793"", ""key_entity_name"": ""Cytochrome P450 2C9"", ""key_entity_type"": ""enzyme"", ""action_drug_a"": ""substrate"", ""action_drug_b"": ""inducer"", ""match_pattern"": ""inducer-substrate"", ""mechanism_chain"": ""Nifedipine --[inducer]--> Cytochrome P450 2C9 --[substrate: metabolizes]--> Terbinafine"", ""chain_type"": ""PK_through_enzyme"", ""confidence"": ""high""}, {""key_entity_id"": ""BE0002638"", ""key_entity_name"": ""Cytochrome P450 3A4"", ""key_entity_type"": ""enzyme"", ""action_drug_a"": ""substrate"", ""action_drug_b"": ""inhibitor"", ""match_pattern"": ""inhibitor-substrate"", ""mechanism_chain"": ""Nifedipine --[inhibitor]--> Cytochrome P450 3A4 --[substrate: metabolizes]--> Terbinafine"", ""chain_type"": ""PK_through_enzyme"", ""confidence"": ""high""}, {""key_entity_id"": ""BE0002638"", ""key_entity_name"": ""Cytochrome P450 3A4"", ""key_entity_type"": ""enzyme"", ""action_drug_a"": ""substrate"", ""action_drug_b"": ""inducer"", ""match_pattern"": ""inducer-substrate"", ""mechanism_chain"": ""Nifedipine --[inducer]--> Cytochrome P450 3A4 --[substrate: metabolizes]--> Terbinafine"", ""chain_type"": ""PK_through_enzyme"", ""confidence"": ""high""}, {""key_entity_id"": ""BE0002638"", ""key_entity_name"": ""Cytochrome P450 3A4"", ""key_entity_type"": ""enzyme"", ""action_drug_a"": ""inducer"", ""action_drug_b"": ""substrate"", ""match_pattern"": ""inducer-substrate"", ""mechanism_chain"": ""Terbinafine --[inducer]--> Cytochrome P450 3A4 --[substrate: metabolizes]--> Nifedipine"", ""chain_type"": ""PK_through_enzyme"", ""confidence"": ""high""}]"
DB00857,DB01274,The metabolism of can be decreased when combined with,PK,BE0002363,Cytochrome P450 2D6,enzyme,inhibitor,substrate,inhibitor-substrate,Terbinafine --[inhibitor]--> Cytochrome P450 2D6 --[substrate: metabolizes]--> Arformoterol,PK_through_enzyme,high,True,[]
DB00857,DB01182,The metabolism of can be decreased when combined with,PK,BE0002638,Cytochrome P450 3A4,enzyme,inducer,substrate,inducer-substrate,Terbinafine --[inducer]--> Cytochrome P450 3A4 --[substrate: metabolizes]--> Propafenone,PK_through_enzyme,high,True,"[{""key_entity_id"": ""BE0002433"", ""key_entity_name"": ""Cytochrome P450 1A2"", ""key_entity_type"": ""enzyme"", ""action_drug_a"": ""substrate"", ""action_drug_b"": ""inhibitor"", ""match_pattern"": ""inhibitor-substrate"", ""mechanism_chain"": ""Propafenone --[inhibitor]--> Cytochrome P450 1A2 --[substrate: metabolizes]--> Terbinafine"", ""chain_type"": ""PK_through_enzyme"", ""confidence"": ""high""}, {""key_entity_id"": ""BE0002363"", ""key_entity_name"": ""Cytochrome P450 2D6"", ""key_entity_type"": ""enzyme"", ""action_drug_a"": ""inhibitor"", ""action_drug_b"": ""substrate"", ""match_pattern"": ""inhibitor-substrate"", ""mechanism_chain"": ""Terbinafine --[inhibitor]--> Cytochrome P450 2D6 --[substrate: metabolizes]--> Propafenone"", ""chain_type"": ""PK_through_enzyme"", ""confidence"": ""high""}, {""key_entity_id"": ""BE0002363"", ""key_entity_name"": ""Cytochrome P450 2D6"", ""key_entity_type"": ""enzyme"", ""action_drug_a"": ""inhibitor"", ""action_drug_b"": ""inhibitor"", ""match_pattern"": ""inhibitor-inhibitor"", ""mechanism_chain"": ""Terbinafine --[inhibitor]--> Cytochrome P450 2D6 <--[inhibitor]-- Propafenone"", ""chain_type"": ""PK_through_enzyme"", ""confidence"": ""high""}]"
DB00857,DB01244,The metabolism of can be decreased when combined with,PK,BE0002638,Cytochrome P450 3A4,enzyme,inducer,substrate,inducer-substrate,Terbinafine --[inducer]--> Cytochrome P450 3A4 --[substrate: metabolizes]--> Bepridil,PK_through_enzyme,high,True,"[{""key_entity_id"": ""BE0002363"", ""key_entity_name"": ""Cytochrome P450 2D6"", ""key_entity_type"": ""enzyme"", ""action_drug_a"": ""inhibitor"", ""action_drug_b"": ""substrate"", ""match_pattern"": ""inhibitor-substrate"", ""mechanism_chain"": ""Terbinafine --[inhibitor]--> Cytochrome P450 2D6 --[substrate: metabolizes]--> Bepridil"", ""chain_type"": ""PK_through_enzyme"", ""confidence"": ""high""}, {""key_entity_id"": ""BE0002363"", ""key_entity_name"": ""Cytochrome P450 2D6"", ""key_entity_type"": ""enzyme"", ""action_drug_a"": ""inhibitor"", ""action_drug_b"": ""inhibitor"", ""match_pattern"": ""inhibitor-inhibitor"", ""mechanism_chain"": ""Terbinafine --[inhibitor]--> Cytochrome P450 2D6 <--[inhibitor]-- Bepridil"", ""chain_type"": ""PK_through_enzyme"", ""confidence"": ""high""}]"
DB00857,DB01424,The metabolism of can be decreased when combined with,PK,BE0002363,Cytochrome P450 2D6,enzyme,inhibitor,substrate,inhibitor-substrate,Terbinafine --[inhibitor]--> Cytochrome P450 2D6 --[substrate: metabolizes]--> Aminophenazone,PK_through_enzyme,high,True,"[{""key_entity_id"": ""BE0002638"", ""key_entity_name"": ""Cytochrome P450 3A4"", ""key_entity_type"": ""enzyme"", ""action_drug_a"": ""inducer"", ""action_drug_b"": ""substrate"", ""match_pattern"": ""inducer-substrate"", ""mechanism_chain"": ""Terbinafine --[inducer]--> Cytochrome P450 3A4 --[substrate: metabolizes]--> Aminophenazone"", ""chain_type"": ""PK_through_enzyme"", ""confidence"": ""high""}]"
DB00857,DB06144,The metabolism of can be decreased when combined with,PK,BE0002638,Cytochrome P450 3A4,enzyme,inducer,substrate,inducer-substrate,Terbinafine --[inducer]--> Cytochrome P450 3A4 --[substrate: metabolizes]--> Sertindole,PK_through_enzyme,high,True,"[{""key_entity_id"": ""BE0002363"", ""key_entity_name"": ""Cytochrome P450 2D6"", ""key_entity_type"": ""enzyme"", ""action_drug_a"": ""inhibitor"", ""action_drug_b"": ""substrate"", ""match_pattern"": ""inhibitor-substrate"", ""mechanism_chain"": ""Terbinafine --[inhibitor]--> Cytochrome P450 2D6 --[substrate: metabolizes]--> Sertindole"", ""chain_type"": ""PK_through_enzyme"", ""confidence"": ""high""}]"
DB00857,DB00938,The metabolism of can be decreased when combined with,PK,BE0002887,Cytochrome P450 2C8,enzyme,substrate,inhibitor,inhibitor-substrate,Salmeterol --[inhibitor]--> Cytochrome P450 2C8 --[substrate: metabolizes]--> Terbinafine,PK_through_enzyme,high,True,"[{""key_entity_id"": ""BE0002638"", ""key_entity_name"": ""Cytochrome P450 3A4"", ""key_entity_type"": ""enzyme"", ""action_drug_a"": ""inducer"", ""action_drug_b"": ""substrate"", ""match_pattern"": ""inducer-substrate"", ""mechanism_chain"": ""Terbinafine --[inducer]--> Cytochrome P450 3A4 --[substrate: metabolizes]--> Salmeterol"", ""chain_type"": ""PK_through_enzyme"", ""confidence"": ""high""}]"
DB00857,DB00957,The metabolism of can be increased when combined with,PK,BE0002638,Cytochrome P450 3A4,enzyme,substrate,inducer,inducer-substrate,Norgestimate --[inducer]--> Cytochrome P450 3A4 --[substrate: metabolizes]--> Terbinafine,PK_through_enzyme,high,True,"[{""key_entity_id"": ""BE0002638"", ""key_entity_name"": ""Cytochrome P450 3A4"", ""key_entity_type"": ""enzyme"", ""action_drug_a"": ""inducer"", ""action_drug_b"": ""substrate"", ""match_pattern"": ""inducer-substrate"", ""mechanism_chain"": ""Terbinafine --[inducer]--> Cytochrome P450 3A4 --[substrate: metabolizes]--> Norgestimate"", ""chain_type"": ""PK_through_enzyme"", ""confidence"": ""high""}]"
DB00857,DB01006,"The risk or severity of myopathy, rhabdomyolysis, and myoglobinuria can be increased when is combined with",PD,,,,,,,,,,False,[]
DB00857,DB01168,"The risk or severity of myopathy, rhabdomyolysis, and myoglobinuria can be increased when is combined with",PD,,,,,,,,,,False,[]
DB00857,DB01393,"The risk or severity of myopathy, rhabdomyolysis, and myoglobinuria can be increased when is combined with",PD,,,,,,,,,,False,[]
DB00857,DB09063,The metabolism of can be increased when combined with,PK,BE0002793,Cytochrome P450 2C9,enzyme,substrate,inhibitor,inhibitor-substrate,Ceritinib --[inhibitor]--> Cytochrome P450 2C9 --[substrate: metabolizes]--> Terbinafine,PK_through_enzyme,high,True,"[{""key_entity_id"": ""BE0002638"", ""key_entity_name"": ""Cytochrome P450 3A4"", ""key_entity_type"": ""enzyme"", ""action_drug_a"": ""substrate"", ""action_drug_b"": ""inhibitor"", ""match_pattern"": ""inhibitor-substrate"", ""mechanism_chain"": ""Ceritinib --[inhibitor]--> Cytochrome P450 3A4 --[substrate: metabolizes]--> Terbinafine"", ""chain_type"": ""PK_through_enzyme"", ""confidence"": ""high""}, {""key_entity_id"": ""BE0002638"", ""key_entity_name"": ""Cytochrome P450 3A4"", ""key_entity_type"": ""enzyme"", ""action_drug_a"": ""inducer"", ""action_drug_b"": ""substrate"", ""match_pattern"": ""inducer-substrate"", ""mechanism_chain"": ""Terbinafine --[inducer]--> Cytochrome P450 3A4 --[substrate: metabolizes]--> Ceritinib"", ""chain_type"": ""PK_through_enzyme"", ""confidence"": ""high""}]"
DB00857,DB05239,The metabolism of can be increased when combined with,PK,BE0002638,Cytochrome P450 3A4,enzyme,substrate,inhibitor,inhibitor-substrate,Cobimetinib --[inhibitor]--> Cytochrome P450 3A4 --[substrate: metabolizes]--> Terbinafine,PK_through_enzyme,high,True,"[{""key_entity_id"": ""BE0002638"", ""key_entity_name"": ""Cytochrome P450 3A4"", ""key_entity_type"": ""enzyme"", ""action_drug_a"": ""inducer"", ""action_drug_b"": ""substrate"", ""match_pattern"": ""inducer-substrate"", ""mechanism_chain"": ""Terbinafine --[inducer]--> Cytochrome P450 3A4 --[substrate: metabolizes]--> Cobimetinib"", ""chain_type"": ""PK_through_enzyme"", ""confidence"": ""high""}, {""key_entity_id"": ""BE0002363"", ""key_entity_name"": ""Cytochrome P450 2D6"", ""key_entity_type"": ""enzyme"", ""action_drug_a"": ""inhibitor"", ""action_drug_b"": ""inhibitor"", ""match_pattern"": ""inhibitor-inhibitor"", ""mechanism_chain"": ""Terbinafine --[inhibitor]--> Cytochrome P450 2D6 <--[inhibitor]-- Cobimetinib"", ""chain_type"": ""PK_through_enzyme"", ""confidence"": ""high""}]"
DB00857,DB11703,The metabolism of can be increased when combined with,PK,BE0002638,Cytochrome P450 3A4,enzyme,substrate,inhibitor,inhibitor-substrate,Acalabrutinib --[inhibitor]--> Cytochrome P450 3A4 --[substrate: metabolizes]--> Terbinafine,PK_through_enzyme,high,True,"[{""key_entity_id"": ""BE0002638"", ""key_entity_name"": ""Cytochrome P450 3A4"", ""key_entity_type"": ""enzyme"", ""action_drug_a"": ""inducer"", ""action_drug_b"": ""substrate"", ""match_pattern"": ""inducer-substrate"", ""mechanism_chain"": ""Terbinafine --[inducer]--> Cytochrome P450 3A4 --[substrate: metabolizes]--> Acalabrutinib"", ""chain_type"": ""PK_through_enzyme"", ""confidence"": ""high""}]"
DB00857,DB09143,The metabolism of can be increased when combined with,PK,BE0002638,Cytochrome P450 3A4,enzyme,inducer,substrate,inducer-substrate,Terbinafine --[inducer]--> Cytochrome P450 3A4 --[substrate: metabolizes]--> Sonidegib,PK_through_enzyme,high,True,[]
DB00857,DB01009,The metabolism of can be decreased when combined with,PK,BE0002887,Cytochrome P450 2C8,enzyme,substrate,inhibitor,inhibitor-substrate,Ketoprofen --[inhibitor]--> Cytochrome P450 2C8 --[substrate: metabolizes]--> Terbinafine,PK_through_enzyme,high,True,"[{""key_entity_id"": ""BE0002793"", ""key_entity_name"": ""Cytochrome P450 2C9"", ""key_entity_type"": ""enzyme"", ""action_drug_a"": ""substrate"", ""action_drug_b"": ""inhibitor"", ""match_pattern"": ""inhibitor-substrate"", ""mechanism_chain"": ""Ketoprofen --[inhibitor]--> Cytochrome P450 2C9 --[substrate: metabolizes]--> Terbinafine"", ""chain_type"": ""PK_through_enzyme"", ""confidence"": ""high""}]"
DB00857,DB06712,The metabolism of can be decreased when combined with,PK,BE0002887,Cytochrome P450 2C8,enzyme,substrate,inhibitor,inhibitor-substrate,Nilvadipine --[inhibitor]--> Cytochrome P450 2C8 --[substrate: metabolizes]--> Terbinafine,PK_through_enzyme,high,True,"[{""key_entity_id"": ""BE0002638"", ""key_entity_name"": ""Cytochrome P450 3A4"", ""key_entity_type"": ""enzyme"", ""action_drug_a"": ""substrate"", ""action_drug_b"": ""inhibitor"", ""match_pattern"": ""inhibitor-substrate"", ""mechanism_chain"": ""Nilvadipine --[inhibitor]--> Cytochrome P450 3A4 --[substrate: metabolizes]--> Terbinafine"", ""chain_type"": ""PK_through_enzyme"", ""confidence"": ""high""}, {""key_entity_id"": ""BE0002638"", ""key_entity_name"": ""Cytochrome P450 3A4"", ""key_entity_type"": ""enzyme"", ""action_drug_a"": ""inducer"", ""action_drug_b"": ""substrate"", ""match_pattern"": ""inducer-substrate"", ""mechanism_chain"": ""Terbinafine --[inducer]--> Cytochrome P450 3A4 --[substrate: metabolizes]--> Nilvadipine"", ""chain_type"": ""PK_through_enzyme"", ""confidence"": ""high""}, {""key_entity_id"": ""BE0003536"", ""key_entity_name"": ""Cytochrome P450 2C19"", ""key_entity_type"": ""enzyme"", ""action_drug_a"": ""substrate"", ""action_drug_b"": ""inhibitor"", ""match_pattern"": ""inhibitor-substrate"", ""mechanism_chain"": ""Nilvadipine --[inhibitor]--> Cytochrome P450 2C19 --[substrate: metabolizes]--> Terbinafine"", ""chain_type"": ""PK_through_enzyme"", ""confidence"": ""high""}]"
DB00857,DB01198,The metabolism of can be decreased when combined with,PK,BE0002638,Cytochrome P450 3A4,enzyme,inducer,substrate,inducer-substrate,Terbinafine --[inducer]--> Cytochrome P450 3A4 --[substrate: metabolizes]--> Zopiclone,PK_through_enzyme,high,True,[]
DB00857,DB13952,The metabolism of can be decreased when combined with,PK,BE0002433,Cytochrome P450 1A2,enzyme,substrate,inhibitor,inhibitor-substrate,Estradiol acetate --[inhibitor]--> Cytochrome P450 1A2 --[substrate: metabolizes]--> Terbinafine,PK_through_enzyme,high,True,"[{""key_entity_id"": ""BE0002638"", ""key_entity_name"": ""Cytochrome P450 3A4"", ""key_entity_type"": ""enzyme"", ""action_drug_a"": ""substrate"", ""action_drug_b"": ""inducer"", ""match_pattern"": ""inducer-substrate"", ""mechanism_chain"": ""Estradiol acetate --[inducer]--> Cytochrome P450 3A4 --[substrate: metabolizes]--> Terbinafine"", ""chain_type"": ""PK_through_enzyme"", ""confidence"": ""high""}, {""key_entity_id"": ""BE0002638"", ""key_entity_name"": ""Cytochrome P450 3A4"", ""key_entity_type"": ""enzyme"", ""action_drug_a"": ""inducer"", ""action_drug_b"": ""substrate"", ""match_pattern"": ""inducer-substrate"", ""mechanism_chain"": ""Terbinafine --[inducer]--> Cytochrome P450 3A4 --[substrate: metabolizes]--> Estradiol acetate"", ""chain_type"": ""PK_through_enzyme"", ""confidence"": ""high""}]"
DB00857,DB01117,The metabolism of can be decreased when combined with,PK,BE0002793,Cytochrome P450 2C9,enzyme,substrate,inhibitor,inhibitor-substrate,Atovaquone --[inhibitor]--> Cytochrome P450 2C9 --[substrate: metabolizes]--> Terbinafine,PK_through_enzyme,high,True,"[{""key_entity_id"": ""BE0002638"", ""key_entity_name"": ""Cytochrome P450 3A4"", ""key_entity_type"": ""enzyme"", ""action_drug_a"": ""inducer"", ""action_drug_b"": ""substrate"", ""match_pattern"": ""inducer-substrate"", ""mechanism_chain"": ""Terbinafine --[inducer]--> Cytochrome P450 3A4 --[substrate: metabolizes]--> Atovaquone"", ""chain_type"": ""PK_through_enzyme"", ""confidence"": ""high""}]"
DB00857,DB01067,The metabolism of can be decreased when combined with,PK,,,,,,,,,,False,[]
DB00857,DB01101,The serum concentration of can be increased when it is combined with,PK,BE0002793,Cytochrome P450 2C9,enzyme,substrate,inhibitor,inhibitor-substrate,Capecitabine --[inhibitor]--> Cytochrome P450 2C9 --[substrate: metabolizes]--> Terbinafine,PK_through_enzyme,high,True,[]
DB00857,DB11791,The serum concentration of can be decreased when it is combined with,PK,BE0002638,Cytochrome P450 3A4,enzyme,inducer,substrate,inducer-substrate,Terbinafine --[inducer]--> Cytochrome P450 3A4 --[substrate: metabolizes]--> Capmatinib,PK_through_enzyme,high,True,"[{""key_entity_id"": ""BE0002433"", ""key_entity_name"": ""Cytochrome P450 1A2"", ""key_entity_type"": ""enzyme"", ""action_drug_a"": ""substrate"", ""action_drug_b"": ""inhibitor"", ""match_pattern"": ""inhibitor-substrate"", ""mechanism_chain"": ""Capmatinib --[inhibitor]--> Cytochrome P450 1A2 --[substrate: metabolizes]--> Terbinafine"", ""chain_type"": ""PK_through_enzyme"", ""confidence"": ""high""}]"
DB00857,DB01167,The metabolism of can be decreased when combined with,PK,BE0002638,Cytochrome P450 3A4,enzyme,substrate,inhibitor,inhibitor-substrate,Itraconazole --[inhibitor]--> Cytochrome P450 3A4 --[substrate: metabolizes]--> Terbinafine,PK_through_enzyme,high,True,"[{""key_entity_id"": ""BE0002638"", ""key_entity_name"": ""Cytochrome P450 3A4"", ""key_entity_type"": ""enzyme"", ""action_drug_a"": ""inducer"", ""action_drug_b"": ""substrate"", ""match_pattern"": ""inducer-substrate"", ""mechanism_chain"": ""Terbinafine --[inducer]--> Cytochrome P450 3A4 --[substrate: metabolizes]--> Itraconazole"", ""chain_type"": ""PK_through_enzyme"", ""confidence"": ""high""}]"
DB00857,DB01234,The metabolism of can be increased when combined with,PK,BE0002887,Cytochrome P450 2C8,enzyme,substrate,inducer,inducer-substrate,Dexamethasone --[inducer]--> Cytochrome P450 2C8 --[substrate: metabolizes]--> Terbinafine,PK_through_enzyme,high,True,"[{""key_entity_id"": ""BE0002638"", ""key_entity_name"": ""Cytochrome P450 3A4"", ""key_entity_type"": ""enzyme"", ""action_drug_a"": ""substrate"", ""action_drug_b"": ""inhibitor"", ""match_pattern"": ""inhibitor-substrate"", ""mechanism_chain"": ""Dexamethasone --[inhibitor]--> Cytochrome P450 3A4 --[substrate: metabolizes]--> Terbinafine"", ""chain_type"": ""PK_through_enzyme"", ""confidence"": ""high""}, {""key_entity_id"": ""BE0002638"", ""key_entity_name"": ""Cytochrome P450 3A4"", ""key_entity_type"": ""enzyme"", ""action_drug_a"": ""substrate"", ""action_drug_b"": ""inducer"", ""match_pattern"": ""inducer-substrate"", ""mechanism_chain"": ""Dexamethasone --[inducer]--> Cytochrome P450 3A4 --[substrate: metabolizes]--> Terbinafine"", ""chain_type"": ""PK_through_enzyme"", ""confidence"": ""high""}, {""key_entity_id"": ""BE0002638"", ""key_entity_name"": ""Cytochrome P450 3A4"", ""key_entity_type"": ""enzyme"", ""action_drug_a"": ""inducer"", ""action_drug_b"": ""substrate"", ""match_pattern"": ""inducer-substrate"", ""mechanism_chain"": ""Terbinafine --[inducer]--> Cytochrome P450 3A4 --[substrate: metabolizes]--> Dexamethasone"", ""chain_type"": ""PK_through_enzyme"", ""confidence"": ""high""}, {""key_entity_id"": ""BE0003536"", ""key_entity_name"": ""Cytochrome P450 2C19"", ""key_entity_type"": ""enzyme"", ""action_drug_a"": ""substrate"", ""action_drug_b"": ""inducer"", ""match_pattern"": ""inducer-substrate"", ""mechanism_chain"": ""Dexamethasone --[inducer]--> Cytochrome P450 2C19 --[substrate: metabolizes]--> Terbinafine"", ""chain_type"": ""PK_through_enzyme"", ""confidence"": ""high""}]"
DB00857,DB11672,The metabolism of can be decreased when combined with,PK,BE0002793,Cytochrome P450 2C9,enzyme,substrate,inhibitor,inhibitor-substrate,Curcumin --[inhibitor]--> Cytochrome P450 2C9 --[substrate: metabolizes]--> Terbinafine,PK_through_enzyme,high,True,"[{""key_entity_id"": ""BE0002638"", ""key_entity_name"": ""Cytochrome P450 3A4"", ""key_entity_type"": ""enzyme"", ""action_drug_a"": ""substrate"", ""action_drug_b"": ""inhibitor"", ""match_pattern"": ""inhibitor-substrate"", ""mechanism_chain"": ""Curcumin --[inhibitor]--> Cytochrome P450 3A4 --[substrate: metabolizes]--> Terbinafine"", ""chain_type"": ""PK_through_enzyme"", ""confidence"": ""high""}, {""key_entity_id"": ""BE0002433"", ""key_entity_name"": ""Cytochrome P450 1A2"", ""key_entity_type"": ""enzyme"", ""action_drug_a"": ""substrate"", ""action_drug_b"": ""inhibitor"", ""match_pattern"": ""inhibitor-substrate"", ""mechanism_chain"": ""Curcumin --[inhibitor]--> Cytochrome P450 1A2 --[substrate: metabolizes]--> Terbinafine"", ""chain_type"": ""PK_through_enzyme"", ""confidence"": ""high""}, {""key_entity_id"": ""BE0002363"", ""key_entity_name"": ""Cytochrome P450 2D6"", ""key_entity_type"": ""enzyme"", ""action_drug_a"": ""inhibitor"", ""action_drug_b"": ""inhibitor"", ""match_pattern"": ""inhibitor-inhibitor"", ""mechanism_chain"": ""Terbinafine --[inhibitor]--> Cytochrome P450 2D6 <--[inhibitor]-- Curcumin"", ""chain_type"": ""PK_through_enzyme"", ""confidence"": ""high""}]"
DB00857,DB12095,The serum concentration of can be decreased when it is combined with,PK,BE0002363,Cytochrome P450 2D6,enzyme,inhibitor,inhibitor,inhibitor-inhibitor,Terbinafine --[inhibitor]--> Cytochrome P450 2D6 <--[inhibitor]-- Telotristat ethyl,PK_through_enzyme,high,True,"[{""key_entity_id"": ""BE0003536"", ""key_entity_name"": ""Cytochrome P450 2C19"", ""key_entity_type"": ""enzyme"", ""action_drug_a"": ""substrate"", ""action_drug_b"": ""inhibitor"", ""match_pattern"": ""inhibitor-substrate"", ""mechanism_chain"": ""Telotristat ethyl --[inhibitor]--> Cytochrome P450 2C19 --[substrate: metabolizes]--> Terbinafine"", ""chain_type"": ""PK_through_enzyme"", ""confidence"": ""high""}, {""key_entity_id"": ""BE0002887"", ""key_entity_name"": ""Cytochrome P450 2C8"", ""key_entity_type"": ""enzyme"", ""action_drug_a"": ""substrate"", ""action_drug_b"": ""inhibitor"", ""match_pattern"": ""inhibitor-substrate"", ""mechanism_chain"": ""Telotristat ethyl --[inhibitor]--> Cytochrome P450 2C8 --[substrate: metabolizes]--> Terbinafine"", ""chain_type"": ""PK_through_enzyme"", ""confidence"": ""high""}, {""key_entity_id"": ""BE0002793"", ""key_entity_name"": ""Cytochrome P450 2C9"", ""key_entity_type"": ""enzyme"", ""action_drug_a"": ""substrate"", ""action_drug_b"": ""inhibitor"", ""match_pattern"": ""inhibitor-substrate"", ""mechanism_chain"": ""Telotristat ethyl --[inhibitor]--> Cytochrome P450 2C9 --[substrate: metabolizes]--> Terbinafine"", ""chain_type"": ""PK_through_enzyme"", ""confidence"": ""high""}, {""key_entity_id"": ""BE0002638"", ""key_entity_name"": ""Cytochrome P450 3A4"", ""key_entity_type"": ""enzyme"", ""action_drug_a"": ""substrate"", ""action_drug_b"": ""inhibitor"", ""match_pattern"": ""inhibitor-substrate"", ""mechanism_chain"": ""Telotristat ethyl --[inhibitor]--> Cytochrome P450 3A4 --[substrate: metabolizes]--> Terbinafine"", ""chain_type"": ""PK_through_enzyme"", ""confidence"": ""high""}, {""key_entity_id"": ""BE0002638"", ""key_entity_name"": ""Cytochrome P450 3A4"", ""key_entity_type"": ""enzyme"", ""action_drug_a"": ""substrate"", ""action_drug_b"": ""inducer"", ""match_pattern"": ""inducer-substrate"", ""mechanism_chain"": ""Telotristat ethyl --[inducer]--> Cytochrome P450 3A4 --[substrate: metabolizes]--> Terbinafine"", ""chain_type"": ""PK_through_enzyme"", ""confidence"": ""high""}]"
DB00857,DB11682,The metabolism of can be decreased when combined with,PK,BE0002887,Cytochrome P450 2C8,enzyme,substrate,inhibitor,inhibitor-substrate,Daprodustat --[inhibitor]--> Cytochrome P450 2C8 --[substrate: metabolizes]--> Terbinafine,PK_through_enzyme,high,True,"[{""key_entity_id"": ""BE0002638"", ""key_entity_name"": ""Cytochrome P450 3A4"", ""key_entity_type"": ""enzyme"", ""action_drug_a"": ""inducer"", ""action_drug_b"": ""substrate"", ""match_pattern"": ""inducer-substrate"", ""mechanism_chain"": ""Terbinafine --[inducer]--> Cytochrome P450 3A4 --[substrate: metabolizes]--> Daprodustat"", ""chain_type"": ""PK_through_enzyme"", ""confidence"": ""high""}]"
DB00871,DB06016,The risk or severity of hypertension can be increased when is combined with,PD,,,,,,,,,,False,[]
DB00871,DB06701,The risk or severity of hypertension can be increased when is combined with,PD,,,,,,,,,,False,[]
DB00871,DB00940,The therapeutic efficacy of can be decreased when used in combination with,PD,,,,,,,,,,False,[]
DB00871,DB08801,The therapeutic efficacy of can be decreased when used in combination with,PD,,,,,,,,,,False,[]
DB00871,DB01113,The risk or severity of QTc prolongation can be increased when is combined with,PD,,,,,,,,,,False,[]
DB00871,DB06712,may decrease the antihypertensive activities of,PD,,,,,,,,,,False,[]
DB00871,DB09063,The risk or severity of QTc prolongation can be increased when is combined with,PD,,,,,,,,,,False,[]
DB00871,DB12877,The risk or severity of QTc prolongation can be increased when is combined with,PD,,,,,,,,,,False,[]
DB00871,DB01115,The risk or severity of QTc prolongation can be increased when is combined with,PD,,,,,,,,,,False,[]
DB00871,DB01244,The risk or severity of QTc prolongation can be increased when is combined with,PD,,,,,,,,,,False,[]
DB00871,DB06708,The risk or severity of QTc prolongation can be increased when is combined with,PD,,,,,,,,,,False,[]
DB00871,DB13074,The risk or severity of QTc prolongation can be increased when is combined with,PD,,,,,,,,,,False,[]
DB00871,DB01234,The therapeutic efficacy of can be decreased when used in combination with,PD,,,,,,,,,,False,[]
DB00871,DB09091,The therapeutic efficacy of can be decreased when used in combination with,PD,,,,,,,,,,False,[]
DB00871,DB14539,The therapeutic efficacy of can be decreased when used in combination with,PD,,,,,,,,,,False,[]
DB00871,DB01168,The risk or severity of adverse effects can be increased when is combined with,PD,,,,,,,,,,False,[]
DB00871,DB00938,The risk or severity of adverse effects can be increased when is combined with,PD,BE0000172,Beta-1 adrenergic receptor,target,antagonist,inverse agonist,antagonist-inverse agonist,Terbutaline --[antagonist]--> Beta-1 adrenergic receptor <--[inverse agonist]-- Salmeterol,PD_convergent_target,high,True,"[{""key_entity_id"": ""BE0000694"", ""key_entity_name"": ""Beta-2 adrenergic receptor"", ""key_entity_type"": ""target"", ""action_drug_a"": ""agonist"", ""action_drug_b"": ""agonist"", ""match_pattern"": ""agonist-agonist"", ""mechanism_chain"": ""Terbutaline --[agonist]--> Beta-2 adrenergic receptor <--[agonist]-- Salmeterol"", ""chain_type"": ""PD_convergent_target"", ""confidence"": ""high""}]"
DB00871,DB01274,The risk or severity of adverse effects can be increased when is combined with,PD,BE0000694,Beta-2 adrenergic receptor,target,agonist,agonist,agonist-agonist,Terbutaline --[agonist]--> Beta-2 adrenergic receptor <--[agonist]-- Arformoterol,PD_convergent_target,high,True,[]
DB00871,DB01182,The therapeutic efficacy of can be decreased when used in combination with,PD,BE0000172,Beta-1 adrenergic receptor,target,antagonist,antagonist,antagonist-antagonist,Terbutaline --[antagonist]--> Beta-1 adrenergic receptor <--[antagonist]-- Propafenone,PD_convergent_target,high,True,"[{""key_entity_id"": ""BE0000694"", ""key_entity_name"": ""Beta-2 adrenergic receptor"", ""key_entity_type"": ""target"", ""action_drug_a"": ""agonist"", ""action_drug_b"": ""antagonist"", ""match_pattern"": ""agonist-antagonist"", ""mechanism_chain"": ""Terbutaline --[agonist]--> Beta-2 adrenergic receptor <--[antagonist]-- Propafenone"", ""chain_type"": ""PD_opposing_target"", ""confidence"": ""low""}]"
DB00871,DB00915,The therapeutic efficacy of can be decreased when used in combination with,PD,,,,,,,,,,False,[]
DB00871,DB01167,The risk or severity of QTc prolongation can be increased when is combined with,PD,,,,,,,,,,False,[]
DB00871,DB01009,The risk or severity of hypertension can be increased when is combined with,PD,,,,,,,,,,False,[]
DB00871,DB01112,may decrease the excretion rate of which could result in a higher serum level,PK,,,,,,,,,,False,[]
DB00871,DB01424,The risk or severity of hypertension can be increased when is combined with,PD,,,,,,,,,,False,[]
DB00871,DB06736,The risk or severity of hypertension can be increased when is combined with,PD,,,,,,,,,,False,[]
DB00871,DB08976,The risk or severity of hypertension can be increased when is combined with,PD,,,,,,,,,,False,[]
DB00871,DB08981,The risk or severity of hypertension can be increased when is combined with,PD,,,,,,,,,,False,[]
DB00871,DB01046,may decrease the excretion rate of which could result in a higher serum level,PK,,,,,,,,,,False,[]
DB00871,DB01067,may decrease the excretion rate of which could result in a higher serum level,PK,,,,,,,,,,False,[]
DB00871,DB01101,may decrease the excretion rate of which could result in a higher serum level,PK,,,,,,,,,,False,[]
DB00871,DB01428,may decrease the excretion rate of which could result in a higher serum level,PK,,,,,,,,,,False,[]
DB00871,DB06228,may decrease the excretion rate of which could result in a higher serum level,PK,,,,,,,,,,False,[]
DB00871,DB06782,may decrease the excretion rate of which could result in a higher serum level,PK,,,,,,,,,,False,[]
DB00871,DB06813,may decrease the excretion rate of which could result in a higher serum level,PK,,,,,,,,,,False,[]
DB00871,DB11102,may decrease the excretion rate of which could result in a higher serum level,PK,,,,,,,,,,False,[]
DB00871,DB13952,may decrease the excretion rate of which could result in a higher serum level,PK,BE0003647,Solute carrier family 22 member 2,transporter,substrate,inhibitor,inhibitor-substrate,Estradiol acetate --[inhibitor]--> Solute carrier family 22 member 2 --[substrate: transports]--> Terbutaline,PK_through_transporter,high,True,[]
DB00871,DB09401,may increase the excretion rate of which could result in a lower serum level and potentially a reduction in efficacy,PK,,,,,,,,,,False,[]
DB00871,DB13946,may increase the hypertensive activities of,PD,,,,,,,,,,False,[]
DB00915,DB06701,The risk or severity of adverse effects can be increased when is combined with,PD,,,,,,,,,,False,[]
DB00915,DB11609,The risk or severity of adverse effects can be increased when is combined with,PD,,,,,,,,,,False,[]
DB00915,DB00940,The risk or severity of adverse effects can be increased when is combined with,PD,,,,,,,,,,False,[]
DB00915,DB08801,The risk or severity of adverse effects can be increased when is combined with,PD,,,,,,,,,,False,[]
DB00915,DB06016,The therapeutic efficacy of can be decreased when used in combination with,PD,BE0000756,D(2) dopamine receptor,target,agonist,partial agonist,agonist-partial agonist,Amantadine --[agonist]--> D(2) dopamine receptor <--[partial agonist]-- Cariprazine,PD_convergent_target,high,True,[]
DB00915,DB06144,The therapeutic efficacy of can be decreased when used in combination with,PD,BE0000756,D(2) dopamine receptor,target,agonist,antagonist,agonist-antagonist,Amantadine --[agonist]--> D(2) dopamine receptor <--[antagonist]-- Sertindole,PD_opposing_target,low,True,[]
DB00915,DB01113,The risk or severity of QTc prolongation can be increased when is combined with,PD,,,,,,,,,,False,[]
DB00915,DB01115,The risk or severity of QTc prolongation can be increased when is combined with,PD,,,,,,,,,,False,[]
DB00915,DB01182,The risk or severity of QTc prolongation can be increased when is combined with,PD,,,,,,,,,,False,[]
DB00915,DB06712,The risk or severity of QTc prolongation can be increased when is combined with,PD,,,,,,,,,,False,[]
DB00915,DB09063,The risk or severity of QTc prolongation can be increased when is combined with,PD,,,,,,,,,,False,[]
DB00915,DB12877,The risk or severity of QTc prolongation can be increased when is combined with,PD,,,,,,,,,,False,[]
DB00915,DB01244,The risk or severity of QTc prolongation can be increased when is combined with,PD,,,,,,,,,,False,[]
DB00915,DB06708,The risk or severity of QTc prolongation can be increased when is combined with,PD,,,,,,,,,,False,[]
DB00915,DB13074,The risk or severity of QTc prolongation can be increased when is combined with,PD,,,,,,,,,,False,[]
DB00915,DB00938,The serum concentration of can be increased when it is combined with,PK,BE0003647,Solute carrier family 22 member 2,transporter,substrate,inhibitor,inhibitor-substrate,Salmeterol --[inhibitor]--> Solute carrier family 22 member 2 --[substrate: transports]--> Amantadine,PK_through_transporter,high,True,"[{""key_entity_id"": ""BE0003647"", ""key_entity_name"": ""Solute carrier family 22 member 2"", ""key_entity_type"": ""transporter"", ""action_drug_a"": ""inhibitor"", ""action_drug_b"": ""inhibitor"", ""match_pattern"": ""inhibitor-inhibitor"", ""mechanism_chain"": ""Amantadine --[inhibitor]--> Solute carrier family 22 member 2 <--[inhibitor]-- Salmeterol"", ""chain_type"": ""PK_through_transporter"", ""confidence"": ""high""}, {""key_entity_id"": ""BE0003648"", ""key_entity_name"": ""Solute carrier family 22 member 1"", ""key_entity_type"": ""transporter"", ""action_drug_a"": ""substrate"", ""action_drug_b"": ""inhibitor"", ""match_pattern"": ""inhibitor-substrate"", ""mechanism_chain"": ""Salmeterol --[inhibitor]--> Solute carrier family 22 member 1 --[substrate: transports]--> Amantadine"", ""chain_type"": ""PK_through_transporter"", ""confidence"": ""high""}, {""key_entity_id"": ""BE0003648"", ""key_entity_name"": ""Solute carrier family 22 member 1"", ""key_entity_type"": ""transporter"", ""action_drug_a"": ""inhibitor"", ""action_drug_b"": ""substrate"", ""match_pattern"": ""inhibitor-substrate"", ""mechanism_chain"": ""Amantadine --[inhibitor]--> Solute carrier family 22 member 1 --[substrate: transports]--> Salmeterol"", ""chain_type"": ""PK_through_transporter"", ""confidence"": ""high""}, {""key_entity_id"": ""BE0003648"", ""key_entity_name"": ""Solute carrier family 22 member 1"", ""key_entity_type"": ""transporter"", ""action_drug_a"": ""inhibitor"", ""action_drug_b"": ""inhibitor"", ""match_pattern"": ""inhibitor-inhibitor"", ""mechanism_chain"": ""Amantadine --[inhibitor]--> Solute carrier family 22 member 1 <--[inhibitor]-- Salmeterol"", ""chain_type"": ""PK_through_transporter"", ""confidence"": ""high""}]"
DB00915,DB13952,The serum concentration of can be increased when it is combined with,PK,BE0003647,Solute carrier family 22 member 2,transporter,substrate,inhibitor,inhibitor-substrate,Estradiol acetate --[inhibitor]--> Solute carrier family 22 member 2 --[substrate: transports]--> Amantadine,PK_through_transporter,high,True,"[{""key_entity_id"": ""BE0003647"", ""key_entity_name"": ""Solute carrier family 22 member 2"", ""key_entity_type"": ""transporter"", ""action_drug_a"": ""inhibitor"", ""action_drug_b"": ""inhibitor"", ""match_pattern"": ""inhibitor-inhibitor"", ""mechanism_chain"": ""Amantadine --[inhibitor]--> Solute carrier family 22 member 2 <--[inhibitor]-- Estradiol acetate"", ""chain_type"": ""PK_through_transporter"", ""confidence"": ""high""}, {""key_entity_id"": ""BE0003648"", ""key_entity_name"": ""Solute carrier family 22 member 1"", ""key_entity_type"": ""transporter"", ""action_drug_a"": ""substrate"", ""action_drug_b"": ""inhibitor"", ""match_pattern"": ""inhibitor-substrate"", ""mechanism_chain"": ""Estradiol acetate --[inhibitor]--> Solute carrier family 22 member 1 --[substrate: transports]--> Amantadine"", ""chain_type"": ""PK_through_transporter"", ""confidence"": ""high""}, {""key_entity_id"": ""BE0003648"", ""key_entity_name"": ""Solute carrier family 22 member 1"", ""key_entity_type"": ""transporter"", ""action_drug_a"": ""inhibitor"", ""action_drug_b"": ""inhibitor"", ""match_pattern"": ""inhibitor-inhibitor"", ""mechanism_chain"": ""Amantadine --[inhibitor]--> Solute carrier family 22 member 1 <--[inhibitor]-- Estradiol acetate"", ""chain_type"": ""PK_through_transporter"", ""confidence"": ""high""}]"
DB00915,DB01167,The risk or severity of QTc prolongation can be increased when is combined with,PD,,,,,,,,,,False,[]
DB00915,DB01274,The risk or severity of QTc prolongation can be increased when is combined with,PD,,,,,,,,,,False,[]
DB00915,DB01009,may decrease the excretion rate of which could result in a higher serum level,PK,,,,,,,,,,False,[]
DB00915,DB01112,may decrease the excretion rate of which could result in a higher serum level,PK,,,,,,,,,,False,[]
DB00915,DB01424,may decrease the excretion rate of which could result in a higher serum level,PK,,,,,,,,,,False,[]
DB00915,DB06736,may decrease the excretion rate of which could result in a higher serum level,PK,,,,,,,,,,False,[]
DB00915,DB08976,may decrease the excretion rate of which could result in a higher serum level,PK,,,,,,,,,,False,[]
DB00915,DB08981,may decrease the excretion rate of which could result in a higher serum level,PK,,,,,,,,,,False,[]
DB00915,DB01046,may decrease the excretion rate of which could result in a higher serum level,PK,,,,,,,,,,False,[]
DB00915,DB01067,may decrease the excretion rate of which could result in a higher serum level,PK,,,,,,,,,,False,[]
DB00915,DB01101,may decrease the excretion rate of which could result in a higher serum level,PK,,,,,,,,,,False,[]
DB00915,DB01428,may decrease the excretion rate of which could result in a higher serum level,PK,,,,,,,,,,False,[]
DB00915,DB06228,may decrease the excretion rate of which could result in a higher serum level,PK,,,,,,,,,,False,[]
DB00915,DB06782,may decrease the excretion rate of which could result in a higher serum level,PK,,,,,,,,,,False,[]
DB00915,DB06813,may decrease the excretion rate of which could result in a higher serum level,PK,,,,,,,,,,False,[]
DB00915,DB09091,may decrease the excretion rate of which could result in a higher serum level,PK,,,,,,,,,,False,[]
DB00915,DB11102,may decrease the excretion rate of which could result in a higher serum level,PK,,,,,,,,,,False,[]
DB00915,DB13946,may decrease the excretion rate of which could result in a higher serum level,PK,BE0003647,Solute carrier family 22 member 2,transporter,substrate,inducer,inducer-substrate,Testosterone undecanoate --[inducer]--> Solute carrier family 22 member 2 --[substrate: transports]--> Amantadine,PK_through_transporter,high,True,[]
DB00915,DB09401,may increase the excretion rate of which could result in a lower serum level and potentially a reduction in efficacy,PK,,,,,,,,,,False,[]
DB00915,DB14627,The therapeutic efficacy of can be decreased when used in combination with,PD,,,,,,,,,,False,[]
DB00938,DB01009,The risk or severity of hypertension can be increased when is combined with,PD,,,,,,,,,,False,[]
DB00938,DB06701,The risk or severity of hypertension can be increased when is combined with,PD,,,,,,,,,,False,[]
DB00938,DB06736,The risk or severity of hypertension can be increased when is combined with,PD,,,,,,,,,,False,[]
DB00938,DB08976,The risk or severity of hypertension can be increased when is combined with,PD,,,,,,,,,,False,[]
DB00938,DB08981,The risk or severity of hypertension can be increased when is combined with,PD,,,,,,,,,,False,[]
DB00938,DB06016,The risk or severity of hypertension can be increased when is combined with,PD,,,,,,,,,,False,[]
DB00938,DB01113,The risk or severity of QTc prolongation can be increased when is combined with,PD,,,,,,,,,,False,[]
DB00938,DB12877,The risk or severity of QTc prolongation can be increased when is combined with,PD,,,,,,,,,,False,[]
DB00938,DB01115,The risk or severity of QTc prolongation can be increased when is combined with,PD,,,,,,,,,,False,[]
DB00938,DB06712,The metabolism of can be decreased when combined with,PK,BE0002887,Cytochrome P450 2C8,enzyme,inhibitor,inhibitor,inhibitor-inhibitor,Salmeterol --[inhibitor]--> Cytochrome P450 2C8 <--[inhibitor]-- Nilvadipine,PK_through_enzyme,high,True,"[{""key_entity_id"": ""BE0002638"", ""key_entity_name"": ""Cytochrome P450 3A4"", ""key_entity_type"": ""enzyme"", ""action_drug_a"": ""substrate"", ""action_drug_b"": ""inhibitor"", ""match_pattern"": ""inhibitor-substrate"", ""mechanism_chain"": ""Nilvadipine --[inhibitor]--> Cytochrome P450 3A4 --[substrate: metabolizes]--> Salmeterol"", ""chain_type"": ""PK_through_enzyme"", ""confidence"": ""high""}]"
DB00938,DB09063,The risk or severity of QTc prolongation can be increased when is combined with,PD,,,,,,,,,,False,[]
DB00938,DB01244,The risk or severity of QTc prolongation can be increased when is combined with,PD,,,,,,,,,,False,[]
DB00938,DB06708,The risk or severity of QTc prolongation can be increased when is combined with,PD,,,,,,,,,,False,[]
DB00938,DB13074,The risk or severity of QTc prolongation can be increased when is combined with,PD,,,,,,,,,,False,[]
DB00938,DB01198,The metabolism of can be decreased when combined with,PK,BE0002887,Cytochrome P450 2C8,enzyme,inhibitor,substrate,inhibitor-substrate,Salmeterol --[inhibitor]--> Cytochrome P450 2C8 --[substrate: metabolizes]--> Zopiclone,PK_through_enzyme,high,True,[]
DB00938,DB01424,The metabolism of can be decreased when combined with,PK,BE0002887,Cytochrome P450 2C8,enzyme,inhibitor,substrate,inhibitor-substrate,Salmeterol --[inhibitor]--> Cytochrome P450 2C8 --[substrate: metabolizes]--> Aminophenazone,PK_through_enzyme,high,True,[]
DB00938,DB13952,The metabolism of can be decreased when combined with,PK,BE0002887,Cytochrome P450 2C8,enzyme,inhibitor,substrate,inhibitor-substrate,Salmeterol --[inhibitor]--> Cytochrome P450 2C8 --[substrate: metabolizes]--> Estradiol acetate,PK_through_enzyme,high,True,"[{""key_entity_id"": ""BE0002638"", ""key_entity_name"": ""Cytochrome P450 3A4"", ""key_entity_type"": ""enzyme"", ""action_drug_a"": ""substrate"", ""action_drug_b"": ""inducer"", ""match_pattern"": ""inducer-substrate"", ""mechanism_chain"": ""Estradiol acetate --[inducer]--> Cytochrome P450 3A4 --[substrate: metabolizes]--> Salmeterol"", ""chain_type"": ""PK_through_enzyme"", ""confidence"": ""high""}]"
DB00938,DB01274,The risk or severity of adverse effects can be increased when is combined with,PD,BE0000694,Beta-2 adrenergic receptor,target,agonist,agonist,agonist-agonist,Salmeterol --[agonist]--> Beta-2 adrenergic receptor <--[agonist]-- Arformoterol,PD_convergent_target,high,True,[]
DB00938,DB01182,The therapeutic efficacy of can be decreased when used in combination with,PD,BE0000172,Beta-1 adrenergic receptor,target,inverse agonist,antagonist,inverse agonist-antagonist,Salmeterol --[inverse agonist]--> Beta-1 adrenergic receptor <--[antagonist]-- Propafenone,PD_convergent_target,high,True,"[{""key_entity_id"": ""BE0000694"", ""key_entity_name"": ""Beta-2 adrenergic receptor"", ""key_entity_type"": ""target"", ""action_drug_a"": ""agonist"", ""action_drug_b"": ""antagonist"", ""match_pattern"": ""agonist-antagonist"", ""mechanism_chain"": ""Salmeterol --[agonist]--> Beta-2 adrenergic receptor <--[antagonist]-- Propafenone"", ""chain_type"": ""PD_opposing_target"", ""confidence"": ""low""}]"
DB00938,DB01006,"The risk or severity of myopathy, rhabdomyolysis, and myoglobinuria can be increased when is combined with",PD,,,,,,,,,,False,[]
DB00938,DB01168,"The risk or severity of myopathy, rhabdomyolysis, and myoglobinuria can be increased when is combined with",PD,,,,,,,,,,False,[]
DB00938,DB01393,"The risk or severity of myopathy, rhabdomyolysis, and myoglobinuria can be increased when is combined with",PD,,,,,,,,,,False,[]
DB00938,DB11703,The metabolism of can be decreased when combined with,PK,BE0002638,Cytochrome P450 3A4,enzyme,substrate,inhibitor,inhibitor-substrate,Acalabrutinib --[inhibitor]--> Cytochrome P450 3A4 --[substrate: metabolizes]--> Salmeterol,PK_through_enzyme,high,True,"[{""key_entity_id"": ""BE0002362"", ""key_entity_name"": ""Cytochrome P450 3A5"", ""key_entity_type"": ""enzyme"", ""action_drug_a"": ""substrate"", ""action_drug_b"": ""inhibitor"", ""match_pattern"": ""inhibitor-substrate"", ""mechanism_chain"": ""Acalabrutinib --[inhibitor]--> Cytochrome P450 3A5 --[substrate: metabolizes]--> Salmeterol"", ""chain_type"": ""PK_through_enzyme"", ""confidence"": ""high""}]"
DB00938,DB06228,The metabolism of can be decreased when combined with,PK,,,,,,,,,,False,[]
DB00938,DB13946,may increase the hypertensive activities of,PD,,,,,,,,,,False,[]
DB00938,DB01167,The metabolism of can be decreased when combined with,PK,BE0002638,Cytochrome P450 3A4,enzyme,substrate,inhibitor,inhibitor-substrate,Itraconazole --[inhibitor]--> Cytochrome P450 3A4 --[substrate: metabolizes]--> Salmeterol,PK_through_enzyme,high,True,"[{""key_entity_id"": ""BE0002362"", ""key_entity_name"": ""Cytochrome P450 3A5"", ""key_entity_type"": ""enzyme"", ""action_drug_a"": ""substrate"", ""action_drug_b"": ""inhibitor"", ""match_pattern"": ""inhibitor-substrate"", ""mechanism_chain"": ""Itraconazole --[inhibitor]--> Cytochrome P450 3A5 --[substrate: metabolizes]--> Salmeterol"", ""chain_type"": ""PK_through_enzyme"", ""confidence"": ""high""}, {""key_entity_id"": ""BE0003612"", ""key_entity_name"": ""Cytochrome P450 3A7"", ""key_entity_type"": ""enzyme"", ""action_drug_a"": ""substrate"", ""action_drug_b"": ""inhibitor"", ""match_pattern"": ""inhibitor-substrate"", ""mechanism_chain"": ""Itraconazole --[inhibitor]--> Cytochrome P450 3A7 --[substrate: metabolizes]--> Salmeterol"", ""chain_type"": ""PK_through_enzyme"", ""confidence"": ""high""}]"
DB00938,DB01234,The metabolism of can be increased when combined with,PK,BE0002638,Cytochrome P450 3A4,enzyme,substrate,inhibitor,inhibitor-substrate,Dexamethasone --[inhibitor]--> Cytochrome P450 3A4 --[substrate: metabolizes]--> Salmeterol,PK_through_enzyme,high,True,"[{""key_entity_id"": ""BE0002638"", ""key_entity_name"": ""Cytochrome P450 3A4"", ""key_entity_type"": ""enzyme"", ""action_drug_a"": ""substrate"", ""action_drug_b"": ""inducer"", ""match_pattern"": ""inducer-substrate"", ""mechanism_chain"": ""Dexamethasone --[inducer]--> Cytochrome P450 3A4 --[substrate: metabolizes]--> Salmeterol"", ""chain_type"": ""PK_through_enzyme"", ""confidence"": ""high""}, {""key_entity_id"": ""BE0002362"", ""key_entity_name"": ""Cytochrome P450 3A5"", ""key_entity_type"": ""enzyme"", ""action_drug_a"": ""substrate"", ""action_drug_b"": ""inducer"", ""match_pattern"": ""inducer-substrate"", ""mechanism_chain"": ""Dexamethasone --[inducer]--> Cytochrome P450 3A5 --[substrate: metabolizes]--> Salmeterol"", ""chain_type"": ""PK_through_enzyme"", ""confidence"": ""high""}, {""key_entity_id"": ""BE0003612"", ""key_entity_name"": ""Cytochrome P450 3A7"", ""key_entity_type"": ""enzyme"", ""action_drug_a"": ""substrate"", ""action_drug_b"": ""inducer"", ""match_pattern"": ""inducer-substrate"", ""mechanism_chain"": ""Dexamethasone --[inducer]--> Cytochrome P450 3A7 --[substrate: metabolizes]--> Salmeterol"", ""chain_type"": ""PK_through_enzyme"", ""confidence"": ""high""}]"
DB00938,DB11672,The metabolism of can be decreased when combined with,PK,BE0002638,Cytochrome P450 3A4,enzyme,substrate,inhibitor,inhibitor-substrate,Curcumin --[inhibitor]--> Cytochrome P450 3A4 --[substrate: metabolizes]--> Salmeterol,PK_through_enzyme,high,True,[]
DB00938,DB12095,The serum concentration of can be decreased when it is combined with,PK,BE0002887,Cytochrome P450 2C8,enzyme,inhibitor,inhibitor,inhibitor-inhibitor,Salmeterol --[inhibitor]--> Cytochrome P450 2C8 <--[inhibitor]-- Telotristat ethyl,PK_through_enzyme,high,True,"[{""key_entity_id"": ""BE0002638"", ""key_entity_name"": ""Cytochrome P450 3A4"", ""key_entity_type"": ""enzyme"", ""action_drug_a"": ""substrate"", ""action_drug_b"": ""inhibitor"", ""match_pattern"": ""inhibitor-substrate"", ""mechanism_chain"": ""Telotristat ethyl --[inhibitor]--> Cytochrome P450 3A4 --[substrate: metabolizes]--> Salmeterol"", ""chain_type"": ""PK_through_enzyme"", ""confidence"": ""high""}, {""key_entity_id"": ""BE0002638"", ""key_entity_name"": ""Cytochrome P450 3A4"", ""key_entity_type"": ""enzyme"", ""action_drug_a"": ""substrate"", ""action_drug_b"": ""inducer"", ""match_pattern"": ""inducer-substrate"", ""mechanism_chain"": ""Telotristat ethyl --[inducer]--> Cytochrome P450 3A4 --[substrate: metabolizes]--> Salmeterol"", ""chain_type"": ""PK_through_enzyme"", ""confidence"": ""high""}]"
DB00938,DB11682,The metabolism of can be decreased when combined with,PK,BE0002887,Cytochrome P450 2C8,enzyme,inhibitor,substrate,inhibitor-substrate,Salmeterol --[inhibitor]--> Cytochrome P450 2C8 --[substrate: metabolizes]--> Daprodustat,PK_through_enzyme,high,True,"[{""key_entity_id"": ""BE0002887"", ""key_entity_name"": ""Cytochrome P450 2C8"", ""key_entity_type"": ""enzyme"", ""action_drug_a"": ""inhibitor"", ""action_drug_b"": ""inhibitor"", ""match_pattern"": ""inhibitor-inhibitor"", ""mechanism_chain"": ""Salmeterol --[inhibitor]--> Cytochrome P450 2C8 <--[inhibitor]-- Daprodustat"", ""chain_type"": ""PK_through_enzyme"", ""confidence"": ""high""}]"
DB00940,DB06701,The therapeutic efficacy of can be decreased when used in combination with,PD,,,,,,,,,,False,[]
DB00940,DB11609,The risk or severity of adverse effects can be increased when is combined with,PD,,,,,,,,,,False,[]
DB00940,DB08801,The risk or severity of adverse effects can be increased when is combined with,PD,,,,,,,,,,False,[]
DB00940,DB01046,The therapeutic efficacy of can be decreased when used in combination with,PD,,,,,,,,,,False,[]
DB00940,DB14627,The therapeutic efficacy of can be decreased when used in combination with,PD,,,,,,,,,,False,[]
DB00940,DB13074,The therapeutic efficacy of can be decreased when used in combination with,PD,,,,,,,,,,False,[]
DB00957,DB01220,The serum concentration of can be increased when it is combined with,PK,BE0002638,Cytochrome P450 3A4,enzyme,substrate,inducer,inducer-substrate,Rifaximin --[inducer]--> Cytochrome P450 3A4 --[substrate: metabolizes]--> Norgestimate,PK_through_enzyme,high,True,"[{""key_entity_id"": ""BE0002638"", ""key_entity_name"": ""Cytochrome P450 3A4"", ""key_entity_type"": ""enzyme"", ""action_drug_a"": ""inducer"", ""action_drug_b"": ""substrate"", ""match_pattern"": ""inducer-substrate"", ""mechanism_chain"": ""Norgestimate --[inducer]--> Cytochrome P450 3A4 --[substrate: metabolizes]--> Rifaximin"", ""chain_type"": ""PK_through_enzyme"", ""confidence"": ""high""}]"
DB00957,DB09091,The serum concentration of can be increased when it is combined with,PK,,,,,,,,,,False,[]
DB00957,DB14539,The serum concentration of can be increased when it is combined with,PK,BE0002638,Cytochrome P450 3A4,enzyme,substrate,inducer,inducer-substrate,Hydrocortisone acetate --[inducer]--> Cytochrome P450 3A4 --[substrate: metabolizes]--> Norgestimate,PK_through_enzyme,high,True,"[{""key_entity_id"": ""BE0002638"", ""key_entity_name"": ""Cytochrome P450 3A4"", ""key_entity_type"": ""enzyme"", ""action_drug_a"": ""inducer"", ""action_drug_b"": ""substrate"", ""match_pattern"": ""inducer-substrate"", ""mechanism_chain"": ""Norgestimate --[inducer]--> Cytochrome P450 3A4 --[substrate: metabolizes]--> Hydrocortisone acetate"", ""chain_type"": ""PK_through_enzyme"", ""confidence"": ""high""}]"
DB00957,DB01234,The serum concentration of can be increased when it is combined with,PK,BE0002638,Cytochrome P450 3A4,enzyme,substrate,inhibitor,inhibitor-substrate,Dexamethasone --[inhibitor]--> Cytochrome P450 3A4 --[substrate: metabolizes]--> Norgestimate,PK_through_enzyme,high,True,"[{""key_entity_id"": ""BE0002638"", ""key_entity_name"": ""Cytochrome P450 3A4"", ""key_entity_type"": ""enzyme"", ""action_drug_a"": ""substrate"", ""action_drug_b"": ""inducer"", ""match_pattern"": ""inducer-substrate"", ""mechanism_chain"": ""Dexamethasone --[inducer]--> Cytochrome P450 3A4 --[substrate: metabolizes]--> Norgestimate"", ""chain_type"": ""PK_through_enzyme"", ""confidence"": ""high""}, {""key_entity_id"": ""BE0002638"", ""key_entity_name"": ""Cytochrome P450 3A4"", ""key_entity_type"": ""enzyme"", ""action_drug_a"": ""inducer"", ""action_drug_b"": ""substrate"", ""match_pattern"": ""inducer-substrate"", ""mechanism_chain"": ""Norgestimate --[inducer]--> Cytochrome P450 3A4 --[substrate: metabolizes]--> Dexamethasone"", ""chain_type"": ""PK_through_enzyme"", ""confidence"": ""high""}, {""key_entity_id"": ""BE0003549"", ""key_entity_name"": ""Cytochrome P450 2B6"", ""key_entity_type"": ""enzyme"", ""action_drug_a"": ""substrate"", ""action_drug_b"": ""inducer"", ""match_pattern"": ""inducer-substrate"", ""mechanism_chain"": ""Dexamethasone --[inducer]--> Cytochrome P450 2B6 --[substrate: metabolizes]--> Norgestimate"", ""chain_type"": ""PK_through_enzyme"", ""confidence"": ""high""}]"
DB00957,DB12329,The serum concentration of can be decreased when it is combined with,PK,BE0002638,Cytochrome P450 3A4,enzyme,inducer,substrate,inducer-substrate,Norgestimate --[inducer]--> Cytochrome P450 3A4 --[substrate: metabolizes]--> Eravacycline,PK_through_enzyme,high,True,[]
DB00957,DB05239,The serum concentration of can be increased when it is combined with,PK,BE0002638,Cytochrome P450 3A4,enzyme,substrate,inhibitor,inhibitor-substrate,Cobimetinib --[inhibitor]--> Cytochrome P450 3A4 --[substrate: metabolizes]--> Norgestimate,PK_through_enzyme,high,True,"[{""key_entity_id"": ""BE0002638"", ""key_entity_name"": ""Cytochrome P450 3A4"", ""key_entity_type"": ""enzyme"", ""action_drug_a"": ""inducer"", ""action_drug_b"": ""substrate"", ""match_pattern"": ""inducer-substrate"", ""mechanism_chain"": ""Norgestimate --[inducer]--> Cytochrome P450 3A4 --[substrate: metabolizes]--> Cobimetinib"", ""chain_type"": ""PK_through_enzyme"", ""confidence"": ""high""}]"
DB00957,DB09063,The serum concentration of can be increased when it is combined with,PK,BE0002793,Cytochrome P450 2C9,enzyme,substrate,inhibitor,inhibitor-substrate,Ceritinib --[inhibitor]--> Cytochrome P450 2C9 --[substrate: metabolizes]--> Norgestimate,PK_through_enzyme,high,True,"[{""key_entity_id"": ""BE0002638"", ""key_entity_name"": ""Cytochrome P450 3A4"", ""key_entity_type"": ""enzyme"", ""action_drug_a"": ""substrate"", ""action_drug_b"": ""inhibitor"", ""match_pattern"": ""inhibitor-substrate"", ""mechanism_chain"": ""Ceritinib --[inhibitor]--> Cytochrome P450 3A4 --[substrate: metabolizes]--> Norgestimate"", ""chain_type"": ""PK_through_enzyme"", ""confidence"": ""high""}, {""key_entity_id"": ""BE0002638"", ""key_entity_name"": ""Cytochrome P450 3A4"", ""key_entity_type"": ""enzyme"", ""action_drug_a"": ""inducer"", ""action_drug_b"": ""substrate"", ""match_pattern"": ""inducer-substrate"", ""mechanism_chain"": ""Norgestimate --[inducer]--> Cytochrome P450 3A4 --[substrate: metabolizes]--> Ceritinib"", ""chain_type"": ""PK_through_enzyme"", ""confidence"": ""high""}]"
DB00957,DB13952,The metabolism of can be increased when combined with,PK,BE0002638,Cytochrome P450 3A4,enzyme,substrate,inducer,inducer-substrate,Estradiol acetate --[inducer]--> Cytochrome P450 3A4 --[substrate: metabolizes]--> Norgestimate,PK_through_enzyme,high,True,"[{""key_entity_id"": ""BE0002638"", ""key_entity_name"": ""Cytochrome P450 3A4"", ""key_entity_type"": ""enzyme"", ""action_drug_a"": ""inducer"", ""action_drug_b"": ""substrate"", ""match_pattern"": ""inducer-substrate"", ""mechanism_chain"": ""Norgestimate --[inducer]--> Cytochrome P450 3A4 --[substrate: metabolizes]--> Estradiol acetate"", ""chain_type"": ""PK_through_enzyme"", ""confidence"": ""high""}]"
DB00957,DB11703,The metabolism of can be increased when combined with,PK,BE0002638,Cytochrome P450 3A4,enzyme,substrate,inhibitor,inhibitor-substrate,Acalabrutinib --[inhibitor]--> Cytochrome P450 3A4 --[substrate: metabolizes]--> Norgestimate,PK_through_enzyme,high,True,"[{""key_entity_id"": ""BE0002638"", ""key_entity_name"": ""Cytochrome P450 3A4"", ""key_entity_type"": ""enzyme"", ""action_drug_a"": ""inducer"", ""action_drug_b"": ""substrate"", ""match_pattern"": ""inducer-substrate"", ""mechanism_chain"": ""Norgestimate --[inducer]--> Cytochrome P450 3A4 --[substrate: metabolizes]--> Acalabrutinib"", ""chain_type"": ""PK_through_enzyme"", ""confidence"": ""high""}]"
DB00957,DB09143,The metabolism of can be increased when combined with,PK,BE0002638,Cytochrome P450 3A4,enzyme,inducer,substrate,inducer-substrate,Norgestimate --[inducer]--> Cytochrome P450 3A4 --[substrate: metabolizes]--> Sonidegib,PK_through_enzyme,high,True,[]
DB00957,DB01117,The metabolism of can be decreased when combined with,PK,BE0002793,Cytochrome P450 2C9,enzyme,substrate,inhibitor,inhibitor-substrate,Atovaquone --[inhibitor]--> Cytochrome P450 2C9 --[substrate: metabolizes]--> Norgestimate,PK_through_enzyme,high,True,"[{""key_entity_id"": ""BE0002638"", ""key_entity_name"": ""Cytochrome P450 3A4"", ""key_entity_type"": ""enzyme"", ""action_drug_a"": ""inducer"", ""action_drug_b"": ""substrate"", ""match_pattern"": ""inducer-substrate"", ""mechanism_chain"": ""Norgestimate --[inducer]--> Cytochrome P450 3A4 --[substrate: metabolizes]--> Atovaquone"", ""chain_type"": ""PK_through_enzyme"", ""confidence"": ""high""}]"
DB00957,DB01198,The metabolism of can be decreased when combined with,PK,BE0002638,Cytochrome P450 3A4,enzyme,inducer,substrate,inducer-substrate,Norgestimate --[inducer]--> Cytochrome P450 3A4 --[substrate: metabolizes]--> Zopiclone,PK_through_enzyme,high,True,[]
DB00957,DB01274,The metabolism of can be decreased when combined with,PK,,,,,,,,,,False,[]
DB00957,DB01424,The metabolism of can be decreased when combined with,PK,BE0002638,Cytochrome P450 3A4,enzyme,inducer,substrate,inducer-substrate,Norgestimate --[inducer]--> Cytochrome P450 3A4 --[substrate: metabolizes]--> Aminophenazone,PK_through_enzyme,high,True,[]
DB00957,DB01101,The serum concentration of can be increased when it is combined with,PK,BE0002793,Cytochrome P450 2C9,enzyme,substrate,inhibitor,inhibitor-substrate,Capecitabine --[inhibitor]--> Cytochrome P450 2C9 --[substrate: metabolizes]--> Norgestimate,PK_through_enzyme,high,True,[]
DB00957,DB01067,The therapeutic efficacy of can be decreased when used in combination with,PD,,,,,,,,,,False,[]
DB00957,DB11791,The serum concentration of can be decreased when it is combined with,PK,BE0002638,Cytochrome P450 3A4,enzyme,inducer,substrate,inducer-substrate,Norgestimate --[inducer]--> Cytochrome P450 3A4 --[substrate: metabolizes]--> Capmatinib,PK_through_enzyme,high,True,[]
DB00957,DB06228,The risk or severity of adverse effects can be increased when is combined with,PD,,,,,,,,,,False,[]
DB00957,DB06712,The metabolism of can be decreased when combined with,PK,BE0002638,Cytochrome P450 3A4,enzyme,substrate,inhibitor,inhibitor-substrate,Nilvadipine --[inhibitor]--> Cytochrome P450 3A4 --[substrate: metabolizes]--> Norgestimate,PK_through_enzyme,high,True,"[{""key_entity_id"": ""BE0002638"", ""key_entity_name"": ""Cytochrome P450 3A4"", ""key_entity_type"": ""enzyme"", ""action_drug_a"": ""inducer"", ""action_drug_b"": ""substrate"", ""match_pattern"": ""inducer-substrate"", ""mechanism_chain"": ""Norgestimate --[inducer]--> Cytochrome P450 3A4 --[substrate: metabolizes]--> Nilvadipine"", ""chain_type"": ""PK_through_enzyme"", ""confidence"": ""high""}]"
DB00957,DB01167,The metabolism of can be decreased when combined with,PK,BE0002638,Cytochrome P450 3A4,enzyme,substrate,inhibitor,inhibitor-substrate,Itraconazole --[inhibitor]--> Cytochrome P450 3A4 --[substrate: metabolizes]--> Norgestimate,PK_through_enzyme,high,True,"[{""key_entity_id"": ""BE0002638"", ""key_entity_name"": ""Cytochrome P450 3A4"", ""key_entity_type"": ""enzyme"", ""action_drug_a"": ""inducer"", ""action_drug_b"": ""substrate"", ""match_pattern"": ""inducer-substrate"", ""mechanism_chain"": ""Norgestimate --[inducer]--> Cytochrome P450 3A4 --[substrate: metabolizes]--> Itraconazole"", ""chain_type"": ""PK_through_enzyme"", ""confidence"": ""high""}, {""key_entity_id"": ""BE0003549"", ""key_entity_name"": ""Cytochrome P450 2B6"", ""key_entity_type"": ""enzyme"", ""action_drug_a"": ""substrate"", ""action_drug_b"": ""inhibitor"", ""match_pattern"": ""inhibitor-substrate"", ""mechanism_chain"": ""Itraconazole --[inhibitor]--> Cytochrome P450 2B6 --[substrate: metabolizes]--> Norgestimate"", ""chain_type"": ""PK_through_enzyme"", ""confidence"": ""high""}]"
DB00957,DB11672,The metabolism of can be decreased when combined with,PK,BE0002793,Cytochrome P450 2C9,enzyme,substrate,inhibitor,inhibitor-substrate,Curcumin --[inhibitor]--> Cytochrome P450 2C9 --[substrate: metabolizes]--> Norgestimate,PK_through_enzyme,high,True,"[{""key_entity_id"": ""BE0002638"", ""key_entity_name"": ""Cytochrome P450 3A4"", ""key_entity_type"": ""enzyme"", ""action_drug_a"": ""substrate"", ""action_drug_b"": ""inhibitor"", ""match_pattern"": ""inhibitor-substrate"", ""mechanism_chain"": ""Curcumin --[inhibitor]--> Cytochrome P450 3A4 --[substrate: metabolizes]--> Norgestimate"", ""chain_type"": ""PK_through_enzyme"", ""confidence"": ""high""}, {""key_entity_id"": ""BE0003549"", ""key_entity_name"": ""Cytochrome P450 2B6"", ""key_entity_type"": ""enzyme"", ""action_drug_a"": ""substrate"", ""action_drug_b"": ""inhibitor"", ""match_pattern"": ""inhibitor-substrate"", ""mechanism_chain"": ""Curcumin --[inhibitor]--> Cytochrome P450 2B6 --[substrate: metabolizes]--> Norgestimate"", ""chain_type"": ""PK_through_enzyme"", ""confidence"": ""high""}]"
DB00957,DB12095,The serum concentration of can be decreased when it is combined with,PK,BE0002793,Cytochrome P450 2C9,enzyme,substrate,inhibitor,inhibitor-substrate,Telotristat ethyl --[inhibitor]--> Cytochrome P450 2C9 --[substrate: metabolizes]--> Norgestimate,PK_through_enzyme,high,True,"[{""key_entity_id"": ""BE0002638"", ""key_entity_name"": ""Cytochrome P450 3A4"", ""key_entity_type"": ""enzyme"", ""action_drug_a"": ""substrate"", ""action_drug_b"": ""inhibitor"", ""match_pattern"": ""inhibitor-substrate"", ""mechanism_chain"": ""Telotristat ethyl --[inhibitor]--> Cytochrome P450 3A4 --[substrate: metabolizes]--> Norgestimate"", ""chain_type"": ""PK_through_enzyme"", ""confidence"": ""high""}, {""key_entity_id"": ""BE0002638"", ""key_entity_name"": ""Cytochrome P450 3A4"", ""key_entity_type"": ""enzyme"", ""action_drug_a"": ""substrate"", ""action_drug_b"": ""inducer"", ""match_pattern"": ""inducer-substrate"", ""mechanism_chain"": ""Telotristat ethyl --[inducer]--> Cytochrome P450 3A4 --[substrate: metabolizes]--> Norgestimate"", ""chain_type"": ""PK_through_enzyme"", ""confidence"": ""high""}, {""key_entity_id"": ""BE0003549"", ""key_entity_name"": ""Cytochrome P450 2B6"", ""key_entity_type"": ""enzyme"", ""action_drug_a"": ""substrate"", ""action_drug_b"": ""inducer"", ""match_pattern"": ""inducer-substrate"", ""mechanism_chain"": ""Telotristat ethyl --[inducer]--> Cytochrome P450 2B6 --[substrate: metabolizes]--> Norgestimate"", ""chain_type"": ""PK_through_enzyme"", ""confidence"": ""high""}]"
DB00957,DB15149,The serum concentration of can be increased when it is combined with,PK,BE0002638,Cytochrome P450 3A4,enzyme,inducer,substrate,inducer-substrate,Norgestimate --[inducer]--> Cytochrome P450 3A4 --[substrate: metabolizes]--> Futibatinib,PK_through_enzyme,high,True,[]
DB01006,DB01115,The metabolism of can be decreased when combined with,PK,BE0002638,Cytochrome P450 3A4,enzyme,substrate,inhibitor,inhibitor-substrate,Nifedipine --[inhibitor]--> Cytochrome P450 3A4 --[substrate: metabolizes]--> Letrozole,PK_through_enzyme,high,True,"[{""key_entity_id"": ""BE0002638"", ""key_entity_name"": ""Cytochrome P450 3A4"", ""key_entity_type"": ""enzyme"", ""action_drug_a"": ""substrate"", ""action_drug_b"": ""inducer"", ""match_pattern"": ""inducer-substrate"", ""mechanism_chain"": ""Nifedipine --[inducer]--> Cytochrome P450 3A4 --[substrate: metabolizes]--> Letrozole"", ""chain_type"": ""PK_through_enzyme"", ""confidence"": ""high""}, {""key_entity_id"": ""BE0003336"", ""key_entity_name"": ""Cytochrome P450 2A6"", ""key_entity_type"": ""enzyme"", ""action_drug_a"": ""inhibitor"", ""action_drug_b"": ""substrate"", ""match_pattern"": ""inhibitor-substrate"", ""mechanism_chain"": ""Letrozole --[inhibitor]--> Cytochrome P450 2A6 --[substrate: metabolizes]--> Nifedipine"", ""chain_type"": ""PK_through_enzyme"", ""confidence"": ""high""}]"
DB01006,DB01274,The metabolism of can be decreased when combined with,PK,BE0003336,Cytochrome P450 2A6,enzyme,inhibitor,substrate,inhibitor-substrate,Letrozole --[inhibitor]--> Cytochrome P450 2A6 --[substrate: metabolizes]--> Arformoterol,PK_through_enzyme,high,True,"[{""key_entity_id"": ""BE0003536"", ""key_entity_name"": ""Cytochrome P450 2C19"", ""key_entity_type"": ""enzyme"", ""action_drug_a"": ""inhibitor"", ""action_drug_b"": ""substrate"", ""match_pattern"": ""inhibitor-substrate"", ""mechanism_chain"": ""Letrozole --[inhibitor]--> Cytochrome P450 2C19 --[substrate: metabolizes]--> Arformoterol"", ""chain_type"": ""PK_through_enzyme"", ""confidence"": ""high""}]"
DB01006,DB01168,"The risk or severity of myopathy, rhabdomyolysis, and myoglobinuria can be increased when is combined with",PD,,,,,,,,,,False,[]
DB01006,DB01393,"The risk or severity of myopathy, rhabdomyolysis, and myoglobinuria can be increased when is combined with",PD,,,,,,,,,,False,[]
DB01006,DB06712,The metabolism of can be decreased when combined with,PK,BE0002638,Cytochrome P450 3A4,enzyme,substrate,inhibitor,inhibitor-substrate,Nilvadipine --[inhibitor]--> Cytochrome P450 3A4 --[substrate: metabolizes]--> Letrozole,PK_through_enzyme,high,True,"[{""key_entity_id"": ""BE0003336"", ""key_entity_name"": ""Cytochrome P450 2A6"", ""key_entity_type"": ""enzyme"", ""action_drug_a"": ""substrate"", ""action_drug_b"": ""inhibitor"", ""match_pattern"": ""inhibitor-substrate"", ""mechanism_chain"": ""Nilvadipine --[inhibitor]--> Cytochrome P450 2A6 --[substrate: metabolizes]--> Letrozole"", ""chain_type"": ""PK_through_enzyme"", ""confidence"": ""high""}, {""key_entity_id"": ""BE0003336"", ""key_entity_name"": ""Cytochrome P450 2A6"", ""key_entity_type"": ""enzyme"", ""action_drug_a"": ""inhibitor"", ""action_drug_b"": ""inhibitor"", ""match_pattern"": ""inhibitor-inhibitor"", ""mechanism_chain"": ""Letrozole --[inhibitor]--> Cytochrome P450 2A6 <--[inhibitor]-- Nilvadipine"", ""chain_type"": ""PK_through_enzyme"", ""confidence"": ""high""}, {""key_entity_id"": ""BE0003536"", ""key_entity_name"": ""Cytochrome P450 2C19"", ""key_entity_type"": ""enzyme"", ""action_drug_a"": ""inhibitor"", ""action_drug_b"": ""inhibitor"", ""match_pattern"": ""inhibitor-inhibitor"", ""mechanism_chain"": ""Letrozole --[inhibitor]--> Cytochrome P450 2C19 <--[inhibitor]-- Nilvadipine"", ""chain_type"": ""PK_through_enzyme"", ""confidence"": ""high""}]"
DB01006,DB01167,The metabolism of can be decreased when combined with,PK,BE0002638,Cytochrome P450 3A4,enzyme,substrate,inhibitor,inhibitor-substrate,Itraconazole --[inhibitor]--> Cytochrome P450 3A4 --[substrate: metabolizes]--> Letrozole,PK_through_enzyme,high,True,[]
DB01006,DB01234,The metabolism of can be increased when combined with,PK,BE0002638,Cytochrome P450 3A4,enzyme,substrate,inhibitor,inhibitor-substrate,Dexamethasone --[inhibitor]--> Cytochrome P450 3A4 --[substrate: metabolizes]--> Letrozole,PK_through_enzyme,high,True,"[{""key_entity_id"": ""BE0002638"", ""key_entity_name"": ""Cytochrome P450 3A4"", ""key_entity_type"": ""enzyme"", ""action_drug_a"": ""substrate"", ""action_drug_b"": ""inducer"", ""match_pattern"": ""inducer-substrate"", ""mechanism_chain"": ""Dexamethasone --[inducer]--> Cytochrome P450 3A4 --[substrate: metabolizes]--> Letrozole"", ""chain_type"": ""PK_through_enzyme"", ""confidence"": ""high""}, {""key_entity_id"": ""BE0003336"", ""key_entity_name"": ""Cytochrome P450 2A6"", ""key_entity_type"": ""enzyme"", ""action_drug_a"": ""substrate"", ""action_drug_b"": ""inducer"", ""match_pattern"": ""inducer-substrate"", ""mechanism_chain"": ""Dexamethasone --[inducer]--> Cytochrome P450 2A6 --[substrate: metabolizes]--> Letrozole"", ""chain_type"": ""PK_through_enzyme"", ""confidence"": ""high""}]"
DB01006,DB11672,The metabolism of can be decreased when combined with,PK,BE0002638,Cytochrome P450 3A4,enzyme,substrate,inhibitor,inhibitor-substrate,Curcumin --[inhibitor]--> Cytochrome P450 3A4 --[substrate: metabolizes]--> Letrozole,PK_through_enzyme,high,True,[]
DB01006,DB12095,The serum concentration of can be decreased when it is combined with,PK,BE0002638,Cytochrome P450 3A4,enzyme,substrate,inhibitor,inhibitor-substrate,Telotristat ethyl --[inhibitor]--> Cytochrome P450 3A4 --[substrate: metabolizes]--> Letrozole,PK_through_enzyme,high,True,"[{""key_entity_id"": ""BE0002638"", ""key_entity_name"": ""Cytochrome P450 3A4"", ""key_entity_type"": ""enzyme"", ""action_drug_a"": ""substrate"", ""action_drug_b"": ""inducer"", ""match_pattern"": ""inducer-substrate"", ""mechanism_chain"": ""Telotristat ethyl --[inducer]--> Cytochrome P450 3A4 --[substrate: metabolizes]--> Letrozole"", ""chain_type"": ""PK_through_enzyme"", ""confidence"": ""high""}, {""key_entity_id"": ""BE0003679"", ""key_entity_name"": ""UDP-glucuronosyltransferase 2B7"", ""key_entity_type"": ""enzyme"", ""action_drug_a"": ""substrate"", ""action_drug_b"": ""inducer"", ""match_pattern"": ""inducer-substrate"", ""mechanism_chain"": ""Telotristat ethyl --[inducer]--> UDP-glucuronosyltransferase 2B7 --[substrate: metabolizes]--> Letrozole"", ""chain_type"": ""PK_through_enzyme"", ""confidence"": ""high""}, {""key_entity_id"": ""BE0003536"", ""key_entity_name"": ""Cytochrome P450 2C19"", ""key_entity_type"": ""enzyme"", ""action_drug_a"": ""inhibitor"", ""action_drug_b"": ""inhibitor"", ""match_pattern"": ""inhibitor-inhibitor"", ""mechanism_chain"": ""Letrozole --[inhibitor]--> Cytochrome P450 2C19 <--[inhibitor]-- Telotristat ethyl"", ""chain_type"": ""PK_through_enzyme"", ""confidence"": ""high""}]"
DB01006,DB09009,The risk or severity of methemoglobinemia can be increased when is combined with,PD,,,,,,,,,,False,[]
DB01009,DB06016,The risk or severity of hypertension can be increased when is combined with,PD,,,,,,,,,,False,[]
DB01009,DB06701,The risk or severity of hypertension can be increased when is combined with,PD,,,,,,,,,,False,[]
DB01009,DB06813,may decrease the excretion rate of which could result in a higher serum level,PK,,,,,,,,,,False,[]
DB01009,DB01182,may decrease the antihypertensive activities of,PD,,,,,,,,,,False,[]
DB01009,DB01112,The risk or severity of nephrotoxicity can be increased when is combined with,PD,,,,,,,,,,False,[]
DB01009,DB01234,The risk or severity of gastrointestinal irritation can be increased when is combined with,PD,,,,,,,,,,False,[]
DB01009,DB14539,The risk or severity of gastrointestinal irritation can be increased when is combined with,PD,,,,,,,,,,False,[]
DB01009,DB09091,The risk or severity of gastrointestinal irritation can be increased when is combined with,PD,,,,,,,,,,False,[]
DB01009,DB01167,The risk or severity of hyperkalemia can be increased when is combined with,PD,,,,,,,,,,False,[]
DB01009,DB01244,The therapeutic efficacy of can be decreased when used in combination with,PD,,,,,,,,,,False,[]
DB01009,DB06712,The therapeutic efficacy of can be decreased when used in combination with,PD,,,,,,,,,,False,[]
DB01009,DB06736,The risk or severity of adverse effects can be increased when is combined with,PD,BE0000017,Prostaglandin G/H synthase 1,target,inhibitor,inhibitor,inhibitor-inhibitor,Ketoprofen --[inhibitor]--> Prostaglandin G/H synthase 1 <--[inhibitor]-- Aceclofenac,PD_convergent_target,high,True,"[{""key_entity_id"": ""BE0000262"", ""key_entity_name"": ""Prostaglandin G/H synthase 2"", ""key_entity_type"": ""target"", ""action_drug_a"": ""inhibitor"", ""action_drug_b"": ""inhibitor"", ""match_pattern"": ""inhibitor-inhibitor"", ""mechanism_chain"": ""Ketoprofen --[inhibitor]--> Prostaglandin G/H synthase 2 <--[inhibitor]-- Aceclofenac"", ""chain_type"": ""PD_convergent_target"", ""confidence"": ""high""}]"
DB01009,DB08976,The risk or severity of adverse effects can be increased when is combined with,PD,,,,,,,,,,False,[]
DB01009,DB08981,The risk or severity of adverse effects can be increased when is combined with,PD,BE0000017,Prostaglandin G/H synthase 1,target,inhibitor,inhibitor,inhibitor-inhibitor,Ketoprofen --[inhibitor]--> Prostaglandin G/H synthase 1 <--[inhibitor]-- Fenbufen,PD_convergent_target,high,True,"[{""key_entity_id"": ""BE0000262"", ""key_entity_name"": ""Prostaglandin G/H synthase 2"", ""key_entity_type"": ""target"", ""action_drug_a"": ""inhibitor"", ""action_drug_b"": ""inhibitor"", ""match_pattern"": ""inhibitor-inhibitor"", ""mechanism_chain"": ""Ketoprofen --[inhibitor]--> Prostaglandin G/H synthase 2 <--[inhibitor]-- Fenbufen"", ""chain_type"": ""PD_convergent_target"", ""confidence"": ""high""}]"
DB01009,DB01424,The risk or severity of adverse effects can be increased when is combined with,PD,,,,,,,,,,False,[]
DB01009,DB01046,may decrease the excretion rate of which could result in a higher serum level,PK,,,,,,,,,,False,[]
DB01009,DB01274,The risk or severity of hypertension can be increased when is combined with,PD,,,,,,,,,,False,[]
DB01009,DB01428,may decrease the excretion rate of which could result in a higher serum level,PK,,,,,,,,,,False,[]
DB01009,DB06782,may decrease the excretion rate of which could result in a higher serum level,PK,,,,,,,,,,False,[]
DB01009,DB11102,may decrease the excretion rate of which could result in a higher serum level,PK,,,,,,,,,,False,[]
DB01009,DB13952,may decrease the excretion rate of which could result in a higher serum level,PK,BE0003642,Solute carrier organic anion transporter family member 1A2,transporter,inhibitor,inhibitor,inhibitor-inhibitor,Ketoprofen --[inhibitor]--> Solute carrier organic anion transporter family member 1A2 <--[inhibitor]-- Estradiol acetate,PK_through_transporter,high,True,"[{""key_entity_id"": ""BE0000879"", ""key_entity_name"": ""Solute carrier family 22 member 11"", ""key_entity_type"": ""transporter"", ""action_drug_a"": ""inhibitor"", ""action_drug_b"": ""inhibitor"", ""match_pattern"": ""inhibitor-inhibitor"", ""mechanism_chain"": ""Ketoprofen --[inhibitor]--> Solute carrier family 22 member 11 <--[inhibitor]-- Estradiol acetate"", ""chain_type"": ""PK_through_transporter"", ""confidence"": ""high""}]"
DB01009,DB01115,The risk or severity of hyperkalemia can be increased when is combined with,PD,,,,,,,,,,False,[]
DB01009,DB09401,may increase the excretion rate of which could result in a lower serum level and potentially a reduction in efficacy,PK,,,,,,,,,,False,[]
DB01009,DB01198,The metabolism of can be decreased when combined with,PK,BE0002887,Cytochrome P450 2C8,enzyme,inhibitor,substrate,inhibitor-substrate,Ketoprofen --[inhibitor]--> Cytochrome P450 2C8 --[substrate: metabolizes]--> Zopiclone,PK_through_enzyme,high,True,"[{""key_entity_id"": ""BE0002793"", ""key_entity_name"": ""Cytochrome P450 2C9"", ""key_entity_type"": ""enzyme"", ""action_drug_a"": ""inhibitor"", ""action_drug_b"": ""substrate"", ""match_pattern"": ""inhibitor-substrate"", ""mechanism_chain"": ""Ketoprofen --[inhibitor]--> Cytochrome P450 2C9 --[substrate: metabolizes]--> Zopiclone"", ""chain_type"": ""PK_through_enzyme"", ""confidence"": ""high""}]"
DB01009,DB13074,The therapeutic efficacy of can be decreased when used in combination with,PD,,,,,,,,,,False,[]
DB01009,DB13946,may increase the hypertensive activities of,PD,,,,,,,,,,False,[]
DB01009,DB11201,The risk or severity of adverse effects can be increased when is combined with,PD,BE0000017,Prostaglandin G/H synthase 1,target,inhibitor,antagonist,inhibitor-antagonist,Ketoprofen --[inhibitor]--> Prostaglandin G/H synthase 1 <--[antagonist]-- Menthyl salicylate,PD_convergent_target,high,True,"[{""key_entity_id"": ""BE0000262"", ""key_entity_name"": ""Prostaglandin G/H synthase 2"", ""key_entity_type"": ""target"", ""action_drug_a"": ""inhibitor"", ""action_drug_b"": ""antagonist"", ""match_pattern"": ""inhibitor-antagonist"", ""mechanism_chain"": ""Ketoprofen --[inhibitor]--> Prostaglandin G/H synthase 2 <--[antagonist]-- Menthyl salicylate"", ""chain_type"": ""PD_convergent_target"", ""confidence"": ""high""}]"
DB01009,DB11682,The metabolism of can be decreased when combined with,PK,BE0002887,Cytochrome P450 2C8,enzyme,inhibitor,substrate,inhibitor-substrate,Ketoprofen --[inhibitor]--> Cytochrome P450 2C8 --[substrate: metabolizes]--> Daprodustat,PK_through_enzyme,high,True,"[{""key_entity_id"": ""BE0002887"", ""key_entity_name"": ""Cytochrome P450 2C8"", ""key_entity_type"": ""enzyme"", ""action_drug_a"": ""inhibitor"", ""action_drug_b"": ""inhibitor"", ""match_pattern"": ""inhibitor-inhibitor"", ""mechanism_chain"": ""Ketoprofen --[inhibitor]--> Cytochrome P450 2C8 <--[inhibitor]-- Daprodustat"", ""chain_type"": ""PK_through_enzyme"", ""confidence"": ""high""}]"
DB01046,DB08801,The therapeutic efficacy of can be decreased when used in combination with,PD,,,,,,,,,,False,[]
DB01046,DB01244,The therapeutic efficacy of can be decreased when used in combination with,PD,,,,,,,,,,False,[]
DB01046,DB06712,The therapeutic efficacy of can be decreased when used in combination with,PD,,,,,,,,,,False,[]
DB01046,DB11609,The therapeutic efficacy of can be decreased when used in combination with,PD,,,,,,,,,,False,[]
DB01046,DB01112,may decrease the excretion rate of which could result in a higher serum level,PK,,,,,,,,,,False,[]
DB01046,DB01424,may decrease the excretion rate of which could result in a higher serum level,PK,,,,,,,,,,False,[]
DB01046,DB06736,may decrease the excretion rate of which could result in a higher serum level,PK,,,,,,,,,,False,[]
DB01046,DB08976,may decrease the excretion rate of which could result in a higher serum level,PK,,,,,,,,,,False,[]
DB01046,DB08981,may decrease the excretion rate of which could result in a higher serum level,PK,,,,,,,,,,False,[]
DB01046,DB01067,may decrease the excretion rate of which could result in a higher serum level,PK,,,,,,,,,,False,[]
DB01046,DB01101,may decrease the excretion rate of which could result in a higher serum level,PK,,,,,,,,,,False,[]
DB01046,DB01115,The therapeutic efficacy of can be decreased when used in combination with,PD,,,,,,,,,,False,[]
DB01046,DB01274,may decrease the excretion rate of which could result in a higher serum level,PK,,,,,,,,,,False,[]
DB01046,DB01428,may decrease the excretion rate of which could result in a higher serum level,PK,,,,,,,,,,False,[]
DB01046,DB06228,may decrease the excretion rate of which could result in a higher serum level,PK,,,,,,,,,,False,[]
DB01046,DB06782,may decrease the excretion rate of which could result in a higher serum level,PK,,,,,,,,,,False,[]
DB01046,DB06813,may decrease the excretion rate of which could result in a higher serum level,PK,,,,,,,,,,False,[]
DB01046,DB09091,may decrease the excretion rate of which could result in a higher serum level,PK,,,,,,,,,,False,[]
DB01046,DB11102,may decrease the excretion rate of which could result in a higher serum level,PK,,,,,,,,,,False,[]
DB01046,DB13946,may decrease the excretion rate of which could result in a higher serum level,PK,,,,,,,,,,False,[]
DB01046,DB13952,may decrease the excretion rate of which could result in a higher serum level,PK,,,,,,,,,,False,[]
DB01046,DB14627,The risk or severity of adverse effects can be increased when is combined with,PD,,,,,,,,,,False,[]
DB01067,DB01115,may decrease the excretion rate of which could result in a higher serum level,PK,BE0000703,Bile salt export pump,transporter,substrate,inhibitor,inhibitor-substrate,Nifedipine --[inhibitor]--> Bile salt export pump --[substrate: transports]--> Glipizide,PK_through_transporter,high,True,[]
DB01067,DB06791,The therapeutic efficacy of can be decreased when used in combination with,PD,,,,,,,,,,False,[]
DB01067,DB09009,The therapeutic efficacy of can be decreased when used in combination with,PD,,,,,,,,,,False,[]
DB01067,DB01112,may decrease the excretion rate of which could result in a higher serum level,PK,,,,,,,,,,False,[]
DB01067,DB01274,may decrease the excretion rate of which could result in a higher serum level,PK,,,,,,,,,,False,[]
DB01067,DB01428,may decrease the excretion rate of which could result in a higher serum level,PK,,,,,,,,,,False,[]
DB01067,DB06782,may decrease the excretion rate of which could result in a higher serum level,PK,,,,,,,,,,False,[]
DB01067,DB06813,may decrease the excretion rate of which could result in a higher serum level,PK,,,,,,,,,,False,[]
DB01067,DB11102,may decrease the excretion rate of which could result in a higher serum level,PK,,,,,,,,,,False,[]
DB01067,DB06228,may decrease the excretion rate of which could result in a higher serum level,PK,,,,,,,,,,False,[]
DB01067,DB09401,may increase the excretion rate of which could result in a lower serum level and potentially a reduction in efficacy,PK,,,,,,,,,,False,[]
DB01067,DB01117,The metabolism of can be decreased when combined with,PK,BE0002793,Cytochrome P450 2C9,enzyme,substrate,inhibitor,inhibitor-substrate,Atovaquone --[inhibitor]--> Cytochrome P450 2C9 --[substrate: metabolizes]--> Glipizide,PK_through_enzyme,high,True,[]
DB01067,DB09063,The therapeutic efficacy of can be decreased when used in combination with,PD,,,,,,,,,,False,[]
DB01067,DB01198,The metabolism of can be decreased when combined with,PK,,,,,,,,,,False,[]
DB01067,DB01101,The serum concentration of can be increased when it is combined with,PK,BE0002793,Cytochrome P450 2C9,enzyme,substrate,inhibitor,inhibitor-substrate,Capecitabine --[inhibitor]--> Cytochrome P450 2C9 --[substrate: metabolizes]--> Glipizide,PK_through_enzyme,high,True,[]
DB01067,DB13213,The therapeutic efficacy of can be decreased when used in combination with,PD,,,,,,,,,,False,[]
DB01067,DB13952,The therapeutic efficacy of can be decreased when used in combination with,PD,,,,,,,,,,False,[]
DB01067,DB09091,The risk or severity of hyperglycemia can be increased when is combined with,PD,,,,,,,,,,False,[]
DB01067,DB01234,The risk or severity of hyperglycemia can be increased when is combined with,PD,,,,,,,,,,False,[]
DB01067,DB14539,The risk or severity of hyperglycemia can be increased when is combined with,PD,,,,,,,,,,False,[]
DB01078,DB01167,The serum concentration of can be increased when it is combined with,PK,,,,,,,,,,False,[]
DB01078,DB01182,The serum concentration of can be increased when it is combined with,PK,,,,,,,,,,False,[]
DB01078,DB01115,may increase the arrhythmogenic activities of,PD,,,,,,,,,,False,[]
DB01078,DB01244,may increase the arrhythmogenic activities of,PD,BE0000732,Sodium/potassium-transporting ATPase subunit alpha-1,target,inhibitor,inhibitor,inhibitor-inhibitor,Deslanoside --[inhibitor]--> Sodium/potassium-transporting ATPase subunit alpha-1 <--[inhibitor]-- Bepridil,PD_convergent_target,high,True,[]
DB01078,DB06712,may increase the arrhythmogenic activities of,PD,,,,,,,,,,False,[]
DB01078,DB01234,The risk or severity of adverse effects can be increased when is combined with,PD,,,,,,,,,,False,[]
DB01078,DB09091,The risk or severity of adverse effects can be increased when is combined with,PD,,,,,,,,,,False,[]
DB01078,DB14539,The risk or severity of adverse effects can be increased when is combined with,PD,,,,,,,,,,False,[]
DB01101,DB01168,The risk or severity of adverse effects can be increased when is combined with,PD,,,,,,,,,,False,[]
DB01101,DB01234,The risk or severity of adverse effects can be increased when is combined with,PD,,,,,,,,,,False,[]
DB01101,DB06813,The risk or severity of adverse effects can be increased when is combined with,PD,BE0000324,Thymidylate synthase,target,inhibitor,inhibitor,inhibitor-inhibitor,Capecitabine --[inhibitor]--> Thymidylate synthase <--[inhibitor]-- Pralatrexate,PD_convergent_target,high,True,[]
DB01101,DB09091,The risk or severity of adverse effects can be increased when is combined with,PD,,,,,,,,,,False,[]
DB01101,DB14539,The risk or severity of adverse effects can be increased when is combined with,PD,,,,,,,,,,False,[]
DB01101,DB08868,may increase the immunosuppressive activities of,PD,,,,,,,,,,False,[]
DB01101,DB01428,may decrease the excretion rate of which could result in a higher serum level,PK,,,,,,,,,,False,[]
DB01101,DB06228,may decrease the excretion rate of which could result in a higher serum level,PK,,,,,,,,,,False,[]
DB01101,DB06782,may decrease the excretion rate of which could result in a higher serum level,PK,,,,,,,,,,False,[]
DB01101,DB11102,may decrease the excretion rate of which could result in a higher serum level,PK,,,,,,,,,,False,[]
DB01101,DB09401,may increase the excretion rate of which could result in a lower serum level and potentially a reduction in efficacy,PK,,,,,,,,,,False,[]
DB01101,DB01198,The serum concentration of can be increased when it is combined with,PK,BE0002793,Cytochrome P450 2C9,enzyme,inhibitor,substrate,inhibitor-substrate,Capecitabine --[inhibitor]--> Cytochrome P450 2C9 --[substrate: metabolizes]--> Zopiclone,PK_through_enzyme,high,True,[]
DB01101,DB01274,The serum concentration of can be increased when it is combined with,PK,BE0002793,Cytochrome P450 2C9,enzyme,inhibitor,substrate,inhibitor-substrate,Capecitabine --[inhibitor]--> Cytochrome P450 2C9 --[substrate: metabolizes]--> Arformoterol,PK_through_enzyme,high,True,[]
DB01101,DB01424,The serum concentration of can be increased when it is combined with,PK,BE0002793,Cytochrome P450 2C9,enzyme,inhibitor,substrate,inhibitor-substrate,Capecitabine --[inhibitor]--> Cytochrome P450 2C9 --[substrate: metabolizes]--> Aminophenazone,PK_through_enzyme,high,True,[]
DB01101,DB13946,may decrease the excretion rate of which could result in a higher serum level,PK,,,,,,,,,,False,[]
DB01101,DB13952,The serum concentration of can be increased when it is combined with,PK,BE0002793,Cytochrome P450 2C9,enzyme,inhibitor,substrate,inhibitor-substrate,Capecitabine --[inhibitor]--> Cytochrome P450 2C9 --[substrate: metabolizes]--> Estradiol acetate,PK_through_enzyme,high,True,[]
DB01101,DB01117,The metabolism of can be decreased when combined with,PK,BE0002793,Cytochrome P450 2C9,enzyme,inhibitor,inhibitor,inhibitor-inhibitor,Capecitabine --[inhibitor]--> Cytochrome P450 2C9 <--[inhibitor]-- Atovaquone,PK_through_enzyme,high,True,[]
DB01101,DB09063,The metabolism of can be decreased when combined with,PK,BE0002793,Cytochrome P450 2C9,enzyme,inhibitor,inhibitor,inhibitor-inhibitor,Capecitabine --[inhibitor]--> Cytochrome P450 2C9 <--[inhibitor]-- Ceritinib,PK_through_enzyme,high,True,[]
DB01101,DB01115,may decrease the excretion rate of which could result in a higher serum level,PK,,,,,,,,,,False,[]
DB01101,DB09009,The risk or severity of methemoglobinemia can be increased when is combined with,PD,,,,,,,,,,False,[]
DB01112,DB01424,The risk or severity of nephrotoxicity can be increased when is combined with,PD,,,,,,,,,,False,[]
DB01112,DB08976,The risk or severity of nephrotoxicity can be increased when is combined with,PD,,,,,,,,,,False,[]
DB01112,DB08981,The risk or severity of nephrotoxicity can be increased when is combined with,PD,,,,,,,,,,False,[]
DB01112,DB06736,The risk or severity of nephrotoxicity can be increased when is combined with,PD,,,,,,,,,,False,[]
DB01112,DB01115,may decrease the excretion rate of which could result in a higher serum level,PK,,,,,,,,,,False,[]
DB01112,DB01274,may decrease the excretion rate of which could result in a higher serum level,PK,,,,,,,,,,False,[]
DB01112,DB01428,may decrease the excretion rate of which could result in a higher serum level,PK,,,,,,,,,,False,[]
DB01112,DB06228,may decrease the excretion rate of which could result in a higher serum level,PK,,,,,,,,,,False,[]
DB01112,DB06782,may decrease the excretion rate of which could result in a higher serum level,PK,,,,,,,,,,False,[]
DB01112,DB06813,may decrease the excretion rate of which could result in a higher serum level,PK,,,,,,,,,,False,[]
DB01112,DB09091,may decrease the excretion rate of which could result in a higher serum level,PK,,,,,,,,,,False,[]
DB01112,DB11102,may decrease the excretion rate of which could result in a higher serum level,PK,,,,,,,,,,False,[]
DB01112,DB13946,may decrease the excretion rate of which could result in a higher serum level,PK,,,,,,,,,,False,[]
DB01112,DB13952,may decrease the excretion rate of which could result in a higher serum level,PK,,,,,,,,,,False,[]
DB01112,DB09009,The risk or severity of methemoglobinemia can be increased when is combined with,PD,,,,,,,,,,False,[]
DB01113,DB01244,The risk or severity of QTc prolongation can be increased when is combined with,PD,,,,,,,,,,False,[]
DB01113,DB06708,The risk or severity of QTc prolongation can be increased when is combined with,PD,,,,,,,,,,False,[]
DB01113,DB13074,The risk or severity of QTc prolongation can be increased when is combined with,PD,,,,,,,,,,False,[]
DB01113,DB01115,The risk or severity of QTc prolongation can be increased when is combined with,PD,,,,,,,,,,False,[]
DB01113,DB01182,The risk or severity of QTc prolongation can be increased when is combined with,PD,,,,,,,,,,False,[]
DB01113,DB06712,The risk or severity of QTc prolongation can be increased when is combined with,PD,,,,,,,,,,False,[]
DB01113,DB09063,The risk or severity of QTc prolongation can be increased when is combined with,PD,,,,,,,,,,False,[]
DB01113,DB12877,The risk or severity of QTc prolongation can be increased when is combined with,PD,,,,,,,,,,False,[]
DB01113,DB01167,The risk or severity of QTc prolongation can be increased when is combined with,PD,,,,,,,,,,False,[]
DB01113,DB01274,The risk or severity of QTc prolongation can be increased when is combined with,PD,,,,,,,,,,False,[]
DB01115,DB09063,may increase the bradycardic activities of,PD,,,,,,,,,,False,[]
DB01115,DB01244,may increase the arrhythmogenic activities of,PD,BE0027477,Calmodulin,target,inhibitor,binder,inhibitor-binder,Nifedipine --[inhibitor]--> Calmodulin <--[binder]-- Bepridil,PD_convergent_target,high,True,[]
DB01115,DB06712,may increase the arrhythmogenic activities of,PD,BE0002359,Voltage-dependent L-type calcium channel subunit alpha-1D,target,inhibitor,inhibitor,inhibitor-inhibitor,Nifedipine --[inhibitor]--> Voltage-dependent L-type calcium channel subunit alpha-1D <--[inhibitor]-- Nilvadipine,PD_convergent_target,high,True,"[{""key_entity_id"": ""BE0002355"", ""key_entity_name"": ""Voltage-dependent L-type calcium channel subunit alpha-1S"", ""key_entity_type"": ""target"", ""action_drug_a"": ""inhibitor"", ""action_drug_b"": ""inhibitor"", ""match_pattern"": ""inhibitor-inhibitor"", ""mechanism_chain"": ""Nifedipine --[inhibitor]--> Voltage-dependent L-type calcium channel subunit alpha-1S <--[inhibitor]-- Nilvadipine"", ""chain_type"": ""PD_convergent_target"", ""confidence"": ""high""}, {""key_entity_id"": ""BE0008716"", ""key_entity_name"": ""Voltage-dependent T-type calcium channel"", ""key_entity_type"": ""target"", ""action_drug_a"": ""inhibitor"", ""action_drug_b"": ""inhibitor"", ""match_pattern"": ""inhibitor-inhibitor"", ""mechanism_chain"": ""Nifedipine --[inhibitor]--> Voltage-dependent T-type calcium channel <--[inhibitor]-- Nilvadipine"", ""chain_type"": ""PD_convergent_target"", ""confidence"": ""high""}, {""key_entity_id"": ""BE0000430"", ""key_entity_name"": ""Voltage-dependent L-type calcium channel subunit alpha-1C"", ""key_entity_type"": ""target"", ""action_drug_a"": ""inhibitor"", ""action_drug_b"": ""inhibitor"", ""match_pattern"": ""inhibitor-inhibitor"", ""mechanism_chain"": ""Nifedipine --[inhibitor]--> Voltage-dependent L-type calcium channel subunit alpha-1C <--[inhibitor]-- Nilvadipine"", ""chain_type"": ""PD_convergent_target"", ""confidence"": ""high""}, {""key_entity_id"": ""BE0002354"", ""key_entity_name"": ""Voltage-dependent L-type calcium channel subunit beta-2"", ""key_entity_type"": ""target"", ""action_drug_a"": ""inhibitor"", ""action_drug_b"": ""inhibitor"", ""match_pattern"": ""inhibitor-inhibitor"", ""mechanism_chain"": ""Nifedipine --[inhibitor]--> Voltage-dependent L-type calcium channel subunit beta-2 <--[inhibitor]-- Nilvadipine"", ""chain_type"": ""PD_convergent_target"", ""confidence"": ""high""}]"
DB01115,DB13074,The risk or severity of QTc prolongation can be increased when is combined with,PD,,,,,,,,,,False,[]
DB01115,DB12877,The risk or severity of QTc prolongation can be increased when is combined with,PD,,,,,,,,,,False,[]
DB01115,DB06791,may increase the bradycardic activities of,PD,,,,,,,,,,False,[]
DB01115,DB06708,The metabolism of can be decreased when combined with,PK,BE0002638,Cytochrome P450 3A4,enzyme,inhibitor,substrate,inhibitor-substrate,Nifedipine --[inhibitor]--> Cytochrome P450 3A4 --[substrate: metabolizes]--> Lumefantrine,PK_through_enzyme,high,True,"[{""key_entity_id"": ""BE0002638"", ""key_entity_name"": ""Cytochrome P450 3A4"", ""key_entity_type"": ""enzyme"", ""action_drug_a"": ""inducer"", ""action_drug_b"": ""substrate"", ""match_pattern"": ""inducer-substrate"", ""mechanism_chain"": ""Nifedipine --[inducer]--> Cytochrome P450 3A4 --[substrate: metabolizes]--> Lumefantrine"", ""chain_type"": ""PK_through_enzyme"", ""confidence"": ""high""}, {""key_entity_id"": ""BE0002363"", ""key_entity_name"": ""Cytochrome P450 2D6"", ""key_entity_type"": ""enzyme"", ""action_drug_a"": ""inhibitor"", ""action_drug_b"": ""inhibitor"", ""match_pattern"": ""inhibitor-inhibitor"", ""mechanism_chain"": ""Nifedipine --[inhibitor]--> Cytochrome P450 2D6 <--[inhibitor]-- Lumefantrine"", ""chain_type"": ""PK_through_enzyme"", ""confidence"": ""high""}]"
DB01115,DB14627,The therapeutic efficacy of can be decreased when used in combination with,PD,,,,,,,,,,False,[]
DB01115,DB06736,The risk or severity of hyperkalemia can be increased when is combined with,PD,,,,,,,,,,False,[]
DB01115,DB08976,The risk or severity of hyperkalemia can be increased when is combined with,PD,,,,,,,,,,False,[]
DB01115,DB08981,The risk or severity of hyperkalemia can be increased when is combined with,PD,,,,,,,,,,False,[]
DB01115,DB01428,may decrease the excretion rate of which could result in a higher serum level,PK,,,,,,,,,,False,[]
DB01115,DB06782,may decrease the excretion rate of which could result in a higher serum level,PK,,,,,,,,,,False,[]
DB01115,DB06813,may decrease the excretion rate of which could result in a higher serum level,PK,BE0001061,ATP-binding cassette sub-family C member 3,transporter,inducer,substrate,inducer-substrate,Nifedipine --[inducer]--> ATP-binding cassette sub-family C member 3 --[substrate: transports]--> Pralatrexate,PK_through_transporter,high,True,"[{""key_entity_id"": ""BE0001069"", ""key_entity_name"": ""ATP-binding cassette sub-family C member 2"", ""key_entity_type"": ""transporter"", ""action_drug_a"": ""inducer"", ""action_drug_b"": ""substrate"", ""match_pattern"": ""inducer-substrate"", ""mechanism_chain"": ""Nifedipine --[inducer]--> ATP-binding cassette sub-family C member 2 --[substrate: transports]--> Pralatrexate"", ""chain_type"": ""PK_through_transporter"", ""confidence"": ""high""}]"
DB01115,DB11102,may decrease the excretion rate of which could result in a higher serum level,PK,,,,,,,,,,False,[]
DB01115,DB09091,may decrease the excretion rate of which could result in a higher serum level,PK,,,,,,,,,,False,[]
DB01115,DB11703,The metabolism of can be decreased when combined with,PK,BE0002638,Cytochrome P450 3A4,enzyme,substrate,inhibitor,inhibitor-substrate,Acalabrutinib --[inhibitor]--> Cytochrome P450 3A4 --[substrate: metabolizes]--> Nifedipine,PK_through_enzyme,high,True,"[{""key_entity_id"": ""BE0002638"", ""key_entity_name"": ""Cytochrome P450 3A4"", ""key_entity_type"": ""enzyme"", ""action_drug_a"": ""inhibitor"", ""action_drug_b"": ""substrate"", ""match_pattern"": ""inhibitor-substrate"", ""mechanism_chain"": ""Nifedipine --[inhibitor]--> Cytochrome P450 3A4 --[substrate: metabolizes]--> Acalabrutinib"", ""chain_type"": ""PK_through_enzyme"", ""confidence"": ""high""}, {""key_entity_id"": ""BE0002638"", ""key_entity_name"": ""Cytochrome P450 3A4"", ""key_entity_type"": ""enzyme"", ""action_drug_a"": ""inhibitor"", ""action_drug_b"": ""inhibitor"", ""match_pattern"": ""inhibitor-inhibitor"", ""mechanism_chain"": ""Nifedipine --[inhibitor]--> Cytochrome P450 3A4 <--[inhibitor]-- Acalabrutinib"", ""chain_type"": ""PK_through_enzyme"", ""confidence"": ""high""}, {""key_entity_id"": ""BE0002638"", ""key_entity_name"": ""Cytochrome P450 3A4"", ""key_entity_type"": ""enzyme"", ""action_drug_a"": ""inducer"", ""action_drug_b"": ""substrate"", ""match_pattern"": ""inducer-substrate"", ""mechanism_chain"": ""Nifedipine --[inducer]--> Cytochrome P450 3A4 --[substrate: metabolizes]--> Acalabrutinib"", ""chain_type"": ""PK_through_enzyme"", ""confidence"": ""high""}, {""key_entity_id"": ""BE0002362"", ""key_entity_name"": ""Cytochrome P450 3A5"", ""key_entity_type"": ""enzyme"", ""action_drug_a"": ""substrate"", ""action_drug_b"": ""inhibitor"", ""match_pattern"": ""inhibitor-substrate"", ""mechanism_chain"": ""Acalabrutinib --[inhibitor]--> Cytochrome P450 3A5 --[substrate: metabolizes]--> Nifedipine"", ""chain_type"": ""PK_through_enzyme"", ""confidence"": ""high""}]"
DB01115,DB14539,The metabolism of can be decreased when combined with,PK,BE0002638,Cytochrome P450 3A4,enzyme,substrate,inducer,inducer-substrate,Hydrocortisone acetate --[inducer]--> Cytochrome P450 3A4 --[substrate: metabolizes]--> Nifedipine,PK_through_enzyme,high,True,"[{""key_entity_id"": ""BE0002638"", ""key_entity_name"": ""Cytochrome P450 3A4"", ""key_entity_type"": ""enzyme"", ""action_drug_a"": ""inhibitor"", ""action_drug_b"": ""substrate"", ""match_pattern"": ""inhibitor-substrate"", ""mechanism_chain"": ""Nifedipine --[inhibitor]--> Cytochrome P450 3A4 --[substrate: metabolizes]--> Hydrocortisone acetate"", ""chain_type"": ""PK_through_enzyme"", ""confidence"": ""high""}, {""key_entity_id"": ""BE0002638"", ""key_entity_name"": ""Cytochrome P450 3A4"", ""key_entity_type"": ""enzyme"", ""action_drug_a"": ""inducer"", ""action_drug_b"": ""substrate"", ""match_pattern"": ""inducer-substrate"", ""mechanism_chain"": ""Nifedipine --[inducer]--> Cytochrome P450 3A4 --[substrate: metabolizes]--> Hydrocortisone acetate"", ""chain_type"": ""PK_through_enzyme"", ""confidence"": ""high""}]"
DB01115,DB06228,may decrease the excretion rate of which could result in a higher serum level,PK,BE0001032,ATP-dependent translocase ABCB1,transporter,inducer,substrate,inducer-substrate,Nifedipine --[inducer]--> ATP-dependent translocase ABCB1 --[substrate: transports]--> Rivaroxaban,PK_through_transporter,high,True,[]
DB01115,DB01424,The metabolism of can be decreased when combined with,PK,BE0002433,Cytochrome P450 1A2,enzyme,inhibitor,substrate,inhibitor-substrate,Nifedipine --[inhibitor]--> Cytochrome P450 1A2 --[substrate: metabolizes]--> Aminophenazone,PK_through_enzyme,high,True,"[{""key_entity_id"": ""BE0002363"", ""key_entity_name"": ""Cytochrome P450 2D6"", ""key_entity_type"": ""enzyme"", ""action_drug_a"": ""inhibitor"", ""action_drug_b"": ""substrate"", ""match_pattern"": ""inhibitor-substrate"", ""mechanism_chain"": ""Nifedipine --[inhibitor]--> Cytochrome P450 2D6 --[substrate: metabolizes]--> Aminophenazone"", ""chain_type"": ""PK_through_enzyme"", ""confidence"": ""high""}, {""key_entity_id"": ""BE0002887"", ""key_entity_name"": ""Cytochrome P450 2C8"", ""key_entity_type"": ""enzyme"", ""action_drug_a"": ""inhibitor"", ""action_drug_b"": ""substrate"", ""match_pattern"": ""inhibitor-substrate"", ""mechanism_chain"": ""Nifedipine --[inhibitor]--> Cytochrome P450 2C8 --[substrate: metabolizes]--> Aminophenazone"", ""chain_type"": ""PK_through_enzyme"", ""confidence"": ""high""}, {""key_entity_id"": ""BE0002793"", ""key_entity_name"": ""Cytochrome P450 2C9"", ""key_entity_type"": ""enzyme"", ""action_drug_a"": ""inhibitor"", ""action_drug_b"": ""substrate"", ""match_pattern"": ""inhibitor-substrate"", ""mechanism_chain"": ""Nifedipine --[inhibitor]--> Cytochrome P450 2C9 --[substrate: metabolizes]--> Aminophenazone"", ""chain_type"": ""PK_through_enzyme"", ""confidence"": ""high""}, {""key_entity_id"": ""BE0002793"", ""key_entity_name"": ""Cytochrome P450 2C9"", ""key_entity_type"": ""enzyme"", ""action_drug_a"": ""inducer"", ""action_drug_b"": ""substrate"", ""match_pattern"": ""inducer-substrate"", ""mechanism_chain"": ""Nifedipine --[inducer]--> Cytochrome P450 2C9 --[substrate: metabolizes]--> Aminophenazone"", ""chain_type"": ""PK_through_enzyme"", ""confidence"": ""high""}, {""key_entity_id"": ""BE0002638"", ""key_entity_name"": ""Cytochrome P450 3A4"", ""key_entity_type"": ""enzyme"", ""action_drug_a"": ""inhibitor"", ""action_drug_b"": ""substrate"", ""match_pattern"": ""inhibitor-substrate"", ""mechanism_chain"": ""Nifedipine --[inhibitor]--> Cytochrome P450 3A4 --[substrate: metabolizes]--> Aminophenazone"", ""chain_type"": ""PK_through_enzyme"", ""confidence"": ""high""}, {""key_entity_id"": ""BE0002638"", ""key_entity_name"": ""Cytochrome P450 3A4"", ""key_entity_type"": ""enzyme"", ""action_drug_a"": ""inducer"", ""action_drug_b"": ""substrate"", ""match_pattern"": ""inducer-substrate"", ""mechanism_chain"": ""Nifedipine --[inducer]--> Cytochrome P450 3A4 --[substrate: metabolizes]--> Aminophenazone"", ""chain_type"": ""PK_through_enzyme"", ""confidence"": ""high""}]"
DB01115,DB13946,may decrease the excretion rate of which could result in a higher serum level,PK,BE0001032,ATP-dependent translocase ABCB1,transporter,substrate,inhibitor,inhibitor-substrate,Testosterone undecanoate --[inhibitor]--> ATP-dependent translocase ABCB1 --[substrate: transports]--> Nifedipine,PK_through_transporter,high,True,[]
DB01115,DB13952,The metabolism of can be decreased when combined with,PK,BE0002433,Cytochrome P450 1A2,enzyme,substrate,inhibitor,inhibitor-substrate,Estradiol acetate --[inhibitor]--> Cytochrome P450 1A2 --[substrate: metabolizes]--> Nifedipine,PK_through_enzyme,high,True,"[{""key_entity_id"": ""BE0002433"", ""key_entity_name"": ""Cytochrome P450 1A2"", ""key_entity_type"": ""enzyme"", ""action_drug_a"": ""inhibitor"", ""action_drug_b"": ""substrate"", ""match_pattern"": ""inhibitor-substrate"", ""mechanism_chain"": ""Nifedipine --[inhibitor]--> Cytochrome P450 1A2 --[substrate: metabolizes]--> Estradiol acetate"", ""chain_type"": ""PK_through_enzyme"", ""confidence"": ""high""}, {""key_entity_id"": ""BE0002433"", ""key_entity_name"": ""Cytochrome P450 1A2"", ""key_entity_type"": ""enzyme"", ""action_drug_a"": ""inhibitor"", ""action_drug_b"": ""inhibitor"", ""match_pattern"": ""inhibitor-inhibitor"", ""mechanism_chain"": ""Nifedipine --[inhibitor]--> Cytochrome P450 1A2 <--[inhibitor]-- Estradiol acetate"", ""chain_type"": ""PK_through_enzyme"", ""confidence"": ""high""}, {""key_entity_id"": ""BE0002887"", ""key_entity_name"": ""Cytochrome P450 2C8"", ""key_entity_type"": ""enzyme"", ""action_drug_a"": ""inhibitor"", ""action_drug_b"": ""substrate"", ""match_pattern"": ""inhibitor-substrate"", ""mechanism_chain"": ""Nifedipine --[inhibitor]--> Cytochrome P450 2C8 --[substrate: metabolizes]--> Estradiol acetate"", ""chain_type"": ""PK_through_enzyme"", ""confidence"": ""high""}, {""key_entity_id"": ""BE0002793"", ""key_entity_name"": ""Cytochrome P450 2C9"", ""key_entity_type"": ""enzyme"", ""action_drug_a"": ""inhibitor"", ""action_drug_b"": ""substrate"", ""match_pattern"": ""inhibitor-substrate"", ""mechanism_chain"": ""Nifedipine --[inhibitor]--> Cytochrome P450 2C9 --[substrate: metabolizes]--> Estradiol acetate"", ""chain_type"": ""PK_through_enzyme"", ""confidence"": ""high""}, {""key_entity_id"": ""BE0002793"", ""key_entity_name"": ""Cytochrome P450 2C9"", ""key_entity_type"": ""enzyme"", ""action_drug_a"": ""inducer"", ""action_drug_b"": ""substrate"", ""match_pattern"": ""inducer-substrate"", ""mechanism_chain"": ""Nifedipine --[inducer]--> Cytochrome P450 2C9 --[substrate: metabolizes]--> Estradiol acetate"", ""chain_type"": ""PK_through_enzyme"", ""confidence"": ""high""}, {""key_entity_id"": ""BE0002638"", ""key_entity_name"": ""Cytochrome P450 3A4"", ""key_entity_type"": ""enzyme"", ""action_drug_a"": ""substrate"", ""action_drug_b"": ""inducer"", ""match_pattern"": ""inducer-substrate"", ""mechanism_chain"": ""Estradiol acetate --[inducer]--> Cytochrome P450 3A4 --[substrate: metabolizes]--> Nifedipine"", ""chain_type"": ""PK_through_enzyme"", ""confidence"": ""high""}, {""key_entity_id"": ""BE0002638"", ""key_entity_name"": ""Cytochrome P450 3A4"", ""key_entity_type"": ""enzyme"", ""action_drug_a"": ""inhibitor"", ""action_drug_b"": ""substrate"", ""match_pattern"": ""inhibitor-substrate"", ""mechanism_chain"": ""Nifedipine --[inhibitor]--> Cytochrome P450 3A4 --[substrate: metabolizes]--> Estradiol acetate"", ""chain_type"": ""PK_through_enzyme"", ""confidence"": ""high""}, {""key_entity_id"": ""BE0002638"", ""key_entity_name"": ""Cytochrome P450 3A4"", ""key_entity_type"": ""enzyme"", ""action_drug_a"": ""inducer"", ""action_drug_b"": ""substrate"", ""match_pattern"": ""inducer-substrate"", ""mechanism_chain"": ""Nifedipine --[inducer]--> Cytochrome P450 3A4 --[substrate: metabolizes]--> Estradiol acetate"", ""chain_type"": ""PK_through_enzyme"", ""confidence"": ""high""}, {""key_entity_id"": ""BE0003543"", ""key_entity_name"": ""Cytochrome P450 1A1"", ""key_entity_type"": ""enzyme"", ""action_drug_a"": ""inhibitor"", ""action_drug_b"": ""substrate"", ""match_pattern"": ""inhibitor-substrate"", ""mechanism_chain"": ""Nifedipine --[inhibitor]--> Cytochrome P450 1A1 --[substrate: metabolizes]--> Estradiol acetate"", ""chain_type"": ""PK_through_enzyme"", ""confidence"": ""high""}]"
DB01115,DB08868,may increase the bradycardic activities of,PD,,,,,,,,,,False,[]
DB01115,DB06144,The metabolism of can be decreased when combined with,PK,BE0002638,Cytochrome P450 3A4,enzyme,inhibitor,substrate,inhibitor-substrate,Nifedipine --[inhibitor]--> Cytochrome P450 3A4 --[substrate: metabolizes]--> Sertindole,PK_through_enzyme,high,True,"[{""key_entity_id"": ""BE0002638"", ""key_entity_name"": ""Cytochrome P450 3A4"", ""key_entity_type"": ""enzyme"", ""action_drug_a"": ""inducer"", ""action_drug_b"": ""substrate"", ""match_pattern"": ""inducer-substrate"", ""mechanism_chain"": ""Nifedipine --[inducer]--> Cytochrome P450 3A4 --[substrate: metabolizes]--> Sertindole"", ""chain_type"": ""PK_through_enzyme"", ""confidence"": ""high""}, {""key_entity_id"": ""BE0002363"", ""key_entity_name"": ""Cytochrome P450 2D6"", ""key_entity_type"": ""enzyme"", ""action_drug_a"": ""inhibitor"", ""action_drug_b"": ""substrate"", ""match_pattern"": ""inhibitor-substrate"", ""mechanism_chain"": ""Nifedipine --[inhibitor]--> Cytochrome P450 2D6 --[substrate: metabolizes]--> Sertindole"", ""chain_type"": ""PK_through_enzyme"", ""confidence"": ""high""}]"
DB01115,DB01274,The metabolism of can be decreased when combined with,PK,BE0002793,Cytochrome P450 2C9,enzyme,inhibitor,substrate,inhibitor-substrate,Nifedipine --[inhibitor]--> Cytochrome P450 2C9 --[substrate: metabolizes]--> Arformoterol,PK_through_enzyme,high,True,"[{""key_entity_id"": ""BE0002793"", ""key_entity_name"": ""Cytochrome P450 2C9"", ""key_entity_type"": ""enzyme"", ""action_drug_a"": ""inducer"", ""action_drug_b"": ""substrate"", ""match_pattern"": ""inducer-substrate"", ""mechanism_chain"": ""Nifedipine --[inducer]--> Cytochrome P450 2C9 --[substrate: metabolizes]--> Arformoterol"", ""chain_type"": ""PK_through_enzyme"", ""confidence"": ""high""}, {""key_entity_id"": ""BE0002363"", ""key_entity_name"": ""Cytochrome P450 2D6"", ""key_entity_type"": ""enzyme"", ""action_drug_a"": ""inhibitor"", ""action_drug_b"": ""substrate"", ""match_pattern"": ""inhibitor-substrate"", ""mechanism_chain"": ""Nifedipine --[inhibitor]--> Cytochrome P450 2D6 --[substrate: metabolizes]--> Arformoterol"", ""chain_type"": ""PK_through_enzyme"", ""confidence"": ""high""}]"
DB01115,DB11791,The serum concentration of can be decreased when it is combined with,PK,BE0002638,Cytochrome P450 3A4,enzyme,inhibitor,substrate,inhibitor-substrate,Nifedipine --[inhibitor]--> Cytochrome P450 3A4 --[substrate: metabolizes]--> Capmatinib,PK_through_enzyme,high,True,"[{""key_entity_id"": ""BE0002638"", ""key_entity_name"": ""Cytochrome P450 3A4"", ""key_entity_type"": ""enzyme"", ""action_drug_a"": ""inducer"", ""action_drug_b"": ""substrate"", ""match_pattern"": ""inducer-substrate"", ""mechanism_chain"": ""Nifedipine --[inducer]--> Cytochrome P450 3A4 --[substrate: metabolizes]--> Capmatinib"", ""chain_type"": ""PK_through_enzyme"", ""confidence"": ""high""}, {""key_entity_id"": ""BE0002433"", ""key_entity_name"": ""Cytochrome P450 1A2"", ""key_entity_type"": ""enzyme"", ""action_drug_a"": ""substrate"", ""action_drug_b"": ""inhibitor"", ""match_pattern"": ""inhibitor-substrate"", ""mechanism_chain"": ""Capmatinib --[inhibitor]--> Cytochrome P450 1A2 --[substrate: metabolizes]--> Nifedipine"", ""chain_type"": ""PK_through_enzyme"", ""confidence"": ""high""}, {""key_entity_id"": ""BE0002433"", ""key_entity_name"": ""Cytochrome P450 1A2"", ""key_entity_type"": ""enzyme"", ""action_drug_a"": ""inhibitor"", ""action_drug_b"": ""inhibitor"", ""match_pattern"": ""inhibitor-inhibitor"", ""mechanism_chain"": ""Nifedipine --[inhibitor]--> Cytochrome P450 1A2 <--[inhibitor]-- Capmatinib"", ""chain_type"": ""PK_through_enzyme"", ""confidence"": ""high""}]"
DB01115,DB01167,The metabolism of can be decreased when combined with,PK,BE0002362,Cytochrome P450 3A5,enzyme,substrate,inhibitor,inhibitor-substrate,Itraconazole --[inhibitor]--> Cytochrome P450 3A5 --[substrate: metabolizes]--> Nifedipine,PK_through_enzyme,high,True,"[{""key_entity_id"": ""BE0003533"", ""key_entity_name"": ""Cytochrome P450 2E1"", ""key_entity_type"": ""enzyme"", ""action_drug_a"": ""inhibitor"", ""action_drug_b"": ""inhibitor"", ""match_pattern"": ""inhibitor-inhibitor"", ""mechanism_chain"": ""Nifedipine --[inhibitor]--> Cytochrome P450 2E1 <--[inhibitor]-- Itraconazole"", ""chain_type"": ""PK_through_enzyme"", ""confidence"": ""high""}, {""key_entity_id"": ""BE0002638"", ""key_entity_name"": ""Cytochrome P450 3A4"", ""key_entity_type"": ""enzyme"", ""action_drug_a"": ""substrate"", ""action_drug_b"": ""inhibitor"", ""match_pattern"": ""inhibitor-substrate"", ""mechanism_chain"": ""Itraconazole --[inhibitor]--> Cytochrome P450 3A4 --[substrate: metabolizes]--> Nifedipine"", ""chain_type"": ""PK_through_enzyme"", ""confidence"": ""high""}, {""key_entity_id"": ""BE0002638"", ""key_entity_name"": ""Cytochrome P450 3A4"", ""key_entity_type"": ""enzyme"", ""action_drug_a"": ""inhibitor"", ""action_drug_b"": ""substrate"", ""match_pattern"": ""inhibitor-substrate"", ""mechanism_chain"": ""Nifedipine --[inhibitor]--> Cytochrome P450 3A4 --[substrate: metabolizes]--> Itraconazole"", ""chain_type"": ""PK_through_enzyme"", ""confidence"": ""high""}, {""key_entity_id"": ""BE0002638"", ""key_entity_name"": ""Cytochrome P450 3A4"", ""key_entity_type"": ""enzyme"", ""action_drug_a"": ""inhibitor"", ""action_drug_b"": ""inhibitor"", ""match_pattern"": ""inhibitor-inhibitor"", ""mechanism_chain"": ""Nifedipine --[inhibitor]--> Cytochrome P450 3A4 <--[inhibitor]-- Itraconazole"", ""chain_type"": ""PK_through_enzyme"", ""confidence"": ""high""}, {""key_entity_id"": ""BE0002638"", ""key_entity_name"": ""Cytochrome P450 3A4"", ""key_entity_type"": ""enzyme"", ""action_drug_a"": ""inducer"", ""action_drug_b"": ""substrate"", ""match_pattern"": ""inducer-substrate"", ""mechanism_chain"": ""Nifedipine --[inducer]--> Cytochrome P450 3A4 --[substrate: metabolizes]--> Itraconazole"", ""chain_type"": ""PK_through_enzyme"", ""confidence"": ""high""}]"
DB01115,DB01234,The metabolism of can be increased when combined with,PK,BE0002362,Cytochrome P450 3A5,enzyme,substrate,inducer,inducer-substrate,Dexamethasone --[inducer]--> Cytochrome P450 3A5 --[substrate: metabolizes]--> Nifedipine,PK_through_enzyme,high,True,"[{""key_entity_id"": ""BE0002638"", ""key_entity_name"": ""Cytochrome P450 3A4"", ""key_entity_type"": ""enzyme"", ""action_drug_a"": ""substrate"", ""action_drug_b"": ""inhibitor"", ""match_pattern"": ""inhibitor-substrate"", ""mechanism_chain"": ""Dexamethasone --[inhibitor]--> Cytochrome P450 3A4 --[substrate: metabolizes]--> Nifedipine"", ""chain_type"": ""PK_through_enzyme"", ""confidence"": ""high""}, {""key_entity_id"": ""BE0002638"", ""key_entity_name"": ""Cytochrome P450 3A4"", ""key_entity_type"": ""enzyme"", ""action_drug_a"": ""substrate"", ""action_drug_b"": ""inducer"", ""match_pattern"": ""inducer-substrate"", ""mechanism_chain"": ""Dexamethasone --[inducer]--> Cytochrome P450 3A4 --[substrate: metabolizes]--> Nifedipine"", ""chain_type"": ""PK_through_enzyme"", ""confidence"": ""high""}, {""key_entity_id"": ""BE0002638"", ""key_entity_name"": ""Cytochrome P450 3A4"", ""key_entity_type"": ""enzyme"", ""action_drug_a"": ""inhibitor"", ""action_drug_b"": ""substrate"", ""match_pattern"": ""inhibitor-substrate"", ""mechanism_chain"": ""Nifedipine --[inhibitor]--> Cytochrome P450 3A4 --[substrate: metabolizes]--> Dexamethasone"", ""chain_type"": ""PK_through_enzyme"", ""confidence"": ""high""}, {""key_entity_id"": ""BE0002638"", ""key_entity_name"": ""Cytochrome P450 3A4"", ""key_entity_type"": ""enzyme"", ""action_drug_a"": ""inhibitor"", ""action_drug_b"": ""inhibitor"", ""match_pattern"": ""inhibitor-inhibitor"", ""mechanism_chain"": ""Nifedipine --[inhibitor]--> Cytochrome P450 3A4 <--[inhibitor]-- Dexamethasone"", ""chain_type"": ""PK_through_enzyme"", ""confidence"": ""high""}, {""key_entity_id"": ""BE0002638"", ""key_entity_name"": ""Cytochrome P450 3A4"", ""key_entity_type"": ""enzyme"", ""action_drug_a"": ""inducer"", ""action_drug_b"": ""substrate"", ""match_pattern"": ""inducer-substrate"", ""mechanism_chain"": ""Nifedipine --[inducer]--> Cytochrome P450 3A4 --[substrate: metabolizes]--> Dexamethasone"", ""chain_type"": ""PK_through_enzyme"", ""confidence"": ""high""}, {""key_entity_id"": ""BE0003543"", ""key_entity_name"": ""Cytochrome P450 1A1"", ""key_entity_type"": ""enzyme"", ""action_drug_a"": ""inhibitor"", ""action_drug_b"": ""inhibitor"", ""match_pattern"": ""inhibitor-inhibitor"", ""mechanism_chain"": ""Nifedipine --[inhibitor]--> Cytochrome P450 1A1 <--[inhibitor]-- Dexamethasone"", ""chain_type"": ""PK_through_enzyme"", ""confidence"": ""high""}, {""key_entity_id"": ""BE0003336"", ""key_entity_name"": ""Cytochrome P450 2A6"", ""key_entity_type"": ""enzyme"", ""action_drug_a"": ""substrate"", ""action_drug_b"": ""inducer"", ""match_pattern"": ""inducer-substrate"", ""mechanism_chain"": ""Dexamethasone --[inducer]--> Cytochrome P450 2A6 --[substrate: metabolizes]--> Nifedipine"", ""chain_type"": ""PK_through_enzyme"", ""confidence"": ""high""}]"
DB01115,DB11672,The metabolism of can be decreased when combined with,PK,BE0002433,Cytochrome P450 1A2,enzyme,substrate,inhibitor,inhibitor-substrate,Curcumin --[inhibitor]--> Cytochrome P450 1A2 --[substrate: metabolizes]--> Nifedipine,PK_through_enzyme,high,True,"[{""key_entity_id"": ""BE0002433"", ""key_entity_name"": ""Cytochrome P450 1A2"", ""key_entity_type"": ""enzyme"", ""action_drug_a"": ""inhibitor"", ""action_drug_b"": ""inhibitor"", ""match_pattern"": ""inhibitor-inhibitor"", ""mechanism_chain"": ""Nifedipine --[inhibitor]--> Cytochrome P450 1A2 <--[inhibitor]-- Curcumin"", ""chain_type"": ""PK_through_enzyme"", ""confidence"": ""high""}, {""key_entity_id"": ""BE0002363"", ""key_entity_name"": ""Cytochrome P450 2D6"", ""key_entity_type"": ""enzyme"", ""action_drug_a"": ""inhibitor"", ""action_drug_b"": ""inhibitor"", ""match_pattern"": ""inhibitor-inhibitor"", ""mechanism_chain"": ""Nifedipine --[inhibitor]--> Cytochrome P450 2D6 <--[inhibitor]-- Curcumin"", ""chain_type"": ""PK_through_enzyme"", ""confidence"": ""high""}, {""key_entity_id"": ""BE0002793"", ""key_entity_name"": ""Cytochrome P450 2C9"", ""key_entity_type"": ""enzyme"", ""action_drug_a"": ""inhibitor"", ""action_drug_b"": ""inhibitor"", ""match_pattern"": ""inhibitor-inhibitor"", ""mechanism_chain"": ""Nifedipine --[inhibitor]--> Cytochrome P450 2C9 <--[inhibitor]-- Curcumin"", ""chain_type"": ""PK_through_enzyme"", ""confidence"": ""high""}, {""key_entity_id"": ""BE0002638"", ""key_entity_name"": ""Cytochrome P450 3A4"", ""key_entity_type"": ""enzyme"", ""action_drug_a"": ""substrate"", ""action_drug_b"": ""inhibitor"", ""match_pattern"": ""inhibitor-substrate"", ""mechanism_chain"": ""Curcumin --[inhibitor]--> Cytochrome P450 3A4 --[substrate: metabolizes]--> Nifedipine"", ""chain_type"": ""PK_through_enzyme"", ""confidence"": ""high""}, {""key_entity_id"": ""BE0002638"", ""key_entity_name"": ""Cytochrome P450 3A4"", ""key_entity_type"": ""enzyme"", ""action_drug_a"": ""inhibitor"", ""action_drug_b"": ""inhibitor"", ""match_pattern"": ""inhibitor-inhibitor"", ""mechanism_chain"": ""Nifedipine --[inhibitor]--> Cytochrome P450 3A4 <--[inhibitor]-- Curcumin"", ""chain_type"": ""PK_through_enzyme"", ""confidence"": ""high""}]"
DB01115,DB12095,The serum concentration of can be decreased when it is combined with,PK,BE0002363,Cytochrome P450 2D6,enzyme,inhibitor,inhibitor,inhibitor-inhibitor,Nifedipine --[inhibitor]--> Cytochrome P450 2D6 <--[inhibitor]-- Telotristat ethyl,PK_through_enzyme,high,True,"[{""key_entity_id"": ""BE0002887"", ""key_entity_name"": ""Cytochrome P450 2C8"", ""key_entity_type"": ""enzyme"", ""action_drug_a"": ""inhibitor"", ""action_drug_b"": ""inhibitor"", ""match_pattern"": ""inhibitor-inhibitor"", ""mechanism_chain"": ""Nifedipine --[inhibitor]--> Cytochrome P450 2C8 <--[inhibitor]-- Telotristat ethyl"", ""chain_type"": ""PK_through_enzyme"", ""confidence"": ""high""}, {""key_entity_id"": ""BE0002793"", ""key_entity_name"": ""Cytochrome P450 2C9"", ""key_entity_type"": ""enzyme"", ""action_drug_a"": ""inhibitor"", ""action_drug_b"": ""inhibitor"", ""match_pattern"": ""inhibitor-inhibitor"", ""mechanism_chain"": ""Nifedipine --[inhibitor]--> Cytochrome P450 2C9 <--[inhibitor]-- Telotristat ethyl"", ""chain_type"": ""PK_through_enzyme"", ""confidence"": ""high""}, {""key_entity_id"": ""BE0002638"", ""key_entity_name"": ""Cytochrome P450 3A4"", ""key_entity_type"": ""enzyme"", ""action_drug_a"": ""substrate"", ""action_drug_b"": ""inhibitor"", ""match_pattern"": ""inhibitor-substrate"", ""mechanism_chain"": ""Telotristat ethyl --[inhibitor]--> Cytochrome P450 3A4 --[substrate: metabolizes]--> Nifedipine"", ""chain_type"": ""PK_through_enzyme"", ""confidence"": ""high""}, {""key_entity_id"": ""BE0002638"", ""key_entity_name"": ""Cytochrome P450 3A4"", ""key_entity_type"": ""enzyme"", ""action_drug_a"": ""substrate"", ""action_drug_b"": ""inducer"", ""match_pattern"": ""inducer-substrate"", ""mechanism_chain"": ""Telotristat ethyl --[inducer]--> Cytochrome P450 3A4 --[substrate: metabolizes]--> Nifedipine"", ""chain_type"": ""PK_through_enzyme"", ""confidence"": ""high""}, {""key_entity_id"": ""BE0002638"", ""key_entity_name"": ""Cytochrome P450 3A4"", ""key_entity_type"": ""enzyme"", ""action_drug_a"": ""inhibitor"", ""action_drug_b"": ""inhibitor"", ""match_pattern"": ""inhibitor-inhibitor"", ""mechanism_chain"": ""Nifedipine --[inhibitor]--> Cytochrome P450 3A4 <--[inhibitor]-- Telotristat ethyl"", ""chain_type"": ""PK_through_enzyme"", ""confidence"": ""high""}]"
DB01117,DB06708,The risk or severity of QTc prolongation can be increased when is combined with,PD,,,,,,,,,,False,[]
DB01117,DB13213,The risk or severity of QTc prolongation can be increased when is combined with,PD,,,,,,,,,,False,[]
DB01117,DB01198,The metabolism of can be decreased when combined with,PK,BE0002793,Cytochrome P450 2C9,enzyme,inhibitor,substrate,inhibitor-substrate,Atovaquone --[inhibitor]--> Cytochrome P450 2C9 --[substrate: metabolizes]--> Zopiclone,PK_through_enzyme,high,True,[]
DB01117,DB01274,The metabolism of can be decreased when combined with,PK,BE0002793,Cytochrome P450 2C9,enzyme,inhibitor,substrate,inhibitor-substrate,Atovaquone --[inhibitor]--> Cytochrome P450 2C9 --[substrate: metabolizes]--> Arformoterol,PK_through_enzyme,high,True,[]
DB01117,DB01424,The metabolism of can be decreased when combined with,PK,BE0002793,Cytochrome P450 2C9,enzyme,inhibitor,substrate,inhibitor-substrate,Atovaquone --[inhibitor]--> Cytochrome P450 2C9 --[substrate: metabolizes]--> Aminophenazone,PK_through_enzyme,high,True,[]
DB01117,DB13952,The metabolism of can be decreased when combined with,PK,BE0002793,Cytochrome P450 2C9,enzyme,inhibitor,substrate,inhibitor-substrate,Atovaquone --[inhibitor]--> Cytochrome P450 2C9 --[substrate: metabolizes]--> Estradiol acetate,PK_through_enzyme,high,True,"[{""key_entity_id"": ""BE0002638"", ""key_entity_name"": ""Cytochrome P450 3A4"", ""key_entity_type"": ""enzyme"", ""action_drug_a"": ""substrate"", ""action_drug_b"": ""inducer"", ""match_pattern"": ""inducer-substrate"", ""mechanism_chain"": ""Estradiol acetate --[inducer]--> Cytochrome P450 3A4 --[substrate: metabolizes]--> Atovaquone"", ""chain_type"": ""PK_through_enzyme"", ""confidence"": ""high""}]"
DB01117,DB06712,The metabolism of can be decreased when combined with,PK,BE0002638,Cytochrome P450 3A4,enzyme,substrate,inhibitor,inhibitor-substrate,Nilvadipine --[inhibitor]--> Cytochrome P450 3A4 --[substrate: metabolizes]--> Atovaquone,PK_through_enzyme,high,True,[]
DB01117,DB01167,The metabolism of can be decreased when combined with,PK,BE0002638,Cytochrome P450 3A4,enzyme,substrate,inhibitor,inhibitor-substrate,Itraconazole --[inhibitor]--> Cytochrome P450 3A4 --[substrate: metabolizes]--> Atovaquone,PK_through_enzyme,high,True,[]
DB01117,DB01234,The metabolism of can be increased when combined with,PK,BE0002638,Cytochrome P450 3A4,enzyme,substrate,inhibitor,inhibitor-substrate,Dexamethasone --[inhibitor]--> Cytochrome P450 3A4 --[substrate: metabolizes]--> Atovaquone,PK_through_enzyme,high,True,"[{""key_entity_id"": ""BE0002638"", ""key_entity_name"": ""Cytochrome P450 3A4"", ""key_entity_type"": ""enzyme"", ""action_drug_a"": ""substrate"", ""action_drug_b"": ""inducer"", ""match_pattern"": ""inducer-substrate"", ""mechanism_chain"": ""Dexamethasone --[inducer]--> Cytochrome P450 3A4 --[substrate: metabolizes]--> Atovaquone"", ""chain_type"": ""PK_through_enzyme"", ""confidence"": ""high""}]"
DB01117,DB11672,The metabolism of can be decreased when combined with,PK,BE0002793,Cytochrome P450 2C9,enzyme,inhibitor,inhibitor,inhibitor-inhibitor,Atovaquone --[inhibitor]--> Cytochrome P450 2C9 <--[inhibitor]-- Curcumin,PK_through_enzyme,high,True,"[{""key_entity_id"": ""BE0002638"", ""key_entity_name"": ""Cytochrome P450 3A4"", ""key_entity_type"": ""enzyme"", ""action_drug_a"": ""substrate"", ""action_drug_b"": ""inhibitor"", ""match_pattern"": ""inhibitor-substrate"", ""mechanism_chain"": ""Curcumin --[inhibitor]--> Cytochrome P450 3A4 --[substrate: metabolizes]--> Atovaquone"", ""chain_type"": ""PK_through_enzyme"", ""confidence"": ""high""}]"
DB01117,DB12095,The serum concentration of can be decreased when it is combined with,PK,BE0002793,Cytochrome P450 2C9,enzyme,inhibitor,inhibitor,inhibitor-inhibitor,Atovaquone --[inhibitor]--> Cytochrome P450 2C9 <--[inhibitor]-- Telotristat ethyl,PK_through_enzyme,high,True,"[{""key_entity_id"": ""BE0002638"", ""key_entity_name"": ""Cytochrome P450 3A4"", ""key_entity_type"": ""enzyme"", ""action_drug_a"": ""substrate"", ""action_drug_b"": ""inhibitor"", ""match_pattern"": ""inhibitor-substrate"", ""mechanism_chain"": ""Telotristat ethyl --[inhibitor]--> Cytochrome P450 3A4 --[substrate: metabolizes]--> Atovaquone"", ""chain_type"": ""PK_through_enzyme"", ""confidence"": ""high""}, {""key_entity_id"": ""BE0002638"", ""key_entity_name"": ""Cytochrome P450 3A4"", ""key_entity_type"": ""enzyme"", ""action_drug_a"": ""substrate"", ""action_drug_b"": ""inducer"", ""match_pattern"": ""inducer-substrate"", ""mechanism_chain"": ""Telotristat ethyl --[inducer]--> Cytochrome P450 3A4 --[substrate: metabolizes]--> Atovaquone"", ""chain_type"": ""PK_through_enzyme"", ""confidence"": ""high""}]"
DB01117,DB09009,The risk or severity of methemoglobinemia can be increased when is combined with,PD,,,,,,,,,,False,[]
DB01167,DB01220,The serum concentration of can be increased when it is combined with,PK,BE0002638,Cytochrome P450 3A4,enzyme,substrate,inducer,inducer-substrate,Rifaximin --[inducer]--> Cytochrome P450 3A4 --[substrate: metabolizes]--> Itraconazole,PK_through_enzyme,high,True,"[{""key_entity_id"": ""BE0002638"", ""key_entity_name"": ""Cytochrome P450 3A4"", ""key_entity_type"": ""enzyme"", ""action_drug_a"": ""inhibitor"", ""action_drug_b"": ""substrate"", ""match_pattern"": ""inhibitor-substrate"", ""mechanism_chain"": ""Itraconazole --[inhibitor]--> Cytochrome P450 3A4 --[substrate: metabolizes]--> Rifaximin"", ""chain_type"": ""PK_through_enzyme"", ""confidence"": ""high""}]"
DB01167,DB12877,The risk or severity of QTc prolongation can be increased when is combined with,PD,,,,,,,,,,False,[]
DB01167,DB06736,The risk or severity of hyperkalemia can be increased when is combined with,PD,,,,,,,,,,False,[]
DB01167,DB08976,The risk or severity of hyperkalemia can be increased when is combined with,PD,,,,,,,,,,False,[]
DB01167,DB08981,The risk or severity of hyperkalemia can be increased when is combined with,PD,,,,,,,,,,False,[]
DB01167,DB01274,The risk or severity of QTc prolongation can be increased when is combined with,PD,,,,,,,,,,False,[]
DB01167,DB09063,The metabolism of can be decreased when combined with,PK,BE0002638,Cytochrome P450 3A4,enzyme,substrate,inhibitor,inhibitor-substrate,Ceritinib --[inhibitor]--> Cytochrome P450 3A4 --[substrate: metabolizes]--> Itraconazole,PK_through_enzyme,high,True,"[{""key_entity_id"": ""BE0002638"", ""key_entity_name"": ""Cytochrome P450 3A4"", ""key_entity_type"": ""enzyme"", ""action_drug_a"": ""inhibitor"", ""action_drug_b"": ""substrate"", ""match_pattern"": ""inhibitor-substrate"", ""mechanism_chain"": ""Itraconazole --[inhibitor]--> Cytochrome P450 3A4 --[substrate: metabolizes]--> Ceritinib"", ""chain_type"": ""PK_through_enzyme"", ""confidence"": ""high""}, {""key_entity_id"": ""BE0002638"", ""key_entity_name"": ""Cytochrome P450 3A4"", ""key_entity_type"": ""enzyme"", ""action_drug_a"": ""inhibitor"", ""action_drug_b"": ""inhibitor"", ""match_pattern"": ""inhibitor-inhibitor"", ""mechanism_chain"": ""Itraconazole --[inhibitor]--> Cytochrome P450 3A4 <--[inhibitor]-- Ceritinib"", ""chain_type"": ""PK_through_enzyme"", ""confidence"": ""high""}]"
DB01167,DB06708,The metabolism of can be decreased when combined with,PK,BE0002638,Cytochrome P450 3A4,enzyme,inhibitor,substrate,inhibitor-substrate,Itraconazole --[inhibitor]--> Cytochrome P450 3A4 --[substrate: metabolizes]--> Lumefantrine,PK_through_enzyme,high,True,[]
DB01167,DB13074,The metabolism of can be decreased when combined with,PK,BE0002638,Cytochrome P450 3A4,enzyme,inhibitor,substrate,inhibitor-substrate,Itraconazole --[inhibitor]--> Cytochrome P450 3A4 --[substrate: metabolizes]--> Macimorelin,PK_through_enzyme,high,True,[]
DB01167,DB13952,The metabolism of can be decreased when combined with,PK,BE0002638,Cytochrome P450 3A4,enzyme,substrate,inducer,inducer-substrate,Estradiol acetate --[inducer]--> Cytochrome P450 3A4 --[substrate: metabolizes]--> Itraconazole,PK_through_enzyme,high,True,"[{""key_entity_id"": ""BE0002638"", ""key_entity_name"": ""Cytochrome P450 3A4"", ""key_entity_type"": ""enzyme"", ""action_drug_a"": ""inhibitor"", ""action_drug_b"": ""substrate"", ""match_pattern"": ""inhibitor-substrate"", ""mechanism_chain"": ""Itraconazole --[inhibitor]--> Cytochrome P450 3A4 --[substrate: metabolizes]--> Estradiol acetate"", ""chain_type"": ""PK_through_enzyme"", ""confidence"": ""high""}, {""key_entity_id"": ""BE0002362"", ""key_entity_name"": ""Cytochrome P450 3A5"", ""key_entity_type"": ""enzyme"", ""action_drug_a"": ""inhibitor"", ""action_drug_b"": ""substrate"", ""match_pattern"": ""inhibitor-substrate"", ""mechanism_chain"": ""Itraconazole --[inhibitor]--> Cytochrome P450 3A5 --[substrate: metabolizes]--> Estradiol acetate"", ""chain_type"": ""PK_through_enzyme"", ""confidence"": ""high""}, {""key_entity_id"": ""BE0003543"", ""key_entity_name"": ""Cytochrome P450 1A1"", ""key_entity_type"": ""enzyme"", ""action_drug_a"": ""inducer"", ""action_drug_b"": ""substrate"", ""match_pattern"": ""inducer-substrate"", ""mechanism_chain"": ""Itraconazole --[inducer]--> Cytochrome P450 1A1 --[substrate: metabolizes]--> Estradiol acetate"", ""chain_type"": ""PK_through_enzyme"", ""confidence"": ""high""}, {""key_entity_id"": ""BE0003612"", ""key_entity_name"": ""Cytochrome P450 3A7"", ""key_entity_type"": ""enzyme"", ""action_drug_a"": ""inhibitor"", ""action_drug_b"": ""substrate"", ""match_pattern"": ""inhibitor-substrate"", ""mechanism_chain"": ""Itraconazole --[inhibitor]--> Cytochrome P450 3A7 --[substrate: metabolizes]--> Estradiol acetate"", ""chain_type"": ""PK_through_enzyme"", ""confidence"": ""high""}]"
DB01167,DB14539,The metabolism of can be decreased when combined with,PK,BE0002638,Cytochrome P450 3A4,enzyme,substrate,inducer,inducer-substrate,Hydrocortisone acetate --[inducer]--> Cytochrome P450 3A4 --[substrate: metabolizes]--> Itraconazole,PK_through_enzyme,high,True,"[{""key_entity_id"": ""BE0002638"", ""key_entity_name"": ""Cytochrome P450 3A4"", ""key_entity_type"": ""enzyme"", ""action_drug_a"": ""inhibitor"", ""action_drug_b"": ""substrate"", ""match_pattern"": ""inhibitor-substrate"", ""mechanism_chain"": ""Itraconazole --[inhibitor]--> Cytochrome P450 3A4 --[substrate: metabolizes]--> Hydrocortisone acetate"", ""chain_type"": ""PK_through_enzyme"", ""confidence"": ""high""}, {""key_entity_id"": ""BE0002362"", ""key_entity_name"": ""Cytochrome P450 3A5"", ""key_entity_type"": ""enzyme"", ""action_drug_a"": ""inhibitor"", ""action_drug_b"": ""substrate"", ""match_pattern"": ""inhibitor-substrate"", ""mechanism_chain"": ""Itraconazole --[inhibitor]--> Cytochrome P450 3A5 --[substrate: metabolizes]--> Hydrocortisone acetate"", ""chain_type"": ""PK_through_enzyme"", ""confidence"": ""high""}, {""key_entity_id"": ""BE0003612"", ""key_entity_name"": ""Cytochrome P450 3A7"", ""key_entity_type"": ""enzyme"", ""action_drug_a"": ""inhibitor"", ""action_drug_b"": ""substrate"", ""match_pattern"": ""inhibitor-substrate"", ""mechanism_chain"": ""Itraconazole --[inhibitor]--> Cytochrome P450 3A7 --[substrate: metabolizes]--> Hydrocortisone acetate"", ""chain_type"": ""PK_through_enzyme"", ""confidence"": ""high""}]"
DB01167,DB01198,The metabolism of can be decreased when combined with,PK,BE0002638,Cytochrome P450 3A4,enzyme,inhibitor,substrate,inhibitor-substrate,Itraconazole --[inhibitor]--> Cytochrome P450 3A4 --[substrate: metabolizes]--> Zopiclone,PK_through_enzyme,high,True,[]
DB01167,DB05239,The serum concentration of can be increased when it is combined with,PK,BE0002638,Cytochrome P450 3A4,enzyme,substrate,inhibitor,inhibitor-substrate,Cobimetinib --[inhibitor]--> Cytochrome P450 3A4 --[substrate: metabolizes]--> Itraconazole,PK_through_enzyme,high,True,"[{""key_entity_id"": ""BE0002638"", ""key_entity_name"": ""Cytochrome P450 3A4"", ""key_entity_type"": ""enzyme"", ""action_drug_a"": ""inhibitor"", ""action_drug_b"": ""substrate"", ""match_pattern"": ""inhibitor-substrate"", ""mechanism_chain"": ""Itraconazole --[inhibitor]--> Cytochrome P450 3A4 --[substrate: metabolizes]--> Cobimetinib"", ""chain_type"": ""PK_through_enzyme"", ""confidence"": ""high""}, {""key_entity_id"": ""BE0002638"", ""key_entity_name"": ""Cytochrome P450 3A4"", ""key_entity_type"": ""enzyme"", ""action_drug_a"": ""inhibitor"", ""action_drug_b"": ""inhibitor"", ""match_pattern"": ""inhibitor-inhibitor"", ""mechanism_chain"": ""Itraconazole --[inhibitor]--> Cytochrome P450 3A4 <--[inhibitor]-- Cobimetinib"", ""chain_type"": ""PK_through_enzyme"", ""confidence"": ""high""}]"
DB01167,DB01234,The metabolism of can be decreased when combined with,PK,BE0002362,Cytochrome P450 3A5,enzyme,inhibitor,substrate,inhibitor-substrate,Itraconazole --[inhibitor]--> Cytochrome P450 3A5 --[substrate: metabolizes]--> Dexamethasone,PK_through_enzyme,high,True,"[{""key_entity_id"": ""BE0003612"", ""key_entity_name"": ""Cytochrome P450 3A7"", ""key_entity_type"": ""enzyme"", ""action_drug_a"": ""inhibitor"", ""action_drug_b"": ""substrate"", ""match_pattern"": ""inhibitor-substrate"", ""mechanism_chain"": ""Itraconazole --[inhibitor]--> Cytochrome P450 3A7 --[substrate: metabolizes]--> Dexamethasone"", ""chain_type"": ""PK_through_enzyme"", ""confidence"": ""high""}, {""key_entity_id"": ""BE0002638"", ""key_entity_name"": ""Cytochrome P450 3A4"", ""key_entity_type"": ""enzyme"", ""action_drug_a"": ""substrate"", ""action_drug_b"": ""inhibitor"", ""match_pattern"": ""inhibitor-substrate"", ""mechanism_chain"": ""Dexamethasone --[inhibitor]--> Cytochrome P450 3A4 --[substrate: metabolizes]--> Itraconazole"", ""chain_type"": ""PK_through_enzyme"", ""confidence"": ""high""}, {""key_entity_id"": ""BE0002638"", ""key_entity_name"": ""Cytochrome P450 3A4"", ""key_entity_type"": ""enzyme"", ""action_drug_a"": ""substrate"", ""action_drug_b"": ""inducer"", ""match_pattern"": ""inducer-substrate"", ""mechanism_chain"": ""Dexamethasone --[inducer]--> Cytochrome P450 3A4 --[substrate: metabolizes]--> Itraconazole"", ""chain_type"": ""PK_through_enzyme"", ""confidence"": ""high""}, {""key_entity_id"": ""BE0002638"", ""key_entity_name"": ""Cytochrome P450 3A4"", ""key_entity_type"": ""enzyme"", ""action_drug_a"": ""inhibitor"", ""action_drug_b"": ""substrate"", ""match_pattern"": ""inhibitor-substrate"", ""mechanism_chain"": ""Itraconazole --[inhibitor]--> Cytochrome P450 3A4 --[substrate: metabolizes]--> Dexamethasone"", ""chain_type"": ""PK_through_enzyme"", ""confidence"": ""high""}, {""key_entity_id"": ""BE0002638"", ""key_entity_name"": ""Cytochrome P450 3A4"", ""key_entity_type"": ""enzyme"", ""action_drug_a"": ""inhibitor"", ""action_drug_b"": ""inhibitor"", ""match_pattern"": ""inhibitor-inhibitor"", ""mechanism_chain"": ""Itraconazole --[inhibitor]--> Cytochrome P450 3A4 <--[inhibitor]-- Dexamethasone"", ""chain_type"": ""PK_through_enzyme"", ""confidence"": ""high""}]"
DB01167,DB01424,The metabolism of can be decreased when combined with,PK,BE0002638,Cytochrome P450 3A4,enzyme,inhibitor,substrate,inhibitor-substrate,Itraconazole --[inhibitor]--> Cytochrome P450 3A4 --[substrate: metabolizes]--> Aminophenazone,PK_through_enzyme,high,True,[]
DB01167,DB01244,The metabolism of can be decreased when combined with,PK,BE0002638,Cytochrome P450 3A4,enzyme,inhibitor,substrate,inhibitor-substrate,Itraconazole --[inhibitor]--> Cytochrome P450 3A4 --[substrate: metabolizes]--> Bepridil,PK_through_enzyme,high,True,[]
DB01167,DB01182,The metabolism of can be decreased when combined with,PK,BE0002638,Cytochrome P450 3A4,enzyme,inhibitor,substrate,inhibitor-substrate,Itraconazole --[inhibitor]--> Cytochrome P450 3A4 --[substrate: metabolizes]--> Propafenone,PK_through_enzyme,high,True,[]
DB01167,DB06228,The metabolism of can be decreased when combined with,PK,BE0002638,Cytochrome P450 3A4,enzyme,inhibitor,substrate,inhibitor-substrate,Itraconazole --[inhibitor]--> Cytochrome P450 3A4 --[substrate: metabolizes]--> Rivaroxaban,PK_through_enzyme,high,True,"[{""key_entity_id"": ""BE0002362"", ""key_entity_name"": ""Cytochrome P450 3A5"", ""key_entity_type"": ""enzyme"", ""action_drug_a"": ""inhibitor"", ""action_drug_b"": ""substrate"", ""match_pattern"": ""inhibitor-substrate"", ""mechanism_chain"": ""Itraconazole --[inhibitor]--> Cytochrome P450 3A5 --[substrate: metabolizes]--> Rivaroxaban"", ""chain_type"": ""PK_through_enzyme"", ""confidence"": ""high""}]"
DB01167,DB11703,The metabolism of can be decreased when combined with,PK,BE0002638,Cytochrome P450 3A4,enzyme,substrate,inhibitor,inhibitor-substrate,Acalabrutinib --[inhibitor]--> Cytochrome P450 3A4 --[substrate: metabolizes]--> Itraconazole,PK_through_enzyme,high,True,"[{""key_entity_id"": ""BE0002638"", ""key_entity_name"": ""Cytochrome P450 3A4"", ""key_entity_type"": ""enzyme"", ""action_drug_a"": ""inhibitor"", ""action_drug_b"": ""substrate"", ""match_pattern"": ""inhibitor-substrate"", ""mechanism_chain"": ""Itraconazole --[inhibitor]--> Cytochrome P450 3A4 --[substrate: metabolizes]--> Acalabrutinib"", ""chain_type"": ""PK_through_enzyme"", ""confidence"": ""high""}, {""key_entity_id"": ""BE0002638"", ""key_entity_name"": ""Cytochrome P450 3A4"", ""key_entity_type"": ""enzyme"", ""action_drug_a"": ""inhibitor"", ""action_drug_b"": ""inhibitor"", ""match_pattern"": ""inhibitor-inhibitor"", ""mechanism_chain"": ""Itraconazole --[inhibitor]--> Cytochrome P450 3A4 <--[inhibitor]-- Acalabrutinib"", ""chain_type"": ""PK_through_enzyme"", ""confidence"": ""high""}, {""key_entity_id"": ""BE0004866"", ""key_entity_name"": ""Cytochrome P450 3A Subfamily"", ""key_entity_type"": ""enzyme"", ""action_drug_a"": ""inhibitor"", ""action_drug_b"": ""substrate"", ""match_pattern"": ""inhibitor-substrate"", ""mechanism_chain"": ""Itraconazole --[inhibitor]--> Cytochrome P450 3A Subfamily --[substrate: metabolizes]--> Acalabrutinib"", ""chain_type"": ""PK_through_enzyme"", ""confidence"": ""high""}, {""key_entity_id"": ""BE0002362"", ""key_entity_name"": ""Cytochrome P450 3A5"", ""key_entity_type"": ""enzyme"", ""action_drug_a"": ""inhibitor"", ""action_drug_b"": ""inhibitor"", ""match_pattern"": ""inhibitor-inhibitor"", ""mechanism_chain"": ""Itraconazole --[inhibitor]--> Cytochrome P450 3A5 <--[inhibitor]-- Acalabrutinib"", ""chain_type"": ""PK_through_enzyme"", ""confidence"": ""high""}]"
DB01167,DB09143,The metabolism of can be decreased when combined with,PK,BE0002638,Cytochrome P450 3A4,enzyme,inhibitor,substrate,inhibitor-substrate,Itraconazole --[inhibitor]--> Cytochrome P450 3A4 --[substrate: metabolizes]--> Sonidegib,PK_through_enzyme,high,True,[]
DB01167,DB06712,The metabolism of can be decreased when combined with,PK,BE0002638,Cytochrome P450 3A4,enzyme,substrate,inhibitor,inhibitor-substrate,Nilvadipine --[inhibitor]--> Cytochrome P450 3A4 --[substrate: metabolizes]--> Itraconazole,PK_through_enzyme,high,True,"[{""key_entity_id"": ""BE0002638"", ""key_entity_name"": ""Cytochrome P450 3A4"", ""key_entity_type"": ""enzyme"", ""action_drug_a"": ""inhibitor"", ""action_drug_b"": ""substrate"", ""match_pattern"": ""inhibitor-substrate"", ""mechanism_chain"": ""Itraconazole --[inhibitor]--> Cytochrome P450 3A4 --[substrate: metabolizes]--> Nilvadipine"", ""chain_type"": ""PK_through_enzyme"", ""confidence"": ""high""}, {""key_entity_id"": ""BE0002638"", ""key_entity_name"": ""Cytochrome P450 3A4"", ""key_entity_type"": ""enzyme"", ""action_drug_a"": ""inhibitor"", ""action_drug_b"": ""inhibitor"", ""match_pattern"": ""inhibitor-inhibitor"", ""mechanism_chain"": ""Itraconazole --[inhibitor]--> Cytochrome P450 3A4 <--[inhibitor]-- Nilvadipine"", ""chain_type"": ""PK_through_enzyme"", ""confidence"": ""high""}, {""key_entity_id"": ""BE0003533"", ""key_entity_name"": ""Cytochrome P450 2E1"", ""key_entity_type"": ""enzyme"", ""action_drug_a"": ""inhibitor"", ""action_drug_b"": ""substrate"", ""match_pattern"": ""inhibitor-substrate"", ""mechanism_chain"": ""Itraconazole --[inhibitor]--> Cytochrome P450 2E1 --[substrate: metabolizes]--> Nilvadipine"", ""chain_type"": ""PK_through_enzyme"", ""confidence"": ""high""}]"
DB01167,DB01393,The metabolism of can be decreased when combined with,PK,BE0002638,Cytochrome P450 3A4,enzyme,inhibitor,substrate,inhibitor-substrate,Itraconazole --[inhibitor]--> Cytochrome P450 3A4 --[substrate: metabolizes]--> Bezafibrate,PK_through_enzyme,high,True,[]
DB01167,DB06016,The metabolism of can be decreased when combined with,PK,BE0002638,Cytochrome P450 3A4,enzyme,substrate,inhibitor,inhibitor-substrate,Cariprazine --[inhibitor]--> Cytochrome P450 3A4 --[substrate: metabolizes]--> Itraconazole,PK_through_enzyme,high,True,"[{""key_entity_id"": ""BE0002638"", ""key_entity_name"": ""Cytochrome P450 3A4"", ""key_entity_type"": ""enzyme"", ""action_drug_a"": ""substrate"", ""action_drug_b"": ""inducer"", ""match_pattern"": ""inducer-substrate"", ""mechanism_chain"": ""Cariprazine --[inducer]--> Cytochrome P450 3A4 --[substrate: metabolizes]--> Itraconazole"", ""chain_type"": ""PK_through_enzyme"", ""confidence"": ""high""}, {""key_entity_id"": ""BE0002638"", ""key_entity_name"": ""Cytochrome P450 3A4"", ""key_entity_type"": ""enzyme"", ""action_drug_a"": ""inhibitor"", ""action_drug_b"": ""substrate"", ""match_pattern"": ""inhibitor-substrate"", ""mechanism_chain"": ""Itraconazole --[inhibitor]--> Cytochrome P450 3A4 --[substrate: metabolizes]--> Cariprazine"", ""chain_type"": ""PK_through_enzyme"", ""confidence"": ""high""}, {""key_entity_id"": ""BE0002638"", ""key_entity_name"": ""Cytochrome P450 3A4"", ""key_entity_type"": ""enzyme"", ""action_drug_a"": ""inhibitor"", ""action_drug_b"": ""inhibitor"", ""match_pattern"": ""inhibitor-inhibitor"", ""mechanism_chain"": ""Itraconazole --[inhibitor]--> Cytochrome P450 3A4 <--[inhibitor]-- Cariprazine"", ""chain_type"": ""PK_through_enzyme"", ""confidence"": ""high""}, {""key_entity_id"": ""BE0003533"", ""key_entity_name"": ""Cytochrome P450 2E1"", ""key_entity_type"": ""enzyme"", ""action_drug_a"": ""inhibitor"", ""action_drug_b"": ""inhibitor"", ""match_pattern"": ""inhibitor-inhibitor"", ""mechanism_chain"": ""Itraconazole --[inhibitor]--> Cytochrome P450 2E1 <--[inhibitor]-- Cariprazine"", ""chain_type"": ""PK_through_enzyme"", ""confidence"": ""high""}]"
DB01167,DB06144,The metabolism of can be decreased when combined with,PK,BE0002638,Cytochrome P450 3A4,enzyme,inhibitor,substrate,inhibitor-substrate,Itraconazole --[inhibitor]--> Cytochrome P450 3A4 --[substrate: metabolizes]--> Sertindole,PK_through_enzyme,high,True,[]
DB01167,DB12329,The metabolism of can be decreased when combined with,PK,BE0002638,Cytochrome P450 3A4,enzyme,inhibitor,substrate,inhibitor-substrate,Itraconazole --[inhibitor]--> Cytochrome P450 3A4 --[substrate: metabolizes]--> Eravacycline,PK_through_enzyme,high,True,[]
DB01167,DB11791,The serum concentration of can be increased when it is combined with,PK,BE0002638,Cytochrome P450 3A4,enzyme,inhibitor,substrate,inhibitor-substrate,Itraconazole --[inhibitor]--> Cytochrome P450 3A4 --[substrate: metabolizes]--> Capmatinib,PK_through_enzyme,high,True,[]
DB01167,DB06813,may decrease the excretion rate of which could result in a higher serum level,PK,BE0001067,Broad substrate specificity ATP-binding cassette transporter ABCG2,transporter,inhibitor,substrate,inhibitor-substrate,Itraconazole --[inhibitor]--> Broad substrate specificity ATP-binding cassette transporter ABCG2 --[substrate: transports]--> Pralatrexate,PK_through_transporter,high,True,[]
DB01167,DB11672,The metabolism of can be decreased when combined with,PK,BE0002638,Cytochrome P450 3A4,enzyme,substrate,inhibitor,inhibitor-substrate,Curcumin --[inhibitor]--> Cytochrome P450 3A4 --[substrate: metabolizes]--> Itraconazole,PK_through_enzyme,high,True,"[{""key_entity_id"": ""BE0002638"", ""key_entity_name"": ""Cytochrome P450 3A4"", ""key_entity_type"": ""enzyme"", ""action_drug_a"": ""inhibitor"", ""action_drug_b"": ""inhibitor"", ""match_pattern"": ""inhibitor-inhibitor"", ""mechanism_chain"": ""Itraconazole --[inhibitor]--> Cytochrome P450 3A4 <--[inhibitor]-- Curcumin"", ""chain_type"": ""PK_through_enzyme"", ""confidence"": ""high""}, {""key_entity_id"": ""BE0003549"", ""key_entity_name"": ""Cytochrome P450 2B6"", ""key_entity_type"": ""enzyme"", ""action_drug_a"": ""inhibitor"", ""action_drug_b"": ""inhibitor"", ""match_pattern"": ""inhibitor-inhibitor"", ""mechanism_chain"": ""Itraconazole --[inhibitor]--> Cytochrome P450 2B6 <--[inhibitor]-- Curcumin"", ""chain_type"": ""PK_through_enzyme"", ""confidence"": ""high""}]"
DB01167,DB12095,The serum concentration of can be decreased when it is combined with,PK,BE0002638,Cytochrome P450 3A4,enzyme,substrate,inhibitor,inhibitor-substrate,Telotristat ethyl --[inhibitor]--> Cytochrome P450 3A4 --[substrate: metabolizes]--> Itraconazole,PK_through_enzyme,high,True,"[{""key_entity_id"": ""BE0002638"", ""key_entity_name"": ""Cytochrome P450 3A4"", ""key_entity_type"": ""enzyme"", ""action_drug_a"": ""substrate"", ""action_drug_b"": ""inducer"", ""match_pattern"": ""inducer-substrate"", ""mechanism_chain"": ""Telotristat ethyl --[inducer]--> Cytochrome P450 3A4 --[substrate: metabolizes]--> Itraconazole"", ""chain_type"": ""PK_through_enzyme"", ""confidence"": ""high""}, {""key_entity_id"": ""BE0002638"", ""key_entity_name"": ""Cytochrome P450 3A4"", ""key_entity_type"": ""enzyme"", ""action_drug_a"": ""inhibitor"", ""action_drug_b"": ""inhibitor"", ""match_pattern"": ""inhibitor-inhibitor"", ""mechanism_chain"": ""Itraconazole --[inhibitor]--> Cytochrome P450 3A4 <--[inhibitor]-- Telotristat ethyl"", ""chain_type"": ""PK_through_enzyme"", ""confidence"": ""high""}]"
DB01167,DB15149,The metabolism of can be decreased when combined with,PK,BE0002638,Cytochrome P450 3A4,enzyme,inhibitor,substrate,inhibitor-substrate,Itraconazole --[inhibitor]--> Cytochrome P450 3A4 --[substrate: metabolizes]--> Futibatinib,PK_through_enzyme,high,True,[]
DB01168,DB01234,The risk or severity of adverse effects can be increased when is combined with,PD,,,,,,,,,,False,[]
DB01168,DB06813,The risk or severity of adverse effects can be increased when is combined with,PD,,,,,,,,,,False,[]
DB01168,DB09091,The risk or severity of adverse effects can be increased when is combined with,PD,,,,,,,,,,False,[]
DB01168,DB14539,The risk or severity of adverse effects can be increased when is combined with,PD,,,,,,,,,,False,[]
DB01168,DB06701,may increase the hypertensive activities of,PD,,,,,,,,,,False,[]
DB01168,DB08868,may increase the immunosuppressive activities of,PD,,,,,,,,,,False,[]
DB01168,DB01198,The risk or severity of adverse effects can be increased when is combined with,PD,,,,,,,,,,False,[]
DB01168,DB01616,The risk or severity of CNS depression can be increased when is combined with,PD,,,,,,,,,,False,[]
DB01168,DB06144,The risk or severity of adverse effects can be increased when is combined with,PD,,,,,,,,,,False,[]
DB01168,DB06797,The risk or severity of CNS depression can be increased when is combined with,PD,,,,,,,,,,False,[]
DB01168,DB09009,The risk or severity of methemoglobinemia can be increased when is combined with,PD,,,,,,,,,,False,[]
DB01168,DB06016,The metabolism of can be decreased when combined with,PK,,,,,,,,,,False,[]
DB01168,DB01274,The risk or severity of adverse effects can be increased when is combined with,PD,,,,,,,,,,False,[]
DB01168,DB11609,The risk or severity of adverse effects can be increased when is combined with,PD,,,,,,,,,,False,[]
DB01182,DB09063,may increase the bradycardic activities of,PD,,,,,,,,,,False,[]
DB01182,DB08868,may increase the bradycardic activities of,PD,,,,,,,,,,False,[]
DB01182,DB08976,The risk or severity of adverse effects can be increased when is combined with,PD,,,,,,,,,,False,[]
DB01182,DB01220,The serum concentration of can be increased when it is combined with,PK,BE0002638,Cytochrome P450 3A4,enzyme,substrate,inducer,inducer-substrate,Rifaximin --[inducer]--> Cytochrome P450 3A4 --[substrate: metabolizes]--> Propafenone,PK_through_enzyme,high,True,[]
DB01182,DB06701,The risk or severity of hypertension can be increased when is combined with,PD,,,,,,,,,,False,[]
DB01182,DB13213,The serum concentration of can be increased when it is combined with,PK,,,,,,,,,,False,[]
DB01182,DB01424,may decrease the antihypertensive activities of,PD,,,,,,,,,,False,[]
DB01182,DB06736,may decrease the antihypertensive activities of,PD,,,,,,,,,,False,[]
DB01182,DB08981,may decrease the antihypertensive activities of,PD,,,,,,,,,,False,[]
DB01182,DB06712,may increase the arrhythmogenic activities of,PD,,,,,,,,,,False,[]
DB01182,DB01244,may increase the arrhythmogenic activities of,PD,BE0000090,Voltage-gated inwardly rectifying potassium channel KCNH2,target,inhibitor,inhibitor,inhibitor-inhibitor,Propafenone --[inhibitor]--> Voltage-gated inwardly rectifying potassium channel KCNH2 <--[inhibitor]-- Bepridil,PD_convergent_target,high,True,[]
DB01182,DB13074,The risk or severity of QTc prolongation can be increased when is combined with,PD,,,,,,,,,,False,[]
DB01182,DB12877,The risk or severity of QTc prolongation can be increased when is combined with,PD,,,,,,,,,,False,[]
DB01182,DB06791,may increase the bradycardic activities of,PD,,,,,,,,,,False,[]
DB01182,DB06708,The metabolism of can be decreased when combined with,PK,BE0002363,Cytochrome P450 2D6,enzyme,substrate,inhibitor,inhibitor-substrate,Lumefantrine --[inhibitor]--> Cytochrome P450 2D6 --[substrate: metabolizes]--> Propafenone,PK_through_enzyme,high,True,"[{""key_entity_id"": ""BE0002363"", ""key_entity_name"": ""Cytochrome P450 2D6"", ""key_entity_type"": ""enzyme"", ""action_drug_a"": ""inhibitor"", ""action_drug_b"": ""inhibitor"", ""match_pattern"": ""inhibitor-inhibitor"", ""mechanism_chain"": ""Propafenone --[inhibitor]--> Cytochrome P450 2D6 <--[inhibitor]-- Lumefantrine"", ""chain_type"": ""PK_through_enzyme"", ""confidence"": ""high""}]"
DB01182,DB06016,The risk or severity of hypertension can be increased when is combined with,PD,,,,,,,,,,False,[]
DB01182,DB06144,The metabolism of can be decreased when combined with,PK,BE0002363,Cytochrome P450 2D6,enzyme,inhibitor,substrate,inhibitor-substrate,Propafenone --[inhibitor]--> Cytochrome P450 2D6 --[substrate: metabolizes]--> Sertindole,PK_through_enzyme,high,True,[]
DB01182,DB06228,The serum concentration of can be increased when it is combined with,PK,BE0001032,ATP-dependent translocase ABCB1,transporter,inhibitor,substrate,inhibitor-substrate,Propafenone --[inhibitor]--> ATP-dependent translocase ABCB1 --[substrate: transports]--> Rivaroxaban,PK_through_transporter,high,True,[]
DB01182,DB01274,The metabolism of can be decreased when combined with,PK,BE0002363,Cytochrome P450 2D6,enzyme,inhibitor,substrate,inhibitor-substrate,Propafenone --[inhibitor]--> Cytochrome P450 2D6 --[substrate: metabolizes]--> Arformoterol,PK_through_enzyme,high,True,[]
DB01182,DB05239,The serum concentration of can be increased when it is combined with,PK,BE0002638,Cytochrome P450 3A4,enzyme,substrate,inhibitor,inhibitor-substrate,Cobimetinib --[inhibitor]--> Cytochrome P450 3A4 --[substrate: metabolizes]--> Propafenone,PK_through_enzyme,high,True,"[{""key_entity_id"": ""BE0002363"", ""key_entity_name"": ""Cytochrome P450 2D6"", ""key_entity_type"": ""enzyme"", ""action_drug_a"": ""substrate"", ""action_drug_b"": ""inhibitor"", ""match_pattern"": ""inhibitor-substrate"", ""mechanism_chain"": ""Cobimetinib --[inhibitor]--> Cytochrome P450 2D6 --[substrate: metabolizes]--> Propafenone"", ""chain_type"": ""PK_through_enzyme"", ""confidence"": ""high""}, {""key_entity_id"": ""BE0002363"", ""key_entity_name"": ""Cytochrome P450 2D6"", ""key_entity_type"": ""enzyme"", ""action_drug_a"": ""inhibitor"", ""action_drug_b"": ""inhibitor"", ""match_pattern"": ""inhibitor-inhibitor"", ""mechanism_chain"": ""Propafenone --[inhibitor]--> Cytochrome P450 2D6 <--[inhibitor]-- Cobimetinib"", ""chain_type"": ""PK_through_enzyme"", ""confidence"": ""high""}]"
DB01182,DB13952,The metabolism of can be decreased when combined with,PK,BE0002638,Cytochrome P450 3A4,enzyme,substrate,inducer,inducer-substrate,Estradiol acetate --[inducer]--> Cytochrome P450 3A4 --[substrate: metabolizes]--> Propafenone,PK_through_enzyme,high,True,"[{""key_entity_id"": ""BE0002433"", ""key_entity_name"": ""Cytochrome P450 1A2"", ""key_entity_type"": ""enzyme"", ""action_drug_a"": ""substrate"", ""action_drug_b"": ""inhibitor"", ""match_pattern"": ""inhibitor-substrate"", ""mechanism_chain"": ""Estradiol acetate --[inhibitor]--> Cytochrome P450 1A2 --[substrate: metabolizes]--> Propafenone"", ""chain_type"": ""PK_through_enzyme"", ""confidence"": ""high""}, {""key_entity_id"": ""BE0002433"", ""key_entity_name"": ""Cytochrome P450 1A2"", ""key_entity_type"": ""enzyme"", ""action_drug_a"": ""inhibitor"", ""action_drug_b"": ""substrate"", ""match_pattern"": ""inhibitor-substrate"", ""mechanism_chain"": ""Propafenone --[inhibitor]--> Cytochrome P450 1A2 --[substrate: metabolizes]--> Estradiol acetate"", ""chain_type"": ""PK_through_enzyme"", ""confidence"": ""high""}, {""key_entity_id"": ""BE0002433"", ""key_entity_name"": ""Cytochrome P450 1A2"", ""key_entity_type"": ""enzyme"", ""action_drug_a"": ""inhibitor"", ""action_drug_b"": ""inhibitor"", ""match_pattern"": ""inhibitor-inhibitor"", ""mechanism_chain"": ""Propafenone --[inhibitor]--> Cytochrome P450 1A2 <--[inhibitor]-- Estradiol acetate"", ""chain_type"": ""PK_through_enzyme"", ""confidence"": ""high""}]"
DB01182,DB11791,The metabolism of can be decreased when combined with,PK,BE0002433,Cytochrome P450 1A2,enzyme,substrate,inhibitor,inhibitor-substrate,Capmatinib --[inhibitor]--> Cytochrome P450 1A2 --[substrate: metabolizes]--> Propafenone,PK_through_enzyme,high,True,"[{""key_entity_id"": ""BE0002433"", ""key_entity_name"": ""Cytochrome P450 1A2"", ""key_entity_type"": ""enzyme"", ""action_drug_a"": ""inhibitor"", ""action_drug_b"": ""inhibitor"", ""match_pattern"": ""inhibitor-inhibitor"", ""mechanism_chain"": ""Propafenone --[inhibitor]--> Cytochrome P450 1A2 <--[inhibitor]-- Capmatinib"", ""chain_type"": ""PK_through_enzyme"", ""confidence"": ""high""}]"
DB01182,DB13946,may increase the hypertensive activities of,PD,,,,,,,,,,False,[]
DB01182,DB01234,The metabolism of can be increased when combined with,PK,BE0002638,Cytochrome P450 3A4,enzyme,substrate,inhibitor,inhibitor-substrate,Dexamethasone --[inhibitor]--> Cytochrome P450 3A4 --[substrate: metabolizes]--> Propafenone,PK_through_enzyme,high,True,"[{""key_entity_id"": ""BE0002638"", ""key_entity_name"": ""Cytochrome P450 3A4"", ""key_entity_type"": ""enzyme"", ""action_drug_a"": ""substrate"", ""action_drug_b"": ""inducer"", ""match_pattern"": ""inducer-substrate"", ""mechanism_chain"": ""Dexamethasone --[inducer]--> Cytochrome P450 3A4 --[substrate: metabolizes]--> Propafenone"", ""chain_type"": ""PK_through_enzyme"", ""confidence"": ""high""}]"
DB01182,DB11672,The metabolism of can be decreased when combined with,PK,BE0002638,Cytochrome P450 3A4,enzyme,substrate,inhibitor,inhibitor-substrate,Curcumin --[inhibitor]--> Cytochrome P450 3A4 --[substrate: metabolizes]--> Propafenone,PK_through_enzyme,high,True,"[{""key_entity_id"": ""BE0002433"", ""key_entity_name"": ""Cytochrome P450 1A2"", ""key_entity_type"": ""enzyme"", ""action_drug_a"": ""substrate"", ""action_drug_b"": ""inhibitor"", ""match_pattern"": ""inhibitor-substrate"", ""mechanism_chain"": ""Curcumin --[inhibitor]--> Cytochrome P450 1A2 --[substrate: metabolizes]--> Propafenone"", ""chain_type"": ""PK_through_enzyme"", ""confidence"": ""high""}, {""key_entity_id"": ""BE0002433"", ""key_entity_name"": ""Cytochrome P450 1A2"", ""key_entity_type"": ""enzyme"", ""action_drug_a"": ""inhibitor"", ""action_drug_b"": ""inhibitor"", ""match_pattern"": ""inhibitor-inhibitor"", ""mechanism_chain"": ""Propafenone --[inhibitor]--> Cytochrome P450 1A2 <--[inhibitor]-- Curcumin"", ""chain_type"": ""PK_through_enzyme"", ""confidence"": ""high""}, {""key_entity_id"": ""BE0002363"", ""key_entity_name"": ""Cytochrome P450 2D6"", ""key_entity_type"": ""enzyme"", ""action_drug_a"": ""substrate"", ""action_drug_b"": ""inhibitor"", ""match_pattern"": ""inhibitor-substrate"", ""mechanism_chain"": ""Curcumin --[inhibitor]--> Cytochrome P450 2D6 --[substrate: metabolizes]--> Propafenone"", ""chain_type"": ""PK_through_enzyme"", ""confidence"": ""high""}, {""key_entity_id"": ""BE0002363"", ""key_entity_name"": ""Cytochrome P450 2D6"", ""key_entity_type"": ""enzyme"", ""action_drug_a"": ""inhibitor"", ""action_drug_b"": ""inhibitor"", ""match_pattern"": ""inhibitor-inhibitor"", ""mechanism_chain"": ""Propafenone --[inhibitor]--> Cytochrome P450 2D6 <--[inhibitor]-- Curcumin"", ""chain_type"": ""PK_through_enzyme"", ""confidence"": ""high""}]"
DB01182,DB11201,may decrease the antihypertensive activities of,PD,,,,,,,,,,False,[]
DB01182,DB12095,The serum concentration of can be decreased when it is combined with,PK,BE0002638,Cytochrome P450 3A4,enzyme,substrate,inhibitor,inhibitor-substrate,Telotristat ethyl --[inhibitor]--> Cytochrome P450 3A4 --[substrate: metabolizes]--> Propafenone,PK_through_enzyme,high,True,"[{""key_entity_id"": ""BE0002638"", ""key_entity_name"": ""Cytochrome P450 3A4"", ""key_entity_type"": ""enzyme"", ""action_drug_a"": ""substrate"", ""action_drug_b"": ""inducer"", ""match_pattern"": ""inducer-substrate"", ""mechanism_chain"": ""Telotristat ethyl --[inducer]--> Cytochrome P450 3A4 --[substrate: metabolizes]--> Propafenone"", ""chain_type"": ""PK_through_enzyme"", ""confidence"": ""high""}, {""key_entity_id"": ""BE0002363"", ""key_entity_name"": ""Cytochrome P450 2D6"", ""key_entity_type"": ""enzyme"", ""action_drug_a"": ""substrate"", ""action_drug_b"": ""inhibitor"", ""match_pattern"": ""inhibitor-substrate"", ""mechanism_chain"": ""Telotristat ethyl --[inhibitor]--> Cytochrome P450 2D6 --[substrate: metabolizes]--> Propafenone"", ""chain_type"": ""PK_through_enzyme"", ""confidence"": ""high""}, {""key_entity_id"": ""BE0002363"", ""key_entity_name"": ""Cytochrome P450 2D6"", ""key_entity_type"": ""enzyme"", ""action_drug_a"": ""inhibitor"", ""action_drug_b"": ""inhibitor"", ""match_pattern"": ""inhibitor-inhibitor"", ""mechanism_chain"": ""Propafenone --[inhibitor]--> Cytochrome P450 2D6 <--[inhibitor]-- Telotristat ethyl"", ""chain_type"": ""PK_through_enzyme"", ""confidence"": ""high""}]"
DB01182,DB15149,The serum concentration of can be increased when it is combined with,PK,BE0002363,Cytochrome P450 2D6,enzyme,inhibitor,substrate,inhibitor-substrate,Propafenone --[inhibitor]--> Cytochrome P450 2D6 --[substrate: metabolizes]--> Futibatinib,PK_through_enzyme,high,True,[]
DB01198,DB01234,The metabolism of can be decreased when combined with,PK,BE0002887,Cytochrome P450 2C8,enzyme,substrate,inducer,inducer-substrate,Dexamethasone --[inducer]--> Cytochrome P450 2C8 --[substrate: metabolizes]--> Zopiclone,PK_through_enzyme,high,True,"[{""key_entity_id"": ""BE0002638"", ""key_entity_name"": ""Cytochrome P450 3A4"", ""key_entity_type"": ""enzyme"", ""action_drug_a"": ""substrate"", ""action_drug_b"": ""inhibitor"", ""match_pattern"": ""inhibitor-substrate"", ""mechanism_chain"": ""Dexamethasone --[inhibitor]--> Cytochrome P450 3A4 --[substrate: metabolizes]--> Zopiclone"", ""chain_type"": ""PK_through_enzyme"", ""confidence"": ""high""}, {""key_entity_id"": ""BE0002638"", ""key_entity_name"": ""Cytochrome P450 3A4"", ""key_entity_type"": ""enzyme"", ""action_drug_a"": ""substrate"", ""action_drug_b"": ""inducer"", ""match_pattern"": ""inducer-substrate"", ""mechanism_chain"": ""Dexamethasone --[inducer]--> Cytochrome P450 3A4 --[substrate: metabolizes]--> Zopiclone"", ""chain_type"": ""PK_through_enzyme"", ""confidence"": ""high""}]"
DB01198,DB06712,The metabolism of can be decreased when combined with,PK,BE0002887,Cytochrome P450 2C8,enzyme,substrate,inhibitor,inhibitor-substrate,Nilvadipine --[inhibitor]--> Cytochrome P450 2C8 --[substrate: metabolizes]--> Zopiclone,PK_through_enzyme,high,True,"[{""key_entity_id"": ""BE0002638"", ""key_entity_name"": ""Cytochrome P450 3A4"", ""key_entity_type"": ""enzyme"", ""action_drug_a"": ""substrate"", ""action_drug_b"": ""inhibitor"", ""match_pattern"": ""inhibitor-substrate"", ""mechanism_chain"": ""Nilvadipine --[inhibitor]--> Cytochrome P450 3A4 --[substrate: metabolizes]--> Zopiclone"", ""chain_type"": ""PK_through_enzyme"", ""confidence"": ""high""}]"
DB01198,DB06791,The metabolism of can be decreased when combined with,PK,BE0002638,Cytochrome P450 3A4,enzyme,substrate,inhibitor,inhibitor-substrate,Lanreotide --[inhibitor]--> Cytochrome P450 3A4 --[substrate: metabolizes]--> Zopiclone,PK_through_enzyme,high,True,[]
DB01198,DB09063,The metabolism of can be decreased when combined with,PK,BE0002793,Cytochrome P450 2C9,enzyme,substrate,inhibitor,inhibitor-substrate,Ceritinib --[inhibitor]--> Cytochrome P450 2C9 --[substrate: metabolizes]--> Zopiclone,PK_through_enzyme,high,True,"[{""key_entity_id"": ""BE0002638"", ""key_entity_name"": ""Cytochrome P450 3A4"", ""key_entity_type"": ""enzyme"", ""action_drug_a"": ""substrate"", ""action_drug_b"": ""inhibitor"", ""match_pattern"": ""inhibitor-substrate"", ""mechanism_chain"": ""Ceritinib --[inhibitor]--> Cytochrome P450 3A4 --[substrate: metabolizes]--> Zopiclone"", ""chain_type"": ""PK_through_enzyme"", ""confidence"": ""high""}]"
DB01198,DB11703,The metabolism of can be decreased when combined with,PK,BE0002638,Cytochrome P450 3A4,enzyme,substrate,inhibitor,inhibitor-substrate,Acalabrutinib --[inhibitor]--> Cytochrome P450 3A4 --[substrate: metabolizes]--> Zopiclone,PK_through_enzyme,high,True,[]
DB01198,DB13946,The metabolism of can be decreased when combined with,PK,BE0002638,Cytochrome P450 3A4,enzyme,substrate,inhibitor,inhibitor-substrate,Testosterone undecanoate --[inhibitor]--> Cytochrome P450 3A4 --[substrate: metabolizes]--> Zopiclone,PK_through_enzyme,high,True,"[{""key_entity_id"": ""BE0002638"", ""key_entity_name"": ""Cytochrome P450 3A4"", ""key_entity_type"": ""enzyme"", ""action_drug_a"": ""substrate"", ""action_drug_b"": ""inducer"", ""match_pattern"": ""inducer-substrate"", ""mechanism_chain"": ""Testosterone undecanoate --[inducer]--> Cytochrome P450 3A4 --[substrate: metabolizes]--> Zopiclone"", ""chain_type"": ""PK_through_enzyme"", ""confidence"": ""high""}]"
DB01198,DB01616,The risk or severity of adverse effects can be increased when is combined with,PD,,,,,,,,,,False,[]
DB01198,DB06016,The risk or severity of adverse effects can be increased when is combined with,PD,,,,,,,,,,False,[]
DB01198,DB06144,The risk or severity of adverse effects can be increased when is combined with,PD,,,,,,,,,,False,[]
DB01198,DB06701,The risk or severity of adverse effects can be increased when is combined with,PD,,,,,,,,,,False,[]
DB01198,DB06797,The risk or severity of adverse effects can be increased when is combined with,PD,,,,,,,,,,False,[]
DB01198,DB11609,The risk or severity of adverse effects can be increased when is combined with,PD,,,,,,,,,,False,[]
DB01198,DB13213,The risk or severity of adverse effects can be increased when is combined with,PD,,,,,,,,,,False,[]
DB01198,DB09009,The risk or severity of adverse effects can be increased when is combined with,PD,,,,,,,,,,False,[]
DB01198,DB01393,The metabolism of can be decreased when combined with,PK,BE0002887,Cytochrome P450 2C8,enzyme,substrate,inhibitor,inhibitor-substrate,Bezafibrate --[inhibitor]--> Cytochrome P450 2C8 --[substrate: metabolizes]--> Zopiclone,PK_through_enzyme,high,True,[]
DB01198,DB01424,The metabolism of can be decreased when combined with,PK,,,,,,,,,,False,[]
DB01198,DB13952,The metabolism of can be decreased when combined with,PK,BE0002638,Cytochrome P450 3A4,enzyme,substrate,inducer,inducer-substrate,Estradiol acetate --[inducer]--> Cytochrome P450 3A4 --[substrate: metabolizes]--> Zopiclone,PK_through_enzyme,high,True,[]
DB01198,DB01274,The metabolism of can be decreased when combined with,PK,,,,,,,,,,False,[]
DB01198,DB11672,The metabolism of can be decreased when combined with,PK,BE0002793,Cytochrome P450 2C9,enzyme,substrate,inhibitor,inhibitor-substrate,Curcumin --[inhibitor]--> Cytochrome P450 2C9 --[substrate: metabolizes]--> Zopiclone,PK_through_enzyme,high,True,"[{""key_entity_id"": ""BE0002638"", ""key_entity_name"": ""Cytochrome P450 3A4"", ""key_entity_type"": ""enzyme"", ""action_drug_a"": ""substrate"", ""action_drug_b"": ""inhibitor"", ""match_pattern"": ""inhibitor-substrate"", ""mechanism_chain"": ""Curcumin --[inhibitor]--> Cytochrome P450 3A4 --[substrate: metabolizes]--> Zopiclone"", ""chain_type"": ""PK_through_enzyme"", ""confidence"": ""high""}]"
DB01198,DB12095,The serum concentration of can be decreased when it is combined with,PK,BE0002887,Cytochrome P450 2C8,enzyme,substrate,inhibitor,inhibitor-substrate,Telotristat ethyl --[inhibitor]--> Cytochrome P450 2C8 --[substrate: metabolizes]--> Zopiclone,PK_through_enzyme,high,True,"[{""key_entity_id"": ""BE0002793"", ""key_entity_name"": ""Cytochrome P450 2C9"", ""key_entity_type"": ""enzyme"", ""action_drug_a"": ""substrate"", ""action_drug_b"": ""inhibitor"", ""match_pattern"": ""inhibitor-substrate"", ""mechanism_chain"": ""Telotristat ethyl --[inhibitor]--> Cytochrome P450 2C9 --[substrate: metabolizes]--> Zopiclone"", ""chain_type"": ""PK_through_enzyme"", ""confidence"": ""high""}, {""key_entity_id"": ""BE0002638"", ""key_entity_name"": ""Cytochrome P450 3A4"", ""key_entity_type"": ""enzyme"", ""action_drug_a"": ""substrate"", ""action_drug_b"": ""inhibitor"", ""match_pattern"": ""inhibitor-substrate"", ""mechanism_chain"": ""Telotristat ethyl --[inhibitor]--> Cytochrome P450 3A4 --[substrate: metabolizes]--> Zopiclone"", ""chain_type"": ""PK_through_enzyme"", ""confidence"": ""high""}, {""key_entity_id"": ""BE0002638"", ""key_entity_name"": ""Cytochrome P450 3A4"", ""key_entity_type"": ""enzyme"", ""action_drug_a"": ""substrate"", ""action_drug_b"": ""inducer"", ""match_pattern"": ""inducer-substrate"", ""mechanism_chain"": ""Telotristat ethyl --[inducer]--> Cytochrome P450 3A4 --[substrate: metabolizes]--> Zopiclone"", ""chain_type"": ""PK_through_enzyme"", ""confidence"": ""high""}]"
DB01198,DB11682,The metabolism of can be decreased when combined with,PK,BE0002887,Cytochrome P450 2C8,enzyme,substrate,inhibitor,inhibitor-substrate,Daprodustat --[inhibitor]--> Cytochrome P450 2C8 --[substrate: metabolizes]--> Zopiclone,PK_through_enzyme,high,True,[]
DB01220,DB11791,The serum concentration of can be decreased when it is combined with,PK,BE0002638,Cytochrome P450 3A4,enzyme,inducer,substrate,inducer-substrate,Rifaximin --[inducer]--> Cytochrome P450 3A4 --[substrate: metabolizes]--> Capmatinib,PK_through_enzyme,high,True,[]
DB01220,DB11672,The serum concentration of can be increased when it is combined with,PK,BE0002638,Cytochrome P450 3A4,enzyme,substrate,inhibitor,inhibitor-substrate,Curcumin --[inhibitor]--> Cytochrome P450 3A4 --[substrate: metabolizes]--> Rifaximin,PK_through_enzyme,high,True,[]
DB01220,DB09009,The risk or severity of methemoglobinemia can be increased when is combined with,PD,,,,,,,,,,False,[]
DB01220,DB12095,The serum concentration of can be increased when it is combined with,PK,BE0002638,Cytochrome P450 3A4,enzyme,substrate,inhibitor,inhibitor-substrate,Telotristat ethyl --[inhibitor]--> Cytochrome P450 3A4 --[substrate: metabolizes]--> Rifaximin,PK_through_enzyme,high,True,"[{""key_entity_id"": ""BE0002638"", ""key_entity_name"": ""Cytochrome P450 3A4"", ""key_entity_type"": ""enzyme"", ""action_drug_a"": ""substrate"", ""action_drug_b"": ""inducer"", ""match_pattern"": ""inducer-substrate"", ""mechanism_chain"": ""Telotristat ethyl --[inducer]--> Cytochrome P450 3A4 --[substrate: metabolizes]--> Rifaximin"", ""chain_type"": ""PK_through_enzyme"", ""confidence"": ""high""}]"
DB01234,DB06813,The risk or severity of adverse effects can be increased when is combined with,PD,,,,,,,,,,False,[]
DB01234,DB09091,The risk or severity of adverse effects can be increased when is combined with,PD,BE0000794,Glucocorticoid receptor,target,agonist,binder,agonist-binder,Dexamethasone --[agonist]--> Glucocorticoid receptor <--[binder]-- Tixocortol,PD_convergent_target,high,True,[]
DB01234,DB14539,The risk or severity of adverse effects can be increased when is combined with,PD,BE0000422,Annexin A1,target,agonist,agonist,agonist-agonist,Dexamethasone --[agonist]--> Annexin A1 <--[agonist]-- Hydrocortisone acetate,PD_convergent_target,high,True,"[{""key_entity_id"": ""BE0000794"", ""key_entity_name"": ""Glucocorticoid receptor"", ""key_entity_type"": ""target"", ""action_drug_a"": ""agonist"", ""action_drug_b"": ""agonist"", ""match_pattern"": ""agonist-agonist"", ""mechanism_chain"": ""Dexamethasone --[agonist]--> Glucocorticoid receptor <--[agonist]-- Hydrocortisone acetate"", ""chain_type"": ""PD_convergent_target"", ""confidence"": ""high""}]"
DB01234,DB09063,The risk or severity of hyperglycemia can be increased when is combined with,PD,,,,,,,,,,False,[]
DB01234,DB08868,may increase the immunosuppressive activities of,PD,,,,,,,,,,False,[]
DB01234,DB06736,The risk or severity of gastrointestinal irritation can be increased when is combined with,PD,,,,,,,,,,False,[]
DB01234,DB08976,The risk or severity of gastrointestinal irritation can be increased when is combined with,PD,,,,,,,,,,False,[]
DB01234,DB08981,The risk or severity of gastrointestinal irritation can be increased when is combined with,PD,,,,,,,,,,False,[]
DB01234,DB01424,The risk or severity of gastrointestinal irritation can be increased when is combined with,PD,,,,,,,,,,False,[]
DB01234,DB13952,The serum concentration of can be increased when it is combined with,PK,BE0002362,Cytochrome P450 3A5,enzyme,inducer,substrate,inducer-substrate,Dexamethasone --[inducer]--> Cytochrome P450 3A5 --[substrate: metabolizes]--> Estradiol acetate,PK_through_enzyme,high,True,"[{""key_entity_id"": ""BE0003536"", ""key_entity_name"": ""Cytochrome P450 2C19"", ""key_entity_type"": ""enzyme"", ""action_drug_a"": ""inducer"", ""action_drug_b"": ""substrate"", ""match_pattern"": ""inducer-substrate"", ""mechanism_chain"": ""Dexamethasone --[inducer]--> Cytochrome P450 2C19 --[substrate: metabolizes]--> Estradiol acetate"", ""chain_type"": ""PK_through_enzyme"", ""confidence"": ""high""}, {""key_entity_id"": ""BE0003612"", ""key_entity_name"": ""Cytochrome P450 3A7"", ""key_entity_type"": ""enzyme"", ""action_drug_a"": ""inducer"", ""action_drug_b"": ""substrate"", ""match_pattern"": ""inducer-substrate"", ""mechanism_chain"": ""Dexamethasone --[inducer]--> Cytochrome P450 3A7 --[substrate: metabolizes]--> Estradiol acetate"", ""chain_type"": ""PK_through_enzyme"", ""confidence"": ""high""}, {""key_entity_id"": ""BE0002887"", ""key_entity_name"": ""Cytochrome P450 2C8"", ""key_entity_type"": ""enzyme"", ""action_drug_a"": ""inducer"", ""action_drug_b"": ""substrate"", ""match_pattern"": ""inducer-substrate"", ""mechanism_chain"": ""Dexamethasone --[inducer]--> Cytochrome P450 2C8 --[substrate: metabolizes]--> Estradiol acetate"", ""chain_type"": ""PK_through_enzyme"", ""confidence"": ""high""}, {""key_entity_id"": ""BE0002638"", ""key_entity_name"": ""Cytochrome P450 3A4"", ""key_entity_type"": ""enzyme"", ""action_drug_a"": ""substrate"", ""action_drug_b"": ""inducer"", ""match_pattern"": ""inducer-substrate"", ""mechanism_chain"": ""Estradiol acetate --[inducer]--> Cytochrome P450 3A4 --[substrate: metabolizes]--> Dexamethasone"", ""chain_type"": ""PK_through_enzyme"", ""confidence"": ""high""}, {""key_entity_id"": ""BE0002638"", ""key_entity_name"": ""Cytochrome P450 3A4"", ""key_entity_type"": ""enzyme"", ""action_drug_a"": ""inhibitor"", ""action_drug_b"": ""substrate"", ""match_pattern"": ""inhibitor-substrate"", ""mechanism_chain"": ""Dexamethasone --[inhibitor]--> Cytochrome P450 3A4 --[substrate: metabolizes]--> Estradiol acetate"", ""chain_type"": ""PK_through_enzyme"", ""confidence"": ""high""}, {""key_entity_id"": ""BE0002638"", ""key_entity_name"": ""Cytochrome P450 3A4"", ""key_entity_type"": ""enzyme"", ""action_drug_a"": ""inducer"", ""action_drug_b"": ""substrate"", ""match_pattern"": ""inducer-substrate"", ""mechanism_chain"": ""Dexamethasone --[inducer]--> Cytochrome P450 3A4 --[substrate: metabolizes]--> Estradiol acetate"", ""chain_type"": ""PK_through_enzyme"", ""confidence"": ""high""}, {""key_entity_id"": ""BE0003543"", ""key_entity_name"": ""Cytochrome P450 1A1"", ""key_entity_type"": ""enzyme"", ""action_drug_a"": ""inhibitor"", ""action_drug_b"": ""substrate"", ""match_pattern"": ""inhibitor-substrate"", ""mechanism_chain"": ""Dexamethasone --[inhibitor]--> Cytochrome P450 1A1 --[substrate: metabolizes]--> Estradiol acetate"", ""chain_type"": ""PK_through_enzyme"", ""confidence"": ""high""}, {""key_entity_id"": ""BE0003543"", ""key_entity_name"": ""Cytochrome P450 1A1"", ""key_entity_type"": ""enzyme"", ""action_drug_a"": ""inducer"", ""action_drug_b"": ""substrate"", ""match_pattern"": ""inducer-substrate"", ""mechanism_chain"": ""Dexamethasone --[inducer]--> Cytochrome P450 1A1 --[substrate: metabolizes]--> Estradiol acetate"", ""chain_type"": ""PK_through_enzyme"", ""confidence"": ""high""}]"
DB01234,DB11791,The serum concentration of can be decreased when it is combined with,PK,BE0002638,Cytochrome P450 3A4,enzyme,inhibitor,substrate,inhibitor-substrate,Dexamethasone --[inhibitor]--> Cytochrome P450 3A4 --[substrate: metabolizes]--> Capmatinib,PK_through_enzyme,high,True,"[{""key_entity_id"": ""BE0002638"", ""key_entity_name"": ""Cytochrome P450 3A4"", ""key_entity_type"": ""enzyme"", ""action_drug_a"": ""inducer"", ""action_drug_b"": ""substrate"", ""match_pattern"": ""inducer-substrate"", ""mechanism_chain"": ""Dexamethasone --[inducer]--> Cytochrome P450 3A4 --[substrate: metabolizes]--> Capmatinib"", ""chain_type"": ""PK_through_enzyme"", ""confidence"": ""high""}]"
DB01234,DB06712,The metabolism of can be increased when combined with,PK,BE0003533,Cytochrome P450 2E1,enzyme,inducer,substrate,inducer-substrate,Dexamethasone --[inducer]--> Cytochrome P450 2E1 --[substrate: metabolizes]--> Nilvadipine,PK_through_enzyme,high,True,"[{""key_entity_id"": ""BE0002638"", ""key_entity_name"": ""Cytochrome P450 3A4"", ""key_entity_type"": ""enzyme"", ""action_drug_a"": ""substrate"", ""action_drug_b"": ""inhibitor"", ""match_pattern"": ""inhibitor-substrate"", ""mechanism_chain"": ""Nilvadipine --[inhibitor]--> Cytochrome P450 3A4 --[substrate: metabolizes]--> Dexamethasone"", ""chain_type"": ""PK_through_enzyme"", ""confidence"": ""high""}, {""key_entity_id"": ""BE0002638"", ""key_entity_name"": ""Cytochrome P450 3A4"", ""key_entity_type"": ""enzyme"", ""action_drug_a"": ""inhibitor"", ""action_drug_b"": ""substrate"", ""match_pattern"": ""inhibitor-substrate"", ""mechanism_chain"": ""Dexamethasone --[inhibitor]--> Cytochrome P450 3A4 --[substrate: metabolizes]--> Nilvadipine"", ""chain_type"": ""PK_through_enzyme"", ""confidence"": ""high""}, {""key_entity_id"": ""BE0002638"", ""key_entity_name"": ""Cytochrome P450 3A4"", ""key_entity_type"": ""enzyme"", ""action_drug_a"": ""inhibitor"", ""action_drug_b"": ""inhibitor"", ""match_pattern"": ""inhibitor-inhibitor"", ""mechanism_chain"": ""Dexamethasone --[inhibitor]--> Cytochrome P450 3A4 <--[inhibitor]-- Nilvadipine"", ""chain_type"": ""PK_through_enzyme"", ""confidence"": ""high""}, {""key_entity_id"": ""BE0002638"", ""key_entity_name"": ""Cytochrome P450 3A4"", ""key_entity_type"": ""enzyme"", ""action_drug_a"": ""inducer"", ""action_drug_b"": ""substrate"", ""match_pattern"": ""inducer-substrate"", ""mechanism_chain"": ""Dexamethasone --[inducer]--> Cytochrome P450 3A4 --[substrate: metabolizes]--> Nilvadipine"", ""chain_type"": ""PK_through_enzyme"", ""confidence"": ""high""}]"
DB01234,DB01393,The metabolism of can be increased when combined with,PK,BE0002638,Cytochrome P450 3A4,enzyme,inhibitor,substrate,inhibitor-substrate,Dexamethasone --[inhibitor]--> Cytochrome P450 3A4 --[substrate: metabolizes]--> Bezafibrate,PK_through_enzyme,high,True,"[{""key_entity_id"": ""BE0002638"", ""key_entity_name"": ""Cytochrome P450 3A4"", ""key_entity_type"": ""enzyme"", ""action_drug_a"": ""inducer"", ""action_drug_b"": ""substrate"", ""match_pattern"": ""inducer-substrate"", ""mechanism_chain"": ""Dexamethasone --[inducer]--> Cytochrome P450 3A4 --[substrate: metabolizes]--> Bezafibrate"", ""chain_type"": ""PK_through_enzyme"", ""confidence"": ""high""}]"
DB01234,DB06228,The metabolism of can be increased when combined with,PK,BE0002638,Cytochrome P450 3A4,enzyme,inhibitor,substrate,inhibitor-substrate,Dexamethasone --[inhibitor]--> Cytochrome P450 3A4 --[substrate: metabolizes]--> Rivaroxaban,PK_through_enzyme,high,True,"[{""key_entity_id"": ""BE0002638"", ""key_entity_name"": ""Cytochrome P450 3A4"", ""key_entity_type"": ""enzyme"", ""action_drug_a"": ""inducer"", ""action_drug_b"": ""substrate"", ""match_pattern"": ""inducer-substrate"", ""mechanism_chain"": ""Dexamethasone --[inducer]--> Cytochrome P450 3A4 --[substrate: metabolizes]--> Rivaroxaban"", ""chain_type"": ""PK_through_enzyme"", ""confidence"": ""high""}, {""key_entity_id"": ""BE0002362"", ""key_entity_name"": ""Cytochrome P450 3A5"", ""key_entity_type"": ""enzyme"", ""action_drug_a"": ""inducer"", ""action_drug_b"": ""substrate"", ""match_pattern"": ""inducer-substrate"", ""mechanism_chain"": ""Dexamethasone --[inducer]--> Cytochrome P450 3A5 --[substrate: metabolizes]--> Rivaroxaban"", ""chain_type"": ""PK_through_enzyme"", ""confidence"": ""high""}]"
DB01234,DB01244,The metabolism of can be increased when combined with,PK,BE0002638,Cytochrome P450 3A4,enzyme,inhibitor,substrate,inhibitor-substrate,Dexamethasone --[inhibitor]--> Cytochrome P450 3A4 --[substrate: metabolizes]--> Bepridil,PK_through_enzyme,high,True,"[{""key_entity_id"": ""BE0002638"", ""key_entity_name"": ""Cytochrome P450 3A4"", ""key_entity_type"": ""enzyme"", ""action_drug_a"": ""inducer"", ""action_drug_b"": ""substrate"", ""match_pattern"": ""inducer-substrate"", ""mechanism_chain"": ""Dexamethasone --[inducer]--> Cytochrome P450 3A4 --[substrate: metabolizes]--> Bepridil"", ""chain_type"": ""PK_through_enzyme"", ""confidence"": ""high""}]"
DB01234,DB06016,The metabolism of can be increased when combined with,PK,BE0002638,Cytochrome P450 3A4,enzyme,substrate,inhibitor,inhibitor-substrate,Cariprazine --[inhibitor]--> Cytochrome P450 3A4 --[substrate: metabolizes]--> Dexamethasone,PK_through_enzyme,high,True,"[{""key_entity_id"": ""BE0002638"", ""key_entity_name"": ""Cytochrome P450 3A4"", ""key_entity_type"": ""enzyme"", ""action_drug_a"": ""substrate"", ""action_drug_b"": ""inducer"", ""match_pattern"": ""inducer-substrate"", ""mechanism_chain"": ""Cariprazine --[inducer]--> Cytochrome P450 3A4 --[substrate: metabolizes]--> Dexamethasone"", ""chain_type"": ""PK_through_enzyme"", ""confidence"": ""high""}, {""key_entity_id"": ""BE0002638"", ""key_entity_name"": ""Cytochrome P450 3A4"", ""key_entity_type"": ""enzyme"", ""action_drug_a"": ""inhibitor"", ""action_drug_b"": ""substrate"", ""match_pattern"": ""inhibitor-substrate"", ""mechanism_chain"": ""Dexamethasone --[inhibitor]--> Cytochrome P450 3A4 --[substrate: metabolizes]--> Cariprazine"", ""chain_type"": ""PK_through_enzyme"", ""confidence"": ""high""}, {""key_entity_id"": ""BE0002638"", ""key_entity_name"": ""Cytochrome P450 3A4"", ""key_entity_type"": ""enzyme"", ""action_drug_a"": ""inhibitor"", ""action_drug_b"": ""inhibitor"", ""match_pattern"": ""inhibitor-inhibitor"", ""mechanism_chain"": ""Dexamethasone --[inhibitor]--> Cytochrome P450 3A4 <--[inhibitor]-- Cariprazine"", ""chain_type"": ""PK_through_enzyme"", ""confidence"": ""high""}, {""key_entity_id"": ""BE0002638"", ""key_entity_name"": ""Cytochrome P450 3A4"", ""key_entity_type"": ""enzyme"", ""action_drug_a"": ""inducer"", ""action_drug_b"": ""substrate"", ""match_pattern"": ""inducer-substrate"", ""mechanism_chain"": ""Dexamethasone --[inducer]--> Cytochrome P450 3A4 --[substrate: metabolizes]--> Cariprazine"", ""chain_type"": ""PK_through_enzyme"", ""confidence"": ""high""}, {""key_entity_id"": ""BE0002362"", ""key_entity_name"": ""Cytochrome P450 3A5"", ""key_entity_type"": ""enzyme"", ""action_drug_a"": ""substrate"", ""action_drug_b"": ""inducer"", ""match_pattern"": ""inducer-substrate"", ""mechanism_chain"": ""Cariprazine --[inducer]--> Cytochrome P450 3A5 --[substrate: metabolizes]--> Dexamethasone"", ""chain_type"": ""PK_through_enzyme"", ""confidence"": ""high""}]"
DB01234,DB06144,The metabolism of can be increased when combined with,PK,BE0002638,Cytochrome P450 3A4,enzyme,inhibitor,substrate,inhibitor-substrate,Dexamethasone --[inhibitor]--> Cytochrome P450 3A4 --[substrate: metabolizes]--> Sertindole,PK_through_enzyme,high,True,"[{""key_entity_id"": ""BE0002638"", ""key_entity_name"": ""Cytochrome P450 3A4"", ""key_entity_type"": ""enzyme"", ""action_drug_a"": ""inducer"", ""action_drug_b"": ""substrate"", ""match_pattern"": ""inducer-substrate"", ""mechanism_chain"": ""Dexamethasone --[inducer]--> Cytochrome P450 3A4 --[substrate: metabolizes]--> Sertindole"", ""chain_type"": ""PK_through_enzyme"", ""confidence"": ""high""}]"
DB01234,DB06708,The metabolism of can be increased when combined with,PK,BE0002638,Cytochrome P450 3A4,enzyme,inhibitor,substrate,inhibitor-substrate,Dexamethasone --[inhibitor]--> Cytochrome P450 3A4 --[substrate: metabolizes]--> Lumefantrine,PK_through_enzyme,high,True,"[{""key_entity_id"": ""BE0002638"", ""key_entity_name"": ""Cytochrome P450 3A4"", ""key_entity_type"": ""enzyme"", ""action_drug_a"": ""inducer"", ""action_drug_b"": ""substrate"", ""match_pattern"": ""inducer-substrate"", ""mechanism_chain"": ""Dexamethasone --[inducer]--> Cytochrome P450 3A4 --[substrate: metabolizes]--> Lumefantrine"", ""chain_type"": ""PK_through_enzyme"", ""confidence"": ""high""}]"
DB01234,DB12329,The metabolism of can be increased when combined with,PK,BE0002638,Cytochrome P450 3A4,enzyme,inhibitor,substrate,inhibitor-substrate,Dexamethasone --[inhibitor]--> Cytochrome P450 3A4 --[substrate: metabolizes]--> Eravacycline,PK_through_enzyme,high,True,"[{""key_entity_id"": ""BE0002638"", ""key_entity_name"": ""Cytochrome P450 3A4"", ""key_entity_type"": ""enzyme"", ""action_drug_a"": ""inducer"", ""action_drug_b"": ""substrate"", ""match_pattern"": ""inducer-substrate"", ""mechanism_chain"": ""Dexamethasone --[inducer]--> Cytochrome P450 3A4 --[substrate: metabolizes]--> Eravacycline"", ""chain_type"": ""PK_through_enzyme"", ""confidence"": ""high""}]"
DB01234,DB13074,The metabolism of can be increased when combined with,PK,BE0002638,Cytochrome P450 3A4,enzyme,inhibitor,substrate,inhibitor-substrate,Dexamethasone --[inhibitor]--> Cytochrome P450 3A4 --[substrate: metabolizes]--> Macimorelin,PK_through_enzyme,high,True,"[{""key_entity_id"": ""BE0002638"", ""key_entity_name"": ""Cytochrome P450 3A4"", ""key_entity_type"": ""enzyme"", ""action_drug_a"": ""inducer"", ""action_drug_b"": ""substrate"", ""match_pattern"": ""inducer-substrate"", ""mechanism_chain"": ""Dexamethasone --[inducer]--> Cytochrome P450 3A4 --[substrate: metabolizes]--> Macimorelin"", ""chain_type"": ""PK_through_enzyme"", ""confidence"": ""high""}]"
DB01234,DB05239,The serum concentration of can be decreased when it is combined with,PK,BE0002638,Cytochrome P450 3A4,enzyme,substrate,inhibitor,inhibitor-substrate,Cobimetinib --[inhibitor]--> Cytochrome P450 3A4 --[substrate: metabolizes]--> Dexamethasone,PK_through_enzyme,high,True,"[{""key_entity_id"": ""BE0002638"", ""key_entity_name"": ""Cytochrome P450 3A4"", ""key_entity_type"": ""enzyme"", ""action_drug_a"": ""inhibitor"", ""action_drug_b"": ""substrate"", ""match_pattern"": ""inhibitor-substrate"", ""mechanism_chain"": ""Dexamethasone --[inhibitor]--> Cytochrome P450 3A4 --[substrate: metabolizes]--> Cobimetinib"", ""chain_type"": ""PK_through_enzyme"", ""confidence"": ""high""}, {""key_entity_id"": ""BE0002638"", ""key_entity_name"": ""Cytochrome P450 3A4"", ""key_entity_type"": ""enzyme"", ""action_drug_a"": ""inhibitor"", ""action_drug_b"": ""inhibitor"", ""match_pattern"": ""inhibitor-inhibitor"", ""mechanism_chain"": ""Dexamethasone --[inhibitor]--> Cytochrome P450 3A4 <--[inhibitor]-- Cobimetinib"", ""chain_type"": ""PK_through_enzyme"", ""confidence"": ""high""}, {""key_entity_id"": ""BE0002638"", ""key_entity_name"": ""Cytochrome P450 3A4"", ""key_entity_type"": ""enzyme"", ""action_drug_a"": ""inducer"", ""action_drug_b"": ""substrate"", ""match_pattern"": ""inducer-substrate"", ""mechanism_chain"": ""Dexamethasone --[inducer]--> Cytochrome P450 3A4 --[substrate: metabolizes]--> Cobimetinib"", ""chain_type"": ""PK_through_enzyme"", ""confidence"": ""high""}]"
DB01234,DB11703,The metabolism of can be increased when combined with,PK,BE0002638,Cytochrome P450 3A4,enzyme,substrate,inhibitor,inhibitor-substrate,Acalabrutinib --[inhibitor]--> Cytochrome P450 3A4 --[substrate: metabolizes]--> Dexamethasone,PK_through_enzyme,high,True,"[{""key_entity_id"": ""BE0002638"", ""key_entity_name"": ""Cytochrome P450 3A4"", ""key_entity_type"": ""enzyme"", ""action_drug_a"": ""inhibitor"", ""action_drug_b"": ""substrate"", ""match_pattern"": ""inhibitor-substrate"", ""mechanism_chain"": ""Dexamethasone --[inhibitor]--> Cytochrome P450 3A4 --[substrate: metabolizes]--> Acalabrutinib"", ""chain_type"": ""PK_through_enzyme"", ""confidence"": ""high""}, {""key_entity_id"": ""BE0002638"", ""key_entity_name"": ""Cytochrome P450 3A4"", ""key_entity_type"": ""enzyme"", ""action_drug_a"": ""inhibitor"", ""action_drug_b"": ""inhibitor"", ""match_pattern"": ""inhibitor-inhibitor"", ""mechanism_chain"": ""Dexamethasone --[inhibitor]--> Cytochrome P450 3A4 <--[inhibitor]-- Acalabrutinib"", ""chain_type"": ""PK_through_enzyme"", ""confidence"": ""high""}, {""key_entity_id"": ""BE0002638"", ""key_entity_name"": ""Cytochrome P450 3A4"", ""key_entity_type"": ""enzyme"", ""action_drug_a"": ""inducer"", ""action_drug_b"": ""substrate"", ""match_pattern"": ""inducer-substrate"", ""mechanism_chain"": ""Dexamethasone --[inducer]--> Cytochrome P450 3A4 --[substrate: metabolizes]--> Acalabrutinib"", ""chain_type"": ""PK_through_enzyme"", ""confidence"": ""high""}, {""key_entity_id"": ""BE0002362"", ""key_entity_name"": ""Cytochrome P450 3A5"", ""key_entity_type"": ""enzyme"", ""action_drug_a"": ""substrate"", ""action_drug_b"": ""inhibitor"", ""match_pattern"": ""inhibitor-substrate"", ""mechanism_chain"": ""Acalabrutinib --[inhibitor]--> Cytochrome P450 3A5 --[substrate: metabolizes]--> Dexamethasone"", ""chain_type"": ""PK_through_enzyme"", ""confidence"": ""high""}]"
DB01234,DB09143,The metabolism of can be increased when combined with,PK,BE0002638,Cytochrome P450 3A4,enzyme,inhibitor,substrate,inhibitor-substrate,Dexamethasone --[inhibitor]--> Cytochrome P450 3A4 --[substrate: metabolizes]--> Sonidegib,PK_through_enzyme,high,True,"[{""key_entity_id"": ""BE0002638"", ""key_entity_name"": ""Cytochrome P450 3A4"", ""key_entity_type"": ""enzyme"", ""action_drug_a"": ""inducer"", ""action_drug_b"": ""substrate"", ""match_pattern"": ""inducer-substrate"", ""mechanism_chain"": ""Dexamethasone --[inducer]--> Cytochrome P450 3A4 --[substrate: metabolizes]--> Sonidegib"", ""chain_type"": ""PK_through_enzyme"", ""confidence"": ""high""}]"
DB01234,DB11672,The metabolism of can be decreased when combined with,PK,BE0002638,Cytochrome P450 3A4,enzyme,substrate,inhibitor,inhibitor-substrate,Curcumin --[inhibitor]--> Cytochrome P450 3A4 --[substrate: metabolizes]--> Dexamethasone,PK_through_enzyme,high,True,"[{""key_entity_id"": ""BE0002638"", ""key_entity_name"": ""Cytochrome P450 3A4"", ""key_entity_type"": ""enzyme"", ""action_drug_a"": ""inhibitor"", ""action_drug_b"": ""inhibitor"", ""match_pattern"": ""inhibitor-inhibitor"", ""mechanism_chain"": ""Dexamethasone --[inhibitor]--> Cytochrome P450 3A4 <--[inhibitor]-- Curcumin"", ""chain_type"": ""PK_through_enzyme"", ""confidence"": ""high""}]"
DB01234,DB11201,The risk or severity of gastrointestinal irritation can be increased when is combined with,PD,,,,,,,,,,False,[]
DB01234,DB12095,The serum concentration of can be decreased when it is combined with,PK,BE0002638,Cytochrome P450 3A4,enzyme,substrate,inhibitor,inhibitor-substrate,Telotristat ethyl --[inhibitor]--> Cytochrome P450 3A4 --[substrate: metabolizes]--> Dexamethasone,PK_through_enzyme,high,True,"[{""key_entity_id"": ""BE0002638"", ""key_entity_name"": ""Cytochrome P450 3A4"", ""key_entity_type"": ""enzyme"", ""action_drug_a"": ""substrate"", ""action_drug_b"": ""inducer"", ""match_pattern"": ""inducer-substrate"", ""mechanism_chain"": ""Telotristat ethyl --[inducer]--> Cytochrome P450 3A4 --[substrate: metabolizes]--> Dexamethasone"", ""chain_type"": ""PK_through_enzyme"", ""confidence"": ""high""}, {""key_entity_id"": ""BE0002638"", ""key_entity_name"": ""Cytochrome P450 3A4"", ""key_entity_type"": ""enzyme"", ""action_drug_a"": ""inhibitor"", ""action_drug_b"": ""inhibitor"", ""match_pattern"": ""inhibitor-inhibitor"", ""mechanism_chain"": ""Dexamethasone --[inhibitor]--> Cytochrome P450 3A4 <--[inhibitor]-- Telotristat ethyl"", ""chain_type"": ""PK_through_enzyme"", ""confidence"": ""high""}]"
DB01234,DB15149,The metabolism of can be increased when combined with,PK,BE0002638,Cytochrome P450 3A4,enzyme,inhibitor,substrate,inhibitor-substrate,Dexamethasone --[inhibitor]--> Cytochrome P450 3A4 --[substrate: metabolizes]--> Futibatinib,PK_through_enzyme,high,True,"[{""key_entity_id"": ""BE0002638"", ""key_entity_name"": ""Cytochrome P450 3A4"", ""key_entity_type"": ""enzyme"", ""action_drug_a"": ""inducer"", ""action_drug_b"": ""substrate"", ""match_pattern"": ""inducer-substrate"", ""mechanism_chain"": ""Dexamethasone --[inducer]--> Cytochrome P450 3A4 --[substrate: metabolizes]--> Futibatinib"", ""chain_type"": ""PK_through_enzyme"", ""confidence"": ""high""}]"
DB01234,DB09009,The risk or severity of methemoglobinemia can be increased when is combined with,PD,,,,,,,,,,False,[]
DB01234,DB11682,The metabolism of can be increased when combined with,PK,BE0002887,Cytochrome P450 2C8,enzyme,inducer,substrate,inducer-substrate,Dexamethasone --[inducer]--> Cytochrome P450 2C8 --[substrate: metabolizes]--> Daprodustat,PK_through_enzyme,high,True,"[{""key_entity_id"": ""BE0002638"", ""key_entity_name"": ""Cytochrome P450 3A4"", ""key_entity_type"": ""enzyme"", ""action_drug_a"": ""inhibitor"", ""action_drug_b"": ""substrate"", ""match_pattern"": ""inhibitor-substrate"", ""mechanism_chain"": ""Dexamethasone --[inhibitor]--> Cytochrome P450 3A4 --[substrate: metabolizes]--> Daprodustat"", ""chain_type"": ""PK_through_enzyme"", ""confidence"": ""high""}, {""key_entity_id"": ""BE0002638"", ""key_entity_name"": ""Cytochrome P450 3A4"", ""key_entity_type"": ""enzyme"", ""action_drug_a"": ""inducer"", ""action_drug_b"": ""substrate"", ""match_pattern"": ""inducer-substrate"", ""mechanism_chain"": ""Dexamethasone --[inducer]--> Cytochrome P450 3A4 --[substrate: metabolizes]--> Daprodustat"", ""chain_type"": ""PK_through_enzyme"", ""confidence"": ""high""}]"
DB01244,DB09063,may increase the bradycardic activities of,PD,,,,,,,,,,False,[]
DB01244,DB06701,may decrease the antihypertensive activities of,PD,,,,,,,,,,False,[]
DB01244,DB06712,may increase the arrhythmogenic activities of,PD,BE0000864,Voltage-dependent T-type calcium channel subunit alpha-1H,target,inhibitor,inhibitor,inhibitor-inhibitor,Bepridil --[inhibitor]--> Voltage-dependent T-type calcium channel subunit alpha-1H <--[inhibitor]-- Nilvadipine,PD_convergent_target,high,True,[]
DB01244,DB12877,The risk or severity of QTc prolongation can be increased when is combined with,PD,,,,,,,,,,False,[]
DB01244,DB06791,may increase the bradycardic activities of,PD,,,,,,,,,,False,[]
DB01244,DB08868,may increase the bradycardic activities of,PD,,,,,,,,,,False,[]
DB01244,DB01274,The risk or severity of QTc prolongation can be increased when is combined with,PD,,,,,,,,,,False,[]
DB01244,DB06708,The metabolism of can be decreased when combined with,PK,BE0002363,Cytochrome P450 2D6,enzyme,substrate,inhibitor,inhibitor-substrate,Lumefantrine --[inhibitor]--> Cytochrome P450 2D6 --[substrate: metabolizes]--> Bepridil,PK_through_enzyme,high,True,"[{""key_entity_id"": ""BE0002363"", ""key_entity_name"": ""Cytochrome P450 2D6"", ""key_entity_type"": ""enzyme"", ""action_drug_a"": ""inhibitor"", ""action_drug_b"": ""inhibitor"", ""match_pattern"": ""inhibitor-inhibitor"", ""mechanism_chain"": ""Bepridil --[inhibitor]--> Cytochrome P450 2D6 <--[inhibitor]-- Lumefantrine"", ""chain_type"": ""PK_through_enzyme"", ""confidence"": ""high""}]"
DB01244,DB13074,The risk or severity of QTc prolongation can be increased when is combined with,PD,,,,,,,,,,False,[]
DB01244,DB01424,The therapeutic efficacy of can be decreased when used in combination with,PD,,,,,,,,,,False,[]
DB01244,DB06736,The therapeutic efficacy of can be decreased when used in combination with,PD,,,,,,,,,,False,[]
DB01244,DB08976,The therapeutic efficacy of can be decreased when used in combination with,PD,,,,,,,,,,False,[]
DB01244,DB08981,The therapeutic efficacy of can be decreased when used in combination with,PD,,,,,,,,,,False,[]
DB01244,DB14627,The therapeutic efficacy of can be decreased when used in combination with,PD,,,,,,,,,,False,[]
DB01244,DB06016,may decrease the antihypertensive activities of,PD,,,,,,,,,,False,[]
DB01244,DB06144,The metabolism of can be decreased when combined with,PK,BE0002363,Cytochrome P450 2D6,enzyme,inhibitor,substrate,inhibitor-substrate,Bepridil --[inhibitor]--> Cytochrome P450 2D6 --[substrate: metabolizes]--> Sertindole,PK_through_enzyme,high,True,[]
DB01244,DB11672,The metabolism of can be decreased when combined with,PK,BE0002638,Cytochrome P450 3A4,enzyme,substrate,inhibitor,inhibitor-substrate,Curcumin --[inhibitor]--> Cytochrome P450 3A4 --[substrate: metabolizes]--> Bepridil,PK_through_enzyme,high,True,"[{""key_entity_id"": ""BE0002363"", ""key_entity_name"": ""Cytochrome P450 2D6"", ""key_entity_type"": ""enzyme"", ""action_drug_a"": ""substrate"", ""action_drug_b"": ""inhibitor"", ""match_pattern"": ""inhibitor-substrate"", ""mechanism_chain"": ""Curcumin --[inhibitor]--> Cytochrome P450 2D6 --[substrate: metabolizes]--> Bepridil"", ""chain_type"": ""PK_through_enzyme"", ""confidence"": ""high""}, {""key_entity_id"": ""BE0002363"", ""key_entity_name"": ""Cytochrome P450 2D6"", ""key_entity_type"": ""enzyme"", ""action_drug_a"": ""inhibitor"", ""action_drug_b"": ""inhibitor"", ""match_pattern"": ""inhibitor-inhibitor"", ""mechanism_chain"": ""Bepridil --[inhibitor]--> Cytochrome P450 2D6 <--[inhibitor]-- Curcumin"", ""chain_type"": ""PK_through_enzyme"", ""confidence"": ""high""}]"
DB01244,DB11201,The therapeutic efficacy of can be decreased when used in combination with,PD,,,,,,,,,,False,[]
DB01244,DB12095,The serum concentration of can be decreased when it is combined with,PK,BE0002638,Cytochrome P450 3A4,enzyme,substrate,inhibitor,inhibitor-substrate,Telotristat ethyl --[inhibitor]--> Cytochrome P450 3A4 --[substrate: metabolizes]--> Bepridil,PK_through_enzyme,high,True,"[{""key_entity_id"": ""BE0002638"", ""key_entity_name"": ""Cytochrome P450 3A4"", ""key_entity_type"": ""enzyme"", ""action_drug_a"": ""substrate"", ""action_drug_b"": ""inducer"", ""match_pattern"": ""inducer-substrate"", ""mechanism_chain"": ""Telotristat ethyl --[inducer]--> Cytochrome P450 3A4 --[substrate: metabolizes]--> Bepridil"", ""chain_type"": ""PK_through_enzyme"", ""confidence"": ""high""}, {""key_entity_id"": ""BE0002363"", ""key_entity_name"": ""Cytochrome P450 2D6"", ""key_entity_type"": ""enzyme"", ""action_drug_a"": ""substrate"", ""action_drug_b"": ""inhibitor"", ""match_pattern"": ""inhibitor-substrate"", ""mechanism_chain"": ""Telotristat ethyl --[inhibitor]--> Cytochrome P450 2D6 --[substrate: metabolizes]--> Bepridil"", ""chain_type"": ""PK_through_enzyme"", ""confidence"": ""high""}, {""key_entity_id"": ""BE0002363"", ""key_entity_name"": ""Cytochrome P450 2D6"", ""key_entity_type"": ""enzyme"", ""action_drug_a"": ""inhibitor"", ""action_drug_b"": ""inhibitor"", ""match_pattern"": ""inhibitor-inhibitor"", ""mechanism_chain"": ""Bepridil --[inhibitor]--> Cytochrome P450 2D6 <--[inhibitor]-- Telotristat ethyl"", ""chain_type"": ""PK_through_enzyme"", ""confidence"": ""high""}]"
DB01274,DB06701,The risk or severity of hypertension can be increased when is combined with,PD,,,,,,,,,,False,[]
DB01274,DB06712,may decrease the antihypertensive activities of,PD,,,,,,,,,,False,[]
DB01274,DB12877,The risk or severity of QTc prolongation can be increased when is combined with,PD,,,,,,,,,,False,[]
DB01274,DB13074,The risk or severity of QTc prolongation can be increased when is combined with,PD,,,,,,,,,,False,[]
DB01274,DB06708,The metabolism of can be decreased when combined with,PK,BE0002363,Cytochrome P450 2D6,enzyme,substrate,inhibitor,inhibitor-substrate,Lumefantrine --[inhibitor]--> Cytochrome P450 2D6 --[substrate: metabolizes]--> Arformoterol,PK_through_enzyme,high,True,[]
DB01274,DB01424,The risk or severity of hypertension can be increased when is combined with,PD,,,,,,,,,,False,[]
DB01274,DB06736,The risk or severity of hypertension can be increased when is combined with,PD,,,,,,,,,,False,[]
DB01274,DB08976,The risk or severity of hypertension can be increased when is combined with,PD,,,,,,,,,,False,[]
DB01274,DB08981,The risk or severity of hypertension can be increased when is combined with,PD,,,,,,,,,,False,[]
DB01274,DB01428,may decrease the excretion rate of which could result in a higher serum level,PK,,,,,,,,,,False,[]
DB01274,DB06228,may decrease the excretion rate of which could result in a higher serum level,PK,,,,,,,,,,False,[]
DB01274,DB06782,may decrease the excretion rate of which could result in a higher serum level,PK,,,,,,,,,,False,[]
DB01274,DB06813,may decrease the excretion rate of which could result in a higher serum level,PK,,,,,,,,,,False,[]
DB01274,DB11102,may decrease the excretion rate of which could result in a higher serum level,PK,,,,,,,,,,False,[]
DB01274,DB13952,may decrease the excretion rate of which could result in a higher serum level,PK,,,,,,,,,,False,[]
DB01274,DB09401,may increase the excretion rate of which could result in a lower serum level and potentially a reduction in efficacy,PK,,,,,,,,,,False,[]
DB01274,DB06016,The risk or severity of hypertension can be increased when is combined with,PD,,,,,,,,,,False,[]
DB01274,DB06144,The metabolism of can be decreased when combined with,PK,,,,,,,,,,False,[]
DB01274,DB09063,The metabolism of can be decreased when combined with,PK,BE0002793,Cytochrome P450 2C9,enzyme,substrate,inhibitor,inhibitor-substrate,Ceritinib --[inhibitor]--> Cytochrome P450 2C9 --[substrate: metabolizes]--> Arformoterol,PK_through_enzyme,high,True,[]
DB01274,DB13946,may increase the hypertensive activities of,PD,,,,,,,,,,False,[]
DB01274,DB11672,The metabolism of can be decreased when combined with,PK,BE0002793,Cytochrome P450 2C9,enzyme,substrate,inhibitor,inhibitor-substrate,Curcumin --[inhibitor]--> Cytochrome P450 2C9 --[substrate: metabolizes]--> Arformoterol,PK_through_enzyme,high,True,"[{""key_entity_id"": ""BE0002363"", ""key_entity_name"": ""Cytochrome P450 2D6"", ""key_entity_type"": ""enzyme"", ""action_drug_a"": ""substrate"", ""action_drug_b"": ""inhibitor"", ""match_pattern"": ""inhibitor-substrate"", ""mechanism_chain"": ""Curcumin --[inhibitor]--> Cytochrome P450 2D6 --[substrate: metabolizes]--> Arformoterol"", ""chain_type"": ""PK_through_enzyme"", ""confidence"": ""high""}]"
DB01393,DB01424,The metabolism of can be decreased when combined with,PK,BE0002887,Cytochrome P450 2C8,enzyme,inhibitor,substrate,inhibitor-substrate,Bezafibrate --[inhibitor]--> Cytochrome P450 2C8 --[substrate: metabolizes]--> Aminophenazone,PK_through_enzyme,high,True,[]
DB01393,DB13952,The metabolism of can be decreased when combined with,PK,BE0002887,Cytochrome P450 2C8,enzyme,inhibitor,substrate,inhibitor-substrate,Bezafibrate --[inhibitor]--> Cytochrome P450 2C8 --[substrate: metabolizes]--> Estradiol acetate,PK_through_enzyme,high,True,"[{""key_entity_id"": ""BE0002638"", ""key_entity_name"": ""Cytochrome P450 3A4"", ""key_entity_type"": ""enzyme"", ""action_drug_a"": ""substrate"", ""action_drug_b"": ""inducer"", ""match_pattern"": ""inducer-substrate"", ""mechanism_chain"": ""Estradiol acetate --[inducer]--> Cytochrome P450 3A4 --[substrate: metabolizes]--> Bezafibrate"", ""chain_type"": ""PK_through_enzyme"", ""confidence"": ""high""}, {""key_entity_id"": ""BE0003543"", ""key_entity_name"": ""Cytochrome P450 1A1"", ""key_entity_type"": ""enzyme"", ""action_drug_a"": ""inducer"", ""action_drug_b"": ""substrate"", ""match_pattern"": ""inducer-substrate"", ""mechanism_chain"": ""Bezafibrate --[inducer]--> Cytochrome P450 1A1 --[substrate: metabolizes]--> Estradiol acetate"", ""chain_type"": ""PK_through_enzyme"", ""confidence"": ""high""}]"
DB01393,DB06712,The metabolism of can be decreased when combined with,PK,BE0002887,Cytochrome P450 2C8,enzyme,inhibitor,inhibitor,inhibitor-inhibitor,Bezafibrate --[inhibitor]--> Cytochrome P450 2C8 <--[inhibitor]-- Nilvadipine,PK_through_enzyme,high,True,"[{""key_entity_id"": ""BE0002638"", ""key_entity_name"": ""Cytochrome P450 3A4"", ""key_entity_type"": ""enzyme"", ""action_drug_a"": ""substrate"", ""action_drug_b"": ""inhibitor"", ""match_pattern"": ""inhibitor-substrate"", ""mechanism_chain"": ""Nilvadipine --[inhibitor]--> Cytochrome P450 3A4 --[substrate: metabolizes]--> Bezafibrate"", ""chain_type"": ""PK_through_enzyme"", ""confidence"": ""high""}]"
DB01393,DB11672,The metabolism of can be decreased when combined with,PK,BE0002638,Cytochrome P450 3A4,enzyme,substrate,inhibitor,inhibitor-substrate,Curcumin --[inhibitor]--> Cytochrome P450 3A4 --[substrate: metabolizes]--> Bezafibrate,PK_through_enzyme,high,True,[]
DB01393,DB12095,The serum concentration of can be decreased when it is combined with,PK,BE0002887,Cytochrome P450 2C8,enzyme,inhibitor,inhibitor,inhibitor-inhibitor,Bezafibrate --[inhibitor]--> Cytochrome P450 2C8 <--[inhibitor]-- Telotristat ethyl,PK_through_enzyme,high,True,"[{""key_entity_id"": ""BE0002638"", ""key_entity_name"": ""Cytochrome P450 3A4"", ""key_entity_type"": ""enzyme"", ""action_drug_a"": ""substrate"", ""action_drug_b"": ""inhibitor"", ""match_pattern"": ""inhibitor-substrate"", ""mechanism_chain"": ""Telotristat ethyl --[inhibitor]--> Cytochrome P450 3A4 --[substrate: metabolizes]--> Bezafibrate"", ""chain_type"": ""PK_through_enzyme"", ""confidence"": ""high""}, {""key_entity_id"": ""BE0002638"", ""key_entity_name"": ""Cytochrome P450 3A4"", ""key_entity_type"": ""enzyme"", ""action_drug_a"": ""substrate"", ""action_drug_b"": ""inducer"", ""match_pattern"": ""inducer-substrate"", ""mechanism_chain"": ""Telotristat ethyl --[inducer]--> Cytochrome P450 3A4 --[substrate: metabolizes]--> Bezafibrate"", ""chain_type"": ""PK_through_enzyme"", ""confidence"": ""high""}]"
DB01393,DB11682,The metabolism of can be decreased when combined with,PK,BE0002887,Cytochrome P450 2C8,enzyme,inhibitor,substrate,inhibitor-substrate,Bezafibrate --[inhibitor]--> Cytochrome P450 2C8 --[substrate: metabolizes]--> Daprodustat,PK_through_enzyme,high,True,"[{""key_entity_id"": ""BE0002887"", ""key_entity_name"": ""Cytochrome P450 2C8"", ""key_entity_type"": ""enzyme"", ""action_drug_a"": ""inhibitor"", ""action_drug_b"": ""inhibitor"", ""match_pattern"": ""inhibitor-inhibitor"", ""mechanism_chain"": ""Bezafibrate --[inhibitor]--> Cytochrome P450 2C8 <--[inhibitor]-- Daprodustat"", ""chain_type"": ""PK_through_enzyme"", ""confidence"": ""high""}]"
DB01424,DB06701,The risk or severity of hypertension can be increased when is combined with,PD,,,,,,,,,,False,[]
DB01424,DB06016,The risk or severity of hypertension can be increased when is combined with,PD,,,,,,,,,,False,[]
DB01424,DB06813,may decrease the excretion rate of which could result in a higher serum level,PK,,,,,,,,,,False,[]
DB01424,DB06708,The metabolism of can be decreased when combined with,PK,BE0002363,Cytochrome P450 2D6,enzyme,substrate,inhibitor,inhibitor-substrate,Lumefantrine --[inhibitor]--> Cytochrome P450 2D6 --[substrate: metabolizes]--> Aminophenazone,PK_through_enzyme,high,True,[]
DB01424,DB09091,The risk or severity of gastrointestinal irritation can be increased when is combined with,PD,,,,,,,,,,False,[]
DB01424,DB14539,The risk or severity of gastrointestinal irritation can be increased when is combined with,PD,,,,,,,,,,False,[]
DB01424,DB06712,The metabolism of can be decreased when combined with,PK,BE0002887,Cytochrome P450 2C8,enzyme,substrate,inhibitor,inhibitor-substrate,Nilvadipine --[inhibitor]--> Cytochrome P450 2C8 --[substrate: metabolizes]--> Aminophenazone,PK_through_enzyme,high,True,"[{""key_entity_id"": ""BE0002638"", ""key_entity_name"": ""Cytochrome P450 3A4"", ""key_entity_type"": ""enzyme"", ""action_drug_a"": ""substrate"", ""action_drug_b"": ""inhibitor"", ""match_pattern"": ""inhibitor-substrate"", ""mechanism_chain"": ""Nilvadipine --[inhibitor]--> Cytochrome P450 3A4 --[substrate: metabolizes]--> Aminophenazone"", ""chain_type"": ""PK_through_enzyme"", ""confidence"": ""high""}, {""key_entity_id"": ""BE0003536"", ""key_entity_name"": ""Cytochrome P450 2C19"", ""key_entity_type"": ""enzyme"", ""action_drug_a"": ""substrate"", ""action_drug_b"": ""inhibitor"", ""match_pattern"": ""inhibitor-substrate"", ""mechanism_chain"": ""Nilvadipine --[inhibitor]--> Cytochrome P450 2C19 --[substrate: metabolizes]--> Aminophenazone"", ""chain_type"": ""PK_through_enzyme"", ""confidence"": ""high""}]"
DB01424,DB06736,The risk or severity of adverse effects can be increased when is combined with,PD,,,,,,,,,,False,[]
DB01424,DB08976,The risk or severity of adverse effects can be increased when is combined with,PD,,,,,,,,,,False,[]
DB01424,DB08981,The risk or severity of adverse effects can be increased when is combined with,PD,,,,,,,,,,False,[]
DB01424,DB01428,may decrease the excretion rate of which could result in a higher serum level,PK,,,,,,,,,,False,[]
DB01424,DB06782,may decrease the excretion rate of which could result in a higher serum level,PK,,,,,,,,,,False,[]
DB01424,DB11102,may decrease the excretion rate of which could result in a higher serum level,PK,,,,,,,,,,False,[]
DB01424,DB13952,The metabolism of can be decreased when combined with,PK,BE0002433,Cytochrome P450 1A2,enzyme,substrate,inhibitor,inhibitor-substrate,Estradiol acetate --[inhibitor]--> Cytochrome P450 1A2 --[substrate: metabolizes]--> Aminophenazone,PK_through_enzyme,high,True,"[{""key_entity_id"": ""BE0002638"", ""key_entity_name"": ""Cytochrome P450 3A4"", ""key_entity_type"": ""enzyme"", ""action_drug_a"": ""substrate"", ""action_drug_b"": ""inducer"", ""match_pattern"": ""inducer-substrate"", ""mechanism_chain"": ""Estradiol acetate --[inducer]--> Cytochrome P450 3A4 --[substrate: metabolizes]--> Aminophenazone"", ""chain_type"": ""PK_through_enzyme"", ""confidence"": ""high""}]"
DB01424,DB06144,The metabolism of can be decreased when combined with,PK,,,,,,,,,,False,[]
DB01424,DB11791,The metabolism of can be decreased when combined with,PK,BE0002433,Cytochrome P450 1A2,enzyme,substrate,inhibitor,inhibitor-substrate,Capmatinib --[inhibitor]--> Cytochrome P450 1A2 --[substrate: metabolizes]--> Aminophenazone,PK_through_enzyme,high,True,[]
DB01424,DB09063,The metabolism of can be decreased when combined with,PK,BE0002793,Cytochrome P450 2C9,enzyme,substrate,inhibitor,inhibitor-substrate,Ceritinib --[inhibitor]--> Cytochrome P450 2C9 --[substrate: metabolizes]--> Aminophenazone,PK_through_enzyme,high,True,"[{""key_entity_id"": ""BE0002638"", ""key_entity_name"": ""Cytochrome P450 3A4"", ""key_entity_type"": ""enzyme"", ""action_drug_a"": ""substrate"", ""action_drug_b"": ""inhibitor"", ""match_pattern"": ""inhibitor-substrate"", ""mechanism_chain"": ""Ceritinib --[inhibitor]--> Cytochrome P450 3A4 --[substrate: metabolizes]--> Aminophenazone"", ""chain_type"": ""PK_through_enzyme"", ""confidence"": ""high""}]"
DB01424,DB13074,The therapeutic efficacy of can be decreased when used in combination with,PD,,,,,,,,,,False,[]
DB01424,DB13946,may increase the hypertensive activities of,PD,,,,,,,,,,False,[]
DB01424,DB11672,The metabolism of can be decreased when combined with,PK,BE0002793,Cytochrome P450 2C9,enzyme,substrate,inhibitor,inhibitor-substrate,Curcumin --[inhibitor]--> Cytochrome P450 2C9 --[substrate: metabolizes]--> Aminophenazone,PK_through_enzyme,high,True,"[{""key_entity_id"": ""BE0002638"", ""key_entity_name"": ""Cytochrome P450 3A4"", ""key_entity_type"": ""enzyme"", ""action_drug_a"": ""substrate"", ""action_drug_b"": ""inhibitor"", ""match_pattern"": ""inhibitor-substrate"", ""mechanism_chain"": ""Curcumin --[inhibitor]--> Cytochrome P450 3A4 --[substrate: metabolizes]--> Aminophenazone"", ""chain_type"": ""PK_through_enzyme"", ""confidence"": ""high""}, {""key_entity_id"": ""BE0002433"", ""key_entity_name"": ""Cytochrome P450 1A2"", ""key_entity_type"": ""enzyme"", ""action_drug_a"": ""substrate"", ""action_drug_b"": ""inhibitor"", ""match_pattern"": ""inhibitor-substrate"", ""mechanism_chain"": ""Curcumin --[inhibitor]--> Cytochrome P450 1A2 --[substrate: metabolizes]--> Aminophenazone"", ""chain_type"": ""PK_through_enzyme"", ""confidence"": ""high""}, {""key_entity_id"": ""BE0002363"", ""key_entity_name"": ""Cytochrome P450 2D6"", ""key_entity_type"": ""enzyme"", ""action_drug_a"": ""substrate"", ""action_drug_b"": ""inhibitor"", ""match_pattern"": ""inhibitor-substrate"", ""mechanism_chain"": ""Curcumin --[inhibitor]--> Cytochrome P450 2D6 --[substrate: metabolizes]--> Aminophenazone"", ""chain_type"": ""PK_through_enzyme"", ""confidence"": ""high""}]"
DB01424,DB11201,The risk or severity of adverse effects can be increased when is combined with,PD,,,,,,,,,,False,[]
DB01424,DB12095,The serum concentration of can be decreased when it is combined with,PK,BE0002363,Cytochrome P450 2D6,enzyme,substrate,inhibitor,inhibitor-substrate,Telotristat ethyl --[inhibitor]--> Cytochrome P450 2D6 --[substrate: metabolizes]--> Aminophenazone,PK_through_enzyme,high,True,"[{""key_entity_id"": ""BE0003536"", ""key_entity_name"": ""Cytochrome P450 2C19"", ""key_entity_type"": ""enzyme"", ""action_drug_a"": ""substrate"", ""action_drug_b"": ""inhibitor"", ""match_pattern"": ""inhibitor-substrate"", ""mechanism_chain"": ""Telotristat ethyl --[inhibitor]--> Cytochrome P450 2C19 --[substrate: metabolizes]--> Aminophenazone"", ""chain_type"": ""PK_through_enzyme"", ""confidence"": ""high""}, {""key_entity_id"": ""BE0002887"", ""key_entity_name"": ""Cytochrome P450 2C8"", ""key_entity_type"": ""enzyme"", ""action_drug_a"": ""substrate"", ""action_drug_b"": ""inhibitor"", ""match_pattern"": ""inhibitor-substrate"", ""mechanism_chain"": ""Telotristat ethyl --[inhibitor]--> Cytochrome P450 2C8 --[substrate: metabolizes]--> Aminophenazone"", ""chain_type"": ""PK_through_enzyme"", ""confidence"": ""high""}, {""key_entity_id"": ""BE0002793"", ""key_entity_name"": ""Cytochrome P450 2C9"", ""key_entity_type"": ""enzyme"", ""action_drug_a"": ""substrate"", ""action_drug_b"": ""inhibitor"", ""match_pattern"": ""inhibitor-substrate"", ""mechanism_chain"": ""Telotristat ethyl --[inhibitor]--> Cytochrome P450 2C9 --[substrate: metabolizes]--> Aminophenazone"", ""chain_type"": ""PK_through_enzyme"", ""confidence"": ""high""}, {""key_entity_id"": ""BE0002638"", ""key_entity_name"": ""Cytochrome P450 3A4"", ""key_entity_type"": ""enzyme"", ""action_drug_a"": ""substrate"", ""action_drug_b"": ""inhibitor"", ""match_pattern"": ""inhibitor-substrate"", ""mechanism_chain"": ""Telotristat ethyl --[inhibitor]--> Cytochrome P450 3A4 --[substrate: metabolizes]--> Aminophenazone"", ""chain_type"": ""PK_through_enzyme"", ""confidence"": ""high""}, {""key_entity_id"": ""BE0002638"", ""key_entity_name"": ""Cytochrome P450 3A4"", ""key_entity_type"": ""enzyme"", ""action_drug_a"": ""substrate"", ""action_drug_b"": ""inducer"", ""match_pattern"": ""inducer-substrate"", ""mechanism_chain"": ""Telotristat ethyl --[inducer]--> Cytochrome P450 3A4 --[substrate: metabolizes]--> Aminophenazone"", ""chain_type"": ""PK_through_enzyme"", ""confidence"": ""high""}]"
DB01424,DB11682,The metabolism of can be decreased when combined with,PK,BE0002887,Cytochrome P450 2C8,enzyme,substrate,inhibitor,inhibitor-substrate,Daprodustat --[inhibitor]--> Cytochrome P450 2C8 --[substrate: metabolizes]--> Aminophenazone,PK_through_enzyme,high,True,[]
DB01428,DB06736,may decrease the excretion rate of which could result in a higher serum level,PK,,,,,,,,,,False,[]
DB01428,DB08976,may decrease the excretion rate of which could result in a higher serum level,PK,,,,,,,,,,False,[]
DB01428,DB08981,may decrease the excretion rate of which could result in a higher serum level,PK,,,,,,,,,,False,[]
DB01428,DB06228,may decrease the excretion rate of which could result in a higher serum level,PK,,,,,,,,,,False,[]
DB01428,DB06782,may decrease the excretion rate of which could result in a higher serum level,PK,,,,,,,,,,False,[]
DB01428,DB06813,may decrease the excretion rate of which could result in a higher serum level,PK,,,,,,,,,,False,[]
DB01428,DB09091,may decrease the excretion rate of which could result in a higher serum level,PK,,,,,,,,,,False,[]
DB01428,DB11102,may decrease the excretion rate of which could result in a higher serum level,PK,,,,,,,,,,False,[]
DB01428,DB13946,may decrease the excretion rate of which could result in a higher serum level,PK,,,,,,,,,,False,[]
DB01428,DB13952,may decrease the excretion rate of which could result in a higher serum level,PK,,,,,,,,,,False,[]
DB01428,DB09401,may increase the excretion rate of which could result in a lower serum level and potentially a reduction in efficacy,PK,,,,,,,,,,False,[]
DB01616,DB06016,The risk or severity of CNS depression can be increased when is combined with,PD,BE0000291,5-hydroxytryptamine receptor 1A,target,antagonist,partial agonist,antagonist-partial agonist,Alverine --[antagonist]--> 5-hydroxytryptamine receptor 1A <--[partial agonist]-- Cariprazine,PD_convergent_target,high,True,[]
DB01616,DB06144,The risk or severity of CNS depression can be increased when is combined with,PD,,,,,,,,,,False,[]
DB01616,DB06701,The risk or severity of CNS depression can be increased when is combined with,PD,,,,,,,,,,False,[]
DB01616,DB06797,The risk or severity of CNS depression can be increased when is combined with,PD,,,,,,,,,,False,[]
DB01616,DB11609,The risk or severity of CNS depression can be increased when is combined with,PD,,,,,,,,,,False,[]
DB01616,DB13213,The risk or severity of CNS depression can be increased when is combined with,PD,,,,,,,,,,False,[]
DB01616,DB09009,The risk or severity of CNS depression can be increased when is combined with,PD,,,,,,,,,,False,[]
DB05239,DB06712,The metabolism of can be decreased when combined with,PK,BE0002638,Cytochrome P450 3A4,enzyme,substrate,inhibitor,inhibitor-substrate,Nilvadipine --[inhibitor]--> Cytochrome P450 3A4 --[substrate: metabolizes]--> Cobimetinib,PK_through_enzyme,high,True,"[{""key_entity_id"": ""BE0002638"", ""key_entity_name"": ""Cytochrome P450 3A4"", ""key_entity_type"": ""enzyme"", ""action_drug_a"": ""inhibitor"", ""action_drug_b"": ""substrate"", ""match_pattern"": ""inhibitor-substrate"", ""mechanism_chain"": ""Cobimetinib --[inhibitor]--> Cytochrome P450 3A4 --[substrate: metabolizes]--> Nilvadipine"", ""chain_type"": ""PK_through_enzyme"", ""confidence"": ""high""}, {""key_entity_id"": ""BE0002638"", ""key_entity_name"": ""Cytochrome P450 3A4"", ""key_entity_type"": ""enzyme"", ""action_drug_a"": ""inhibitor"", ""action_drug_b"": ""inhibitor"", ""match_pattern"": ""inhibitor-inhibitor"", ""mechanism_chain"": ""Cobimetinib --[inhibitor]--> Cytochrome P450 3A4 <--[inhibitor]-- Nilvadipine"", ""chain_type"": ""PK_through_enzyme"", ""confidence"": ""high""}]"
DB05239,DB14539,The metabolism of can be increased when combined with,PK,BE0002638,Cytochrome P450 3A4,enzyme,substrate,inducer,inducer-substrate,Hydrocortisone acetate --[inducer]--> Cytochrome P450 3A4 --[substrate: metabolizes]--> Cobimetinib,PK_through_enzyme,high,True,"[{""key_entity_id"": ""BE0002638"", ""key_entity_name"": ""Cytochrome P450 3A4"", ""key_entity_type"": ""enzyme"", ""action_drug_a"": ""inhibitor"", ""action_drug_b"": ""substrate"", ""match_pattern"": ""inhibitor-substrate"", ""mechanism_chain"": ""Cobimetinib --[inhibitor]--> Cytochrome P450 3A4 --[substrate: metabolizes]--> Hydrocortisone acetate"", ""chain_type"": ""PK_through_enzyme"", ""confidence"": ""high""}]"
DB05239,DB13952,The metabolism of can be increased when combined with,PK,BE0002638,Cytochrome P450 3A4,enzyme,substrate,inducer,inducer-substrate,Estradiol acetate --[inducer]--> Cytochrome P450 3A4 --[substrate: metabolizes]--> Cobimetinib,PK_through_enzyme,high,True,"[{""key_entity_id"": ""BE0002638"", ""key_entity_name"": ""Cytochrome P450 3A4"", ""key_entity_type"": ""enzyme"", ""action_drug_a"": ""inhibitor"", ""action_drug_b"": ""substrate"", ""match_pattern"": ""inhibitor-substrate"", ""mechanism_chain"": ""Cobimetinib --[inhibitor]--> Cytochrome P450 3A4 --[substrate: metabolizes]--> Estradiol acetate"", ""chain_type"": ""PK_through_enzyme"", ""confidence"": ""high""}]"
DB05239,DB09063,The metabolism of can be decreased when combined with,PK,BE0002638,Cytochrome P450 3A4,enzyme,substrate,inhibitor,inhibitor-substrate,Ceritinib --[inhibitor]--> Cytochrome P450 3A4 --[substrate: metabolizes]--> Cobimetinib,PK_through_enzyme,high,True,"[{""key_entity_id"": ""BE0002638"", ""key_entity_name"": ""Cytochrome P450 3A4"", ""key_entity_type"": ""enzyme"", ""action_drug_a"": ""inhibitor"", ""action_drug_b"": ""substrate"", ""match_pattern"": ""inhibitor-substrate"", ""mechanism_chain"": ""Cobimetinib --[inhibitor]--> Cytochrome P450 3A4 --[substrate: metabolizes]--> Ceritinib"", ""chain_type"": ""PK_through_enzyme"", ""confidence"": ""high""}, {""key_entity_id"": ""BE0002638"", ""key_entity_name"": ""Cytochrome P450 3A4"", ""key_entity_type"": ""enzyme"", ""action_drug_a"": ""inhibitor"", ""action_drug_b"": ""inhibitor"", ""match_pattern"": ""inhibitor-inhibitor"", ""mechanism_chain"": ""Cobimetinib --[inhibitor]--> Cytochrome P450 3A4 <--[inhibitor]-- Ceritinib"", ""chain_type"": ""PK_through_enzyme"", ""confidence"": ""high""}]"
DB05239,DB06791,The metabolism of can be decreased when combined with,PK,BE0002638,Cytochrome P450 3A4,enzyme,substrate,inhibitor,inhibitor-substrate,Lanreotide --[inhibitor]--> Cytochrome P450 3A4 --[substrate: metabolizes]--> Cobimetinib,PK_through_enzyme,high,True,"[{""key_entity_id"": ""BE0002638"", ""key_entity_name"": ""Cytochrome P450 3A4"", ""key_entity_type"": ""enzyme"", ""action_drug_a"": ""inhibitor"", ""action_drug_b"": ""inhibitor"", ""match_pattern"": ""inhibitor-inhibitor"", ""mechanism_chain"": ""Cobimetinib --[inhibitor]--> Cytochrome P450 3A4 <--[inhibitor]-- Lanreotide"", ""chain_type"": ""PK_through_enzyme"", ""confidence"": ""high""}]"
DB05239,DB11703,The metabolism of can be decreased when combined with,PK,BE0002638,Cytochrome P450 3A4,enzyme,substrate,inhibitor,inhibitor-substrate,Acalabrutinib --[inhibitor]--> Cytochrome P450 3A4 --[substrate: metabolizes]--> Cobimetinib,PK_through_enzyme,high,True,"[{""key_entity_id"": ""BE0002638"", ""key_entity_name"": ""Cytochrome P450 3A4"", ""key_entity_type"": ""enzyme"", ""action_drug_a"": ""inhibitor"", ""action_drug_b"": ""substrate"", ""match_pattern"": ""inhibitor-substrate"", ""mechanism_chain"": ""Cobimetinib --[inhibitor]--> Cytochrome P450 3A4 --[substrate: metabolizes]--> Acalabrutinib"", ""chain_type"": ""PK_through_enzyme"", ""confidence"": ""high""}, {""key_entity_id"": ""BE0002638"", ""key_entity_name"": ""Cytochrome P450 3A4"", ""key_entity_type"": ""enzyme"", ""action_drug_a"": ""inhibitor"", ""action_drug_b"": ""inhibitor"", ""match_pattern"": ""inhibitor-inhibitor"", ""mechanism_chain"": ""Cobimetinib --[inhibitor]--> Cytochrome P450 3A4 <--[inhibitor]-- Acalabrutinib"", ""chain_type"": ""PK_through_enzyme"", ""confidence"": ""high""}]"
DB05239,DB09143,The metabolism of can be decreased when combined with,PK,BE0002638,Cytochrome P450 3A4,enzyme,inhibitor,substrate,inhibitor-substrate,Cobimetinib --[inhibitor]--> Cytochrome P450 3A4 --[substrate: metabolizes]--> Sonidegib,PK_through_enzyme,high,True,[]
DB05239,DB06228,The serum concentration of can be increased when it is combined with,PK,BE0002638,Cytochrome P450 3A4,enzyme,inhibitor,substrate,inhibitor-substrate,Cobimetinib --[inhibitor]--> Cytochrome P450 3A4 --[substrate: metabolizes]--> Rivaroxaban,PK_through_enzyme,high,True,[]
DB05239,DB11791,The serum concentration of can be increased when it is combined with,PK,BE0002638,Cytochrome P450 3A4,enzyme,inhibitor,substrate,inhibitor-substrate,Cobimetinib --[inhibitor]--> Cytochrome P450 3A4 --[substrate: metabolizes]--> Capmatinib,PK_through_enzyme,high,True,[]
DB05239,DB11672,The serum concentration of can be increased when it is combined with,PK,BE0002638,Cytochrome P450 3A4,enzyme,substrate,inhibitor,inhibitor-substrate,Curcumin --[inhibitor]--> Cytochrome P450 3A4 --[substrate: metabolizes]--> Cobimetinib,PK_through_enzyme,high,True,"[{""key_entity_id"": ""BE0002638"", ""key_entity_name"": ""Cytochrome P450 3A4"", ""key_entity_type"": ""enzyme"", ""action_drug_a"": ""inhibitor"", ""action_drug_b"": ""inhibitor"", ""match_pattern"": ""inhibitor-inhibitor"", ""mechanism_chain"": ""Cobimetinib --[inhibitor]--> Cytochrome P450 3A4 <--[inhibitor]-- Curcumin"", ""chain_type"": ""PK_through_enzyme"", ""confidence"": ""high""}, {""key_entity_id"": ""BE0002363"", ""key_entity_name"": ""Cytochrome P450 2D6"", ""key_entity_type"": ""enzyme"", ""action_drug_a"": ""inhibitor"", ""action_drug_b"": ""inhibitor"", ""match_pattern"": ""inhibitor-inhibitor"", ""mechanism_chain"": ""Cobimetinib --[inhibitor]--> Cytochrome P450 2D6 <--[inhibitor]-- Curcumin"", ""chain_type"": ""PK_through_enzyme"", ""confidence"": ""high""}]"
DB05239,DB12095,The serum concentration of can be decreased when it is combined with,PK,BE0002638,Cytochrome P450 3A4,enzyme,substrate,inhibitor,inhibitor-substrate,Telotristat ethyl --[inhibitor]--> Cytochrome P450 3A4 --[substrate: metabolizes]--> Cobimetinib,PK_through_enzyme,high,True,"[{""key_entity_id"": ""BE0002638"", ""key_entity_name"": ""Cytochrome P450 3A4"", ""key_entity_type"": ""enzyme"", ""action_drug_a"": ""substrate"", ""action_drug_b"": ""inducer"", ""match_pattern"": ""inducer-substrate"", ""mechanism_chain"": ""Telotristat ethyl --[inducer]--> Cytochrome P450 3A4 --[substrate: metabolizes]--> Cobimetinib"", ""chain_type"": ""PK_through_enzyme"", ""confidence"": ""high""}, {""key_entity_id"": ""BE0002638"", ""key_entity_name"": ""Cytochrome P450 3A4"", ""key_entity_type"": ""enzyme"", ""action_drug_a"": ""inhibitor"", ""action_drug_b"": ""inhibitor"", ""match_pattern"": ""inhibitor-inhibitor"", ""mechanism_chain"": ""Cobimetinib --[inhibitor]--> Cytochrome P450 3A4 <--[inhibitor]-- Telotristat ethyl"", ""chain_type"": ""PK_through_enzyme"", ""confidence"": ""high""}, {""key_entity_id"": ""BE0003679"", ""key_entity_name"": ""UDP-glucuronosyltransferase 2B7"", ""key_entity_type"": ""enzyme"", ""action_drug_a"": ""substrate"", ""action_drug_b"": ""inducer"", ""match_pattern"": ""inducer-substrate"", ""mechanism_chain"": ""Telotristat ethyl --[inducer]--> UDP-glucuronosyltransferase 2B7 --[substrate: metabolizes]--> Cobimetinib"", ""chain_type"": ""PK_through_enzyme"", ""confidence"": ""high""}, {""key_entity_id"": ""BE0002363"", ""key_entity_name"": ""Cytochrome P450 2D6"", ""key_entity_type"": ""enzyme"", ""action_drug_a"": ""inhibitor"", ""action_drug_b"": ""inhibitor"", ""match_pattern"": ""inhibitor-inhibitor"", ""mechanism_chain"": ""Cobimetinib --[inhibitor]--> Cytochrome P450 2D6 <--[inhibitor]-- Telotristat ethyl"", ""chain_type"": ""PK_through_enzyme"", ""confidence"": ""high""}]"
DB05239,DB15149,The serum concentration of can be increased when it is combined with,PK,BE0002638,Cytochrome P450 3A4,enzyme,inhibitor,substrate,inhibitor-substrate,Cobimetinib --[inhibitor]--> Cytochrome P450 3A4 --[substrate: metabolizes]--> Futibatinib,PK_through_enzyme,high,True,"[{""key_entity_id"": ""BE0002363"", ""key_entity_name"": ""Cytochrome P450 2D6"", ""key_entity_type"": ""enzyme"", ""action_drug_a"": ""inhibitor"", ""action_drug_b"": ""substrate"", ""match_pattern"": ""inhibitor-substrate"", ""mechanism_chain"": ""Cobimetinib --[inhibitor]--> Cytochrome P450 2D6 --[substrate: metabolizes]--> Futibatinib"", ""chain_type"": ""PK_through_enzyme"", ""confidence"": ""high""}]"
DB05239,DB09009,The risk or severity of methemoglobinemia can be increased when is combined with,PD,,,,,,,,,,False,[]
DB06016,DB06736,The risk or severity of hypertension can be increased when is combined with,PD,,,,,,,,,,False,[]
DB06016,DB08976,The risk or severity of hypertension can be increased when is combined with,PD,,,,,,,,,,False,[]
DB06016,DB08981,The risk or severity of hypertension can be increased when is combined with,PD,,,,,,,,,,False,[]
DB06016,DB06701,The risk or severity of adverse effects can be increased when is combined with,PD,,,,,,,,,,False,[]
DB06016,DB06797,The risk or severity of CNS depression can be increased when is combined with,PD,,,,,,,,,,False,[]
DB06016,DB11609,The risk or severity of CNS depression can be increased when is combined with,PD,,,,,,,,,,False,[]
DB06016,DB13213,The risk or severity of CNS depression can be increased when is combined with,PD,,,,,,,,,,False,[]
DB06016,DB09009,The risk or severity of CNS depression can be increased when is combined with,PD,,,,,,,,,,False,[]
DB06016,DB06144,The risk or severity of CNS depression can be increased when is combined with,PD,BE0000451,5-hydroxytryptamine receptor 2A,target,antagonist,antagonist,antagonist-antagonist,Cariprazine --[antagonist]--> 5-hydroxytryptamine receptor 2A <--[antagonist]-- Sertindole,PD_convergent_target,high,True,"[{""key_entity_id"": ""BE0000756"", ""key_entity_name"": ""D(2) dopamine receptor"", ""key_entity_type"": ""target"", ""action_drug_a"": ""partial agonist"", ""action_drug_b"": ""antagonist"", ""match_pattern"": ""partial agonist-antagonist"", ""mechanism_chain"": ""Cariprazine --[partial agonist]--> D(2) dopamine receptor <--[antagonist]-- Sertindole"", ""chain_type"": ""PD_convergent_target"", ""confidence"": ""high""}, {""key_entity_id"": ""BE0000533"", ""key_entity_name"": ""5-hydroxytryptamine receptor 2C"", ""key_entity_type"": ""target"", ""action_drug_a"": ""antagonist"", ""action_drug_b"": ""antagonist"", ""match_pattern"": ""antagonist-antagonist"", ""mechanism_chain"": ""Cariprazine --[antagonist]--> 5-hydroxytryptamine receptor 2C <--[antagonist]-- Sertindole"", ""chain_type"": ""PD_convergent_target"", ""confidence"": ""high""}]"
DB06016,DB13946,may increase the hypertensive activities of,PD,,,,,,,,,,False,[]
DB06016,DB06712,The metabolism of can be decreased when combined with,PK,BE0002638,Cytochrome P450 3A4,enzyme,substrate,inhibitor,inhibitor-substrate,Nilvadipine --[inhibitor]--> Cytochrome P450 3A4 --[substrate: metabolizes]--> Cariprazine,PK_through_enzyme,high,True,"[{""key_entity_id"": ""BE0002638"", ""key_entity_name"": ""Cytochrome P450 3A4"", ""key_entity_type"": ""enzyme"", ""action_drug_a"": ""inhibitor"", ""action_drug_b"": ""substrate"", ""match_pattern"": ""inhibitor-substrate"", ""mechanism_chain"": ""Cariprazine --[inhibitor]--> Cytochrome P450 3A4 --[substrate: metabolizes]--> Nilvadipine"", ""chain_type"": ""PK_through_enzyme"", ""confidence"": ""high""}, {""key_entity_id"": ""BE0002638"", ""key_entity_name"": ""Cytochrome P450 3A4"", ""key_entity_type"": ""enzyme"", ""action_drug_a"": ""inhibitor"", ""action_drug_b"": ""inhibitor"", ""match_pattern"": ""inhibitor-inhibitor"", ""mechanism_chain"": ""Cariprazine --[inhibitor]--> Cytochrome P450 3A4 <--[inhibitor]-- Nilvadipine"", ""chain_type"": ""PK_through_enzyme"", ""confidence"": ""high""}, {""key_entity_id"": ""BE0002638"", ""key_entity_name"": ""Cytochrome P450 3A4"", ""key_entity_type"": ""enzyme"", ""action_drug_a"": ""inducer"", ""action_drug_b"": ""substrate"", ""match_pattern"": ""inducer-substrate"", ""mechanism_chain"": ""Cariprazine --[inducer]--> Cytochrome P450 3A4 --[substrate: metabolizes]--> Nilvadipine"", ""chain_type"": ""PK_through_enzyme"", ""confidence"": ""high""}, {""key_entity_id"": ""BE0003533"", ""key_entity_name"": ""Cytochrome P450 2E1"", ""key_entity_type"": ""enzyme"", ""action_drug_a"": ""inhibitor"", ""action_drug_b"": ""substrate"", ""match_pattern"": ""inhibitor-substrate"", ""mechanism_chain"": ""Cariprazine --[inhibitor]--> Cytochrome P450 2E1 --[substrate: metabolizes]--> Nilvadipine"", ""chain_type"": ""PK_through_enzyme"", ""confidence"": ""high""}, {""key_entity_id"": ""BE0003536"", ""key_entity_name"": ""Cytochrome P450 2C19"", ""key_entity_type"": ""enzyme"", ""action_drug_a"": ""inhibitor"", ""action_drug_b"": ""inhibitor"", ""match_pattern"": ""inhibitor-inhibitor"", ""mechanism_chain"": ""Cariprazine --[inhibitor]--> Cytochrome P450 2C19 <--[inhibitor]-- Nilvadipine"", ""chain_type"": ""PK_through_enzyme"", ""confidence"": ""high""}]"
DB06016,DB11672,The metabolism of can be decreased when combined with,PK,BE0002793,Cytochrome P450 2C9,enzyme,inhibitor,inhibitor,inhibitor-inhibitor,Cariprazine --[inhibitor]--> Cytochrome P450 2C9 <--[inhibitor]-- Curcumin,PK_through_enzyme,high,True,"[{""key_entity_id"": ""BE0002638"", ""key_entity_name"": ""Cytochrome P450 3A4"", ""key_entity_type"": ""enzyme"", ""action_drug_a"": ""substrate"", ""action_drug_b"": ""inhibitor"", ""match_pattern"": ""inhibitor-substrate"", ""mechanism_chain"": ""Curcumin --[inhibitor]--> Cytochrome P450 3A4 --[substrate: metabolizes]--> Cariprazine"", ""chain_type"": ""PK_through_enzyme"", ""confidence"": ""high""}, {""key_entity_id"": ""BE0002638"", ""key_entity_name"": ""Cytochrome P450 3A4"", ""key_entity_type"": ""enzyme"", ""action_drug_a"": ""inhibitor"", ""action_drug_b"": ""inhibitor"", ""match_pattern"": ""inhibitor-inhibitor"", ""mechanism_chain"": ""Cariprazine --[inhibitor]--> Cytochrome P450 3A4 <--[inhibitor]-- Curcumin"", ""chain_type"": ""PK_through_enzyme"", ""confidence"": ""high""}, {""key_entity_id"": ""BE0002433"", ""key_entity_name"": ""Cytochrome P450 1A2"", ""key_entity_type"": ""enzyme"", ""action_drug_a"": ""inhibitor"", ""action_drug_b"": ""inhibitor"", ""match_pattern"": ""inhibitor-inhibitor"", ""mechanism_chain"": ""Cariprazine --[inhibitor]--> Cytochrome P450 1A2 <--[inhibitor]-- Curcumin"", ""chain_type"": ""PK_through_enzyme"", ""confidence"": ""high""}, {""key_entity_id"": ""BE0002363"", ""key_entity_name"": ""Cytochrome P450 2D6"", ""key_entity_type"": ""enzyme"", ""action_drug_a"": ""substrate"", ""action_drug_b"": ""inhibitor"", ""match_pattern"": ""inhibitor-substrate"", ""mechanism_chain"": ""Curcumin --[inhibitor]--> Cytochrome P450 2D6 --[substrate: metabolizes]--> Cariprazine"", ""chain_type"": ""PK_through_enzyme"", ""confidence"": ""high""}, {""key_entity_id"": ""BE0002363"", ""key_entity_name"": ""Cytochrome P450 2D6"", ""key_entity_type"": ""enzyme"", ""action_drug_a"": ""inhibitor"", ""action_drug_b"": ""inhibitor"", ""match_pattern"": ""inhibitor-inhibitor"", ""mechanism_chain"": ""Cariprazine --[inhibitor]--> Cytochrome P450 2D6 <--[inhibitor]-- Curcumin"", ""chain_type"": ""PK_through_enzyme"", ""confidence"": ""high""}]"
DB06016,DB12095,The serum concentration of can be decreased when it is combined with,PK,BE0002793,Cytochrome P450 2C9,enzyme,inhibitor,inhibitor,inhibitor-inhibitor,Cariprazine --[inhibitor]--> Cytochrome P450 2C9 <--[inhibitor]-- Telotristat ethyl,PK_through_enzyme,high,True,"[{""key_entity_id"": ""BE0002638"", ""key_entity_name"": ""Cytochrome P450 3A4"", ""key_entity_type"": ""enzyme"", ""action_drug_a"": ""substrate"", ""action_drug_b"": ""inhibitor"", ""match_pattern"": ""inhibitor-substrate"", ""mechanism_chain"": ""Telotristat ethyl --[inhibitor]--> Cytochrome P450 3A4 --[substrate: metabolizes]--> Cariprazine"", ""chain_type"": ""PK_through_enzyme"", ""confidence"": ""high""}, {""key_entity_id"": ""BE0002638"", ""key_entity_name"": ""Cytochrome P450 3A4"", ""key_entity_type"": ""enzyme"", ""action_drug_a"": ""substrate"", ""action_drug_b"": ""inducer"", ""match_pattern"": ""inducer-substrate"", ""mechanism_chain"": ""Telotristat ethyl --[inducer]--> Cytochrome P450 3A4 --[substrate: metabolizes]--> Cariprazine"", ""chain_type"": ""PK_through_enzyme"", ""confidence"": ""high""}, {""key_entity_id"": ""BE0002638"", ""key_entity_name"": ""Cytochrome P450 3A4"", ""key_entity_type"": ""enzyme"", ""action_drug_a"": ""inhibitor"", ""action_drug_b"": ""inhibitor"", ""match_pattern"": ""inhibitor-inhibitor"", ""mechanism_chain"": ""Cariprazine --[inhibitor]--> Cytochrome P450 3A4 <--[inhibitor]-- Telotristat ethyl"", ""chain_type"": ""PK_through_enzyme"", ""confidence"": ""high""}, {""key_entity_id"": ""BE0002363"", ""key_entity_name"": ""Cytochrome P450 2D6"", ""key_entity_type"": ""enzyme"", ""action_drug_a"": ""substrate"", ""action_drug_b"": ""inhibitor"", ""match_pattern"": ""inhibitor-substrate"", ""mechanism_chain"": ""Telotristat ethyl --[inhibitor]--> Cytochrome P450 2D6 --[substrate: metabolizes]--> Cariprazine"", ""chain_type"": ""PK_through_enzyme"", ""confidence"": ""high""}, {""key_entity_id"": ""BE0002363"", ""key_entity_name"": ""Cytochrome P450 2D6"", ""key_entity_type"": ""enzyme"", ""action_drug_a"": ""inhibitor"", ""action_drug_b"": ""inhibitor"", ""match_pattern"": ""inhibitor-inhibitor"", ""mechanism_chain"": ""Cariprazine --[inhibitor]--> Cytochrome P450 2D6 <--[inhibitor]-- Telotristat ethyl"", ""chain_type"": ""PK_through_enzyme"", ""confidence"": ""high""}, {""key_entity_id"": ""BE0003536"", ""key_entity_name"": ""Cytochrome P450 2C19"", ""key_entity_type"": ""enzyme"", ""action_drug_a"": ""inhibitor"", ""action_drug_b"": ""inhibitor"", ""match_pattern"": ""inhibitor-inhibitor"", ""mechanism_chain"": ""Cariprazine --[inhibitor]--> Cytochrome P450 2C19 <--[inhibitor]-- Telotristat ethyl"", ""chain_type"": ""PK_through_enzyme"", ""confidence"": ""high""}]"
DB06144,DB06708,The metabolism of can be decreased when combined with,PK,BE0002363,Cytochrome P450 2D6,enzyme,substrate,inhibitor,inhibitor-substrate,Lumefantrine --[inhibitor]--> Cytochrome P450 2D6 --[substrate: metabolizes]--> Sertindole,PK_through_enzyme,high,True,[]
DB06144,DB06701,The risk or severity of adverse effects can be increased when is combined with,PD,,,,,,,,,,False,[]
DB06144,DB06797,The risk or severity of CNS depression can be increased when is combined with,PD,,,,,,,,,,False,[]
DB06144,DB11609,The risk or severity of CNS depression can be increased when is combined with,PD,,,,,,,,,,False,[]
DB06144,DB13213,The risk or severity of CNS depression can be increased when is combined with,PD,,,,,,,,,,False,[]
DB06144,DB09009,The risk or severity of CNS depression can be increased when is combined with,PD,,,,,,,,,,False,[]
DB06144,DB06712,The metabolism of can be decreased when combined with,PK,BE0002638,Cytochrome P450 3A4,enzyme,substrate,inhibitor,inhibitor-substrate,Nilvadipine --[inhibitor]--> Cytochrome P450 3A4 --[substrate: metabolizes]--> Sertindole,PK_through_enzyme,high,True,[]
DB06144,DB11672,The metabolism of can be decreased when combined with,PK,BE0002638,Cytochrome P450 3A4,enzyme,substrate,inhibitor,inhibitor-substrate,Curcumin --[inhibitor]--> Cytochrome P450 3A4 --[substrate: metabolizes]--> Sertindole,PK_through_enzyme,high,True,"[{""key_entity_id"": ""BE0002363"", ""key_entity_name"": ""Cytochrome P450 2D6"", ""key_entity_type"": ""enzyme"", ""action_drug_a"": ""substrate"", ""action_drug_b"": ""inhibitor"", ""match_pattern"": ""inhibitor-substrate"", ""mechanism_chain"": ""Curcumin --[inhibitor]--> Cytochrome P450 2D6 --[substrate: metabolizes]--> Sertindole"", ""chain_type"": ""PK_through_enzyme"", ""confidence"": ""high""}]"
DB06144,DB12095,The serum concentration of can be decreased when it is combined with,PK,BE0002638,Cytochrome P450 3A4,enzyme,substrate,inhibitor,inhibitor-substrate,Telotristat ethyl --[inhibitor]--> Cytochrome P450 3A4 --[substrate: metabolizes]--> Sertindole,PK_through_enzyme,high,True,"[{""key_entity_id"": ""BE0002638"", ""key_entity_name"": ""Cytochrome P450 3A4"", ""key_entity_type"": ""enzyme"", ""action_drug_a"": ""substrate"", ""action_drug_b"": ""inducer"", ""match_pattern"": ""inducer-substrate"", ""mechanism_chain"": ""Telotristat ethyl --[inducer]--> Cytochrome P450 3A4 --[substrate: metabolizes]--> Sertindole"", ""chain_type"": ""PK_through_enzyme"", ""confidence"": ""high""}, {""key_entity_id"": ""BE0002363"", ""key_entity_name"": ""Cytochrome P450 2D6"", ""key_entity_type"": ""enzyme"", ""action_drug_a"": ""substrate"", ""action_drug_b"": ""inhibitor"", ""match_pattern"": ""inhibitor-substrate"", ""mechanism_chain"": ""Telotristat ethyl --[inhibitor]--> Cytochrome P450 2D6 --[substrate: metabolizes]--> Sertindole"", ""chain_type"": ""PK_through_enzyme"", ""confidence"": ""high""}]"
DB06228,DB06782,may decrease the excretion rate of which could result in a higher serum level,PK,,,,,,,,,,False,[]
DB06228,DB06813,may decrease the excretion rate of which could result in a higher serum level,PK,,,,,,,,,,False,[]
DB06228,DB09091,may decrease the excretion rate of which could result in a higher serum level,PK,,,,,,,,,,False,[]
DB06228,DB11102,may decrease the excretion rate of which could result in a higher serum level,PK,,,,,,,,,,False,[]
DB06228,DB09401,may increase the excretion rate of which could result in a lower serum level and potentially a reduction in efficacy,PK,,,,,,,,,,False,[]
DB06228,DB11703,The metabolism of can be decreased when combined with,PK,BE0002638,Cytochrome P450 3A4,enzyme,substrate,inhibitor,inhibitor-substrate,Acalabrutinib --[inhibitor]--> Cytochrome P450 3A4 --[substrate: metabolizes]--> Rivaroxaban,PK_through_enzyme,high,True,"[{""key_entity_id"": ""BE0002362"", ""key_entity_name"": ""Cytochrome P450 3A5"", ""key_entity_type"": ""enzyme"", ""action_drug_a"": ""substrate"", ""action_drug_b"": ""inhibitor"", ""match_pattern"": ""inhibitor-substrate"", ""mechanism_chain"": ""Acalabrutinib --[inhibitor]--> Cytochrome P450 3A5 --[substrate: metabolizes]--> Rivaroxaban"", ""chain_type"": ""PK_through_enzyme"", ""confidence"": ""high""}]"
DB06228,DB14539,The metabolism of can be decreased when combined with,PK,BE0002638,Cytochrome P450 3A4,enzyme,substrate,inducer,inducer-substrate,Hydrocortisone acetate --[inducer]--> Cytochrome P450 3A4 --[substrate: metabolizes]--> Rivaroxaban,PK_through_enzyme,high,True,[]
DB06228,DB09063,The serum concentration of can be increased when it is combined with,PK,BE0002638,Cytochrome P450 3A4,enzyme,substrate,inhibitor,inhibitor-substrate,Ceritinib --[inhibitor]--> Cytochrome P450 3A4 --[substrate: metabolizes]--> Rivaroxaban,PK_through_enzyme,high,True,[]
DB06228,DB11791,The serum concentration of can be increased when it is combined with,PK,BE0001032,ATP-dependent translocase ABCB1,transporter,substrate,inhibitor,inhibitor-substrate,Capmatinib --[inhibitor]--> ATP-dependent translocase ABCB1 --[substrate: transports]--> Rivaroxaban,PK_through_transporter,high,True,"[{""key_entity_id"": ""BE0001067"", ""key_entity_name"": ""Broad substrate specificity ATP-binding cassette transporter ABCG2"", ""key_entity_type"": ""transporter"", ""action_drug_a"": ""substrate"", ""action_drug_b"": ""inhibitor"", ""match_pattern"": ""inhibitor-substrate"", ""mechanism_chain"": ""Capmatinib --[inhibitor]--> Broad substrate specificity ATP-binding cassette transporter ABCG2 --[substrate: transports]--> Rivaroxaban"", ""chain_type"": ""PK_through_transporter"", ""confidence"": ""high""}]"
DB06228,DB06712,The metabolism of can be decreased when combined with,PK,BE0002638,Cytochrome P450 3A4,enzyme,substrate,inhibitor,inhibitor-substrate,Nilvadipine --[inhibitor]--> Cytochrome P450 3A4 --[substrate: metabolizes]--> Rivaroxaban,PK_through_enzyme,high,True,[]
DB06228,DB11672,The metabolism of can be decreased when combined with,PK,BE0002638,Cytochrome P450 3A4,enzyme,substrate,inhibitor,inhibitor-substrate,Curcumin --[inhibitor]--> Cytochrome P450 3A4 --[substrate: metabolizes]--> Rivaroxaban,PK_through_enzyme,high,True,[]
DB06228,DB12095,The serum concentration of can be decreased when it is combined with,PK,BE0002638,Cytochrome P450 3A4,enzyme,substrate,inhibitor,inhibitor-substrate,Telotristat ethyl --[inhibitor]--> Cytochrome P450 3A4 --[substrate: metabolizes]--> Rivaroxaban,PK_through_enzyme,high,True,"[{""key_entity_id"": ""BE0002638"", ""key_entity_name"": ""Cytochrome P450 3A4"", ""key_entity_type"": ""enzyme"", ""action_drug_a"": ""substrate"", ""action_drug_b"": ""inducer"", ""match_pattern"": ""inducer-substrate"", ""mechanism_chain"": ""Telotristat ethyl --[inducer]--> Cytochrome P450 3A4 --[substrate: metabolizes]--> Rivaroxaban"", ""chain_type"": ""PK_through_enzyme"", ""confidence"": ""high""}]"
DB06228,DB15149,The serum concentration of can be increased when it is combined with,PK,BE0001032,ATP-dependent translocase ABCB1,transporter,substrate,inhibitor,inhibitor-substrate,Futibatinib --[inhibitor]--> ATP-dependent translocase ABCB1 --[substrate: transports]--> Rivaroxaban,PK_through_transporter,high,True,[]
DB06701,DB06712,may decrease the antihypertensive activities of,PD,,,,,,,,,,False,[]
DB06701,DB06736,The risk or severity of hypertension can be increased when is combined with,PD,,,,,,,,,,False,[]
DB06701,DB08976,The risk or severity of hypertension can be increased when is combined with,PD,,,,,,,,,,False,[]
DB06701,DB08981,The risk or severity of hypertension can be increased when is combined with,PD,,,,,,,,,,False,[]
DB06701,DB13213,The risk or severity of adverse effects can be increased when is combined with,PD,,,,,,,,,,False,[]
DB06701,DB06797,The risk or severity of CNS depression can be increased when is combined with,PD,,,,,,,,,,False,[]
DB06701,DB11609,The risk or severity of CNS depression can be increased when is combined with,PD,,,,,,,,,,False,[]
DB06701,DB09009,The risk or severity of CNS depression can be increased when is combined with,PD,,,,,,,,,,False,[]
DB06701,DB13946,may increase the hypertensive activities of,PD,,,,,,,,,,False,[]
DB06708,DB13213,The risk or severity of QTc prolongation can be increased when is combined with,PD,,,,,,,,,,False,[]
DB06708,DB06712,The risk or severity of QTc prolongation can be increased when is combined with,PD,,,,,,,,,,False,[]
DB06708,DB12877,The risk or severity of QTc prolongation can be increased when is combined with,PD,,,,,,,,,,False,[]
DB06708,DB09063,The risk or severity of QTc prolongation can be increased when is combined with,PD,,,,,,,,,,False,[]
DB06708,DB13074,The risk or severity of QTc prolongation can be increased when is combined with,PD,,,,,,,,,,False,[]
DB06708,DB11672,The metabolism of can be decreased when combined with,PK,BE0002638,Cytochrome P450 3A4,enzyme,substrate,inhibitor,inhibitor-substrate,Curcumin --[inhibitor]--> Cytochrome P450 3A4 --[substrate: metabolizes]--> Lumefantrine,PK_through_enzyme,high,True,"[{""key_entity_id"": ""BE0002363"", ""key_entity_name"": ""Cytochrome P450 2D6"", ""key_entity_type"": ""enzyme"", ""action_drug_a"": ""inhibitor"", ""action_drug_b"": ""inhibitor"", ""match_pattern"": ""inhibitor-inhibitor"", ""mechanism_chain"": ""Lumefantrine --[inhibitor]--> Cytochrome P450 2D6 <--[inhibitor]-- Curcumin"", ""chain_type"": ""PK_through_enzyme"", ""confidence"": ""high""}]"
DB06708,DB12095,The serum concentration of can be decreased when it is combined with,PK,BE0002638,Cytochrome P450 3A4,enzyme,substrate,inhibitor,inhibitor-substrate,Telotristat ethyl --[inhibitor]--> Cytochrome P450 3A4 --[substrate: metabolizes]--> Lumefantrine,PK_through_enzyme,high,True,"[{""key_entity_id"": ""BE0002638"", ""key_entity_name"": ""Cytochrome P450 3A4"", ""key_entity_type"": ""enzyme"", ""action_drug_a"": ""substrate"", ""action_drug_b"": ""inducer"", ""match_pattern"": ""inducer-substrate"", ""mechanism_chain"": ""Telotristat ethyl --[inducer]--> Cytochrome P450 3A4 --[substrate: metabolizes]--> Lumefantrine"", ""chain_type"": ""PK_through_enzyme"", ""confidence"": ""high""}, {""key_entity_id"": ""BE0002363"", ""key_entity_name"": ""Cytochrome P450 2D6"", ""key_entity_type"": ""enzyme"", ""action_drug_a"": ""inhibitor"", ""action_drug_b"": ""inhibitor"", ""match_pattern"": ""inhibitor-inhibitor"", ""mechanism_chain"": ""Lumefantrine --[inhibitor]--> Cytochrome P450 2D6 <--[inhibitor]-- Telotristat ethyl"", ""chain_type"": ""PK_through_enzyme"", ""confidence"": ""high""}]"
DB06708,DB09009,The risk or severity of methemoglobinemia can be increased when is combined with,PD,,,,,,,,,,False,[]
DB06712,DB09063,may increase the bradycardic activities of,PD,,,,,,,,,,False,[]
DB06712,DB09143,The metabolism of can be decreased when combined with,PK,BE0002638,Cytochrome P450 3A4,enzyme,inhibitor,substrate,inhibitor-substrate,Nilvadipine --[inhibitor]--> Cytochrome P450 3A4 --[substrate: metabolizes]--> Sonidegib,PK_through_enzyme,high,True,[]
DB06712,DB13074,The risk or severity of QTc prolongation can be increased when is combined with,PD,,,,,,,,,,False,[]
DB06712,DB12877,The risk or severity of QTc prolongation can be increased when is combined with,PD,,,,,,,,,,False,[]
DB06712,DB06791,may increase the bradycardic activities of,PD,,,,,,,,,,False,[]
DB06712,DB06736,The therapeutic efficacy of can be decreased when used in combination with,PD,,,,,,,,,,False,[]
DB06712,DB08976,The therapeutic efficacy of can be decreased when used in combination with,PD,,,,,,,,,,False,[]
DB06712,DB08981,The therapeutic efficacy of can be decreased when used in combination with,PD,,,,,,,,,,False,[]
DB06712,DB14627,The therapeutic efficacy of can be decreased when used in combination with,PD,,,,,,,,,,False,[]
DB06712,DB11703,The metabolism of can be decreased when combined with,PK,BE0002638,Cytochrome P450 3A4,enzyme,substrate,inhibitor,inhibitor-substrate,Acalabrutinib --[inhibitor]--> Cytochrome P450 3A4 --[substrate: metabolizes]--> Nilvadipine,PK_through_enzyme,high,True,"[{""key_entity_id"": ""BE0002638"", ""key_entity_name"": ""Cytochrome P450 3A4"", ""key_entity_type"": ""enzyme"", ""action_drug_a"": ""inhibitor"", ""action_drug_b"": ""substrate"", ""match_pattern"": ""inhibitor-substrate"", ""mechanism_chain"": ""Nilvadipine --[inhibitor]--> Cytochrome P450 3A4 --[substrate: metabolizes]--> Acalabrutinib"", ""chain_type"": ""PK_through_enzyme"", ""confidence"": ""high""}, {""key_entity_id"": ""BE0002638"", ""key_entity_name"": ""Cytochrome P450 3A4"", ""key_entity_type"": ""enzyme"", ""action_drug_a"": ""inhibitor"", ""action_drug_b"": ""inhibitor"", ""match_pattern"": ""inhibitor-inhibitor"", ""mechanism_chain"": ""Nilvadipine --[inhibitor]--> Cytochrome P450 3A4 <--[inhibitor]-- Acalabrutinib"", ""chain_type"": ""PK_through_enzyme"", ""confidence"": ""high""}]"
DB06712,DB13952,The metabolism of can be decreased when combined with,PK,BE0002887,Cytochrome P450 2C8,enzyme,inhibitor,substrate,inhibitor-substrate,Nilvadipine --[inhibitor]--> Cytochrome P450 2C8 --[substrate: metabolizes]--> Estradiol acetate,PK_through_enzyme,high,True,"[{""key_entity_id"": ""BE0002638"", ""key_entity_name"": ""Cytochrome P450 3A4"", ""key_entity_type"": ""enzyme"", ""action_drug_a"": ""substrate"", ""action_drug_b"": ""inducer"", ""match_pattern"": ""inducer-substrate"", ""mechanism_chain"": ""Estradiol acetate --[inducer]--> Cytochrome P450 3A4 --[substrate: metabolizes]--> Nilvadipine"", ""chain_type"": ""PK_through_enzyme"", ""confidence"": ""high""}, {""key_entity_id"": ""BE0002638"", ""key_entity_name"": ""Cytochrome P450 3A4"", ""key_entity_type"": ""enzyme"", ""action_drug_a"": ""inhibitor"", ""action_drug_b"": ""substrate"", ""match_pattern"": ""inhibitor-substrate"", ""mechanism_chain"": ""Nilvadipine --[inhibitor]--> Cytochrome P450 3A4 --[substrate: metabolizes]--> Estradiol acetate"", ""chain_type"": ""PK_through_enzyme"", ""confidence"": ""high""}, {""key_entity_id"": ""BE0003536"", ""key_entity_name"": ""Cytochrome P450 2C19"", ""key_entity_type"": ""enzyme"", ""action_drug_a"": ""inhibitor"", ""action_drug_b"": ""substrate"", ""match_pattern"": ""inhibitor-substrate"", ""mechanism_chain"": ""Nilvadipine --[inhibitor]--> Cytochrome P450 2C19 --[substrate: metabolizes]--> Estradiol acetate"", ""chain_type"": ""PK_through_enzyme"", ""confidence"": ""high""}]"
DB06712,DB08868,The metabolism of can be decreased when combined with,PK,,,,,,,,,,False,[]
DB06712,DB11791,The metabolism of can be decreased when combined with,PK,BE0002638,Cytochrome P450 3A4,enzyme,inhibitor,substrate,inhibitor-substrate,Nilvadipine --[inhibitor]--> Cytochrome P450 3A4 --[substrate: metabolizes]--> Capmatinib,PK_through_enzyme,high,True,[]
DB06712,DB12329,The metabolism of can be decreased when combined with,PK,BE0002638,Cytochrome P450 3A4,enzyme,inhibitor,substrate,inhibitor-substrate,Nilvadipine --[inhibitor]--> Cytochrome P450 3A4 --[substrate: metabolizes]--> Eravacycline,PK_through_enzyme,high,True,[]
DB06712,DB14539,The metabolism of can be decreased when combined with,PK,BE0002638,Cytochrome P450 3A4,enzyme,substrate,inducer,inducer-substrate,Hydrocortisone acetate --[inducer]--> Cytochrome P450 3A4 --[substrate: metabolizes]--> Nilvadipine,PK_through_enzyme,high,True,"[{""key_entity_id"": ""BE0002638"", ""key_entity_name"": ""Cytochrome P450 3A4"", ""key_entity_type"": ""enzyme"", ""action_drug_a"": ""inhibitor"", ""action_drug_b"": ""substrate"", ""match_pattern"": ""inhibitor-substrate"", ""mechanism_chain"": ""Nilvadipine --[inhibitor]--> Cytochrome P450 3A4 --[substrate: metabolizes]--> Hydrocortisone acetate"", ""chain_type"": ""PK_through_enzyme"", ""confidence"": ""high""}]"
DB06712,DB11672,The metabolism of can be decreased when combined with,PK,BE0002638,Cytochrome P450 3A4,enzyme,substrate,inhibitor,inhibitor-substrate,Curcumin --[inhibitor]--> Cytochrome P450 3A4 --[substrate: metabolizes]--> Nilvadipine,PK_through_enzyme,high,True,"[{""key_entity_id"": ""BE0002638"", ""key_entity_name"": ""Cytochrome P450 3A4"", ""key_entity_type"": ""enzyme"", ""action_drug_a"": ""inhibitor"", ""action_drug_b"": ""inhibitor"", ""match_pattern"": ""inhibitor-inhibitor"", ""mechanism_chain"": ""Nilvadipine --[inhibitor]--> Cytochrome P450 3A4 <--[inhibitor]-- Curcumin"", ""chain_type"": ""PK_through_enzyme"", ""confidence"": ""high""}]"
DB06712,DB11201,The therapeutic efficacy of can be decreased when used in combination with,PD,,,,,,,,,,False,[]
DB06712,DB12095,The serum concentration of can be decreased when it is combined with,PK,BE0002887,Cytochrome P450 2C8,enzyme,inhibitor,inhibitor,inhibitor-inhibitor,Nilvadipine --[inhibitor]--> Cytochrome P450 2C8 <--[inhibitor]-- Telotristat ethyl,PK_through_enzyme,high,True,"[{""key_entity_id"": ""BE0002638"", ""key_entity_name"": ""Cytochrome P450 3A4"", ""key_entity_type"": ""enzyme"", ""action_drug_a"": ""substrate"", ""action_drug_b"": ""inhibitor"", ""match_pattern"": ""inhibitor-substrate"", ""mechanism_chain"": ""Telotristat ethyl --[inhibitor]--> Cytochrome P450 3A4 --[substrate: metabolizes]--> Nilvadipine"", ""chain_type"": ""PK_through_enzyme"", ""confidence"": ""high""}, {""key_entity_id"": ""BE0002638"", ""key_entity_name"": ""Cytochrome P450 3A4"", ""key_entity_type"": ""enzyme"", ""action_drug_a"": ""substrate"", ""action_drug_b"": ""inducer"", ""match_pattern"": ""inducer-substrate"", ""mechanism_chain"": ""Telotristat ethyl --[inducer]--> Cytochrome P450 3A4 --[substrate: metabolizes]--> Nilvadipine"", ""chain_type"": ""PK_through_enzyme"", ""confidence"": ""high""}, {""key_entity_id"": ""BE0002638"", ""key_entity_name"": ""Cytochrome P450 3A4"", ""key_entity_type"": ""enzyme"", ""action_drug_a"": ""inhibitor"", ""action_drug_b"": ""inhibitor"", ""match_pattern"": ""inhibitor-inhibitor"", ""mechanism_chain"": ""Nilvadipine --[inhibitor]--> Cytochrome P450 3A4 <--[inhibitor]-- Telotristat ethyl"", ""chain_type"": ""PK_through_enzyme"", ""confidence"": ""high""}, {""key_entity_id"": ""BE0003536"", ""key_entity_name"": ""Cytochrome P450 2C19"", ""key_entity_type"": ""enzyme"", ""action_drug_a"": ""inhibitor"", ""action_drug_b"": ""inhibitor"", ""match_pattern"": ""inhibitor-inhibitor"", ""mechanism_chain"": ""Nilvadipine --[inhibitor]--> Cytochrome P450 2C19 <--[inhibitor]-- Telotristat ethyl"", ""chain_type"": ""PK_through_enzyme"", ""confidence"": ""high""}]"
DB06712,DB15149,The metabolism of can be decreased when combined with,PK,BE0002638,Cytochrome P450 3A4,enzyme,inhibitor,substrate,inhibitor-substrate,Nilvadipine --[inhibitor]--> Cytochrome P450 3A4 --[substrate: metabolizes]--> Futibatinib,PK_through_enzyme,high,True,[]
DB06712,DB11682,The metabolism of can be decreased when combined with,PK,BE0002887,Cytochrome P450 2C8,enzyme,inhibitor,substrate,inhibitor-substrate,Nilvadipine --[inhibitor]--> Cytochrome P450 2C8 --[substrate: metabolizes]--> Daprodustat,PK_through_enzyme,high,True,"[{""key_entity_id"": ""BE0002887"", ""key_entity_name"": ""Cytochrome P450 2C8"", ""key_entity_type"": ""enzyme"", ""action_drug_a"": ""inhibitor"", ""action_drug_b"": ""inhibitor"", ""match_pattern"": ""inhibitor-inhibitor"", ""mechanism_chain"": ""Nilvadipine --[inhibitor]--> Cytochrome P450 2C8 <--[inhibitor]-- Daprodustat"", ""chain_type"": ""PK_through_enzyme"", ""confidence"": ""high""}, {""key_entity_id"": ""BE0002638"", ""key_entity_name"": ""Cytochrome P450 3A4"", ""key_entity_type"": ""enzyme"", ""action_drug_a"": ""inhibitor"", ""action_drug_b"": ""substrate"", ""match_pattern"": ""inhibitor-substrate"", ""mechanism_chain"": ""Nilvadipine --[inhibitor]--> Cytochrome P450 3A4 --[substrate: metabolizes]--> Daprodustat"", ""chain_type"": ""PK_through_enzyme"", ""confidence"": ""high""}]"
DB06736,DB06813,may decrease the excretion rate of which could result in a higher serum level,PK,,,,,,,,,,False,[]
DB06736,DB14539,The risk or severity of gastrointestinal irritation can be increased when is combined with,PD,,,,,,,,,,False,[]
DB06736,DB09091,The risk or severity of gastrointestinal irritation can be increased when is combined with,PD,,,,,,,,,,False,[]
DB06736,DB08976,The risk or severity of adverse effects can be increased when is combined with,PD,,,,,,,,,,False,[]
DB06736,DB08981,The risk or severity of adverse effects can be increased when is combined with,PD,BE0000017,Prostaglandin G/H synthase 1,target,inhibitor,inhibitor,inhibitor-inhibitor,Aceclofenac --[inhibitor]--> Prostaglandin G/H synthase 1 <--[inhibitor]-- Fenbufen,PD_convergent_target,high,True,"[{""key_entity_id"": ""BE0000262"", ""key_entity_name"": ""Prostaglandin G/H synthase 2"", ""key_entity_type"": ""target"", ""action_drug_a"": ""inhibitor"", ""action_drug_b"": ""inhibitor"", ""match_pattern"": ""inhibitor-inhibitor"", ""mechanism_chain"": ""Aceclofenac --[inhibitor]--> Prostaglandin G/H synthase 2 <--[inhibitor]-- Fenbufen"", ""chain_type"": ""PD_convergent_target"", ""confidence"": ""high""}]"
DB06736,DB06782,may decrease the excretion rate of which could result in a higher serum level,PK,,,,,,,,,,False,[]
DB06736,DB11102,may decrease the excretion rate of which could result in a higher serum level,PK,,,,,,,,,,False,[]
DB06736,DB09401,may increase the excretion rate of which could result in a lower serum level and potentially a reduction in efficacy,PK,,,,,,,,,,False,[]
DB06736,DB13074,The therapeutic efficacy of can be decreased when used in combination with,PD,,,,,,,,,,False,[]
DB06736,DB13946,may increase the hypertensive activities of,PD,,,,,,,,,,False,[]
DB06736,DB11201,The risk or severity of adverse effects can be increased when is combined with,PD,BE0000017,Prostaglandin G/H synthase 1,target,inhibitor,antagonist,inhibitor-antagonist,Aceclofenac --[inhibitor]--> Prostaglandin G/H synthase 1 <--[antagonist]-- Menthyl salicylate,PD_convergent_target,high,True,"[{""key_entity_id"": ""BE0000262"", ""key_entity_name"": ""Prostaglandin G/H synthase 2"", ""key_entity_type"": ""target"", ""action_drug_a"": ""inhibitor"", ""action_drug_b"": ""antagonist"", ""match_pattern"": ""inhibitor-antagonist"", ""mechanism_chain"": ""Aceclofenac --[inhibitor]--> Prostaglandin G/H synthase 2 <--[antagonist]-- Menthyl salicylate"", ""chain_type"": ""PD_convergent_target"", ""confidence"": ""high""}]"
DB06782,DB08976,may decrease the excretion rate of which could result in a higher serum level,PK,,,,,,,,,,False,[]
DB06782,DB08981,may decrease the excretion rate of which could result in a higher serum level,PK,,,,,,,,,,False,[]
DB06782,DB06813,may decrease the excretion rate of which could result in a higher serum level,PK,,,,,,,,,,False,[]
DB06782,DB09091,may decrease the excretion rate of which could result in a higher serum level,PK,,,,,,,,,,False,[]
DB06782,DB11102,may decrease the excretion rate of which could result in a higher serum level,PK,,,,,,,,,,False,[]
DB06782,DB13946,may decrease the excretion rate of which could result in a higher serum level,PK,,,,,,,,,,False,[]
DB06782,DB13952,may decrease the excretion rate of which could result in a higher serum level,PK,,,,,,,,,,False,[]
DB06782,DB09401,may increase the excretion rate of which could result in a lower serum level and potentially a reduction in efficacy,PK,,,,,,,,,,False,[]
DB06791,DB09063,may increase the bradycardic activities of,PD,,,,,,,,,,False,[]
DB06791,DB08868,may increase the bradycardic activities of,PD,,,,,,,,,,False,[]
DB06791,DB11703,The metabolism of can be decreased when combined with,PK,BE0002638,Cytochrome P450 3A4,enzyme,inhibitor,substrate,inhibitor-substrate,Lanreotide --[inhibitor]--> Cytochrome P450 3A4 --[substrate: metabolizes]--> Acalabrutinib,PK_through_enzyme,high,True,"[{""key_entity_id"": ""BE0002638"", ""key_entity_name"": ""Cytochrome P450 3A4"", ""key_entity_type"": ""enzyme"", ""action_drug_a"": ""inhibitor"", ""action_drug_b"": ""inhibitor"", ""match_pattern"": ""inhibitor-inhibitor"", ""mechanism_chain"": ""Lanreotide --[inhibitor]--> Cytochrome P450 3A4 <--[inhibitor]-- Acalabrutinib"", ""chain_type"": ""PK_through_enzyme"", ""confidence"": ""high""}]"
DB06791,DB09143,The metabolism of can be decreased when combined with,PK,BE0002638,Cytochrome P450 3A4,enzyme,inhibitor,substrate,inhibitor-substrate,Lanreotide --[inhibitor]--> Cytochrome P450 3A4 --[substrate: metabolizes]--> Sonidegib,PK_through_enzyme,high,True,[]
DB06791,DB13074,The therapeutic efficacy of can be decreased when used in combination with,PD,,,,,,,,,,False,[]
DB06791,DB09009,The risk or severity of methemoglobinemia can be increased when is combined with,PD,,,,,,,,,,False,[]
DB06797,DB11609,The risk or severity of CNS depression can be increased when is combined with,PD,,,,,,,,,,False,[]
DB06797,DB13213,The risk or severity of CNS depression can be increased when is combined with,PD,,,,,,,,,,False,[]
DB06797,DB09009,The risk or severity of CNS depression can be increased when is combined with,PD,,,,,,,,,,False,[]
DB06813,DB09091,The risk or severity of adverse effects can be increased when is combined with,PD,,,,,,,,,,False,[]
DB06813,DB14539,The risk or severity of adverse effects can be increased when is combined with,PD,,,,,,,,,,False,[]
DB06813,DB08976,may decrease the excretion rate of which could result in a higher serum level,PK,,,,,,,,,,False,[]
DB06813,DB08981,may decrease the excretion rate of which could result in a higher serum level,PK,,,,,,,,,,False,[]
DB06813,DB08868,may increase the immunosuppressive activities of,PD,,,,,,,,,,False,[]
DB06813,DB13952,may decrease the excretion rate of which could result in a higher serum level,PK,BE0001067,Broad substrate specificity ATP-binding cassette transporter ABCG2,transporter,substrate,inhibitor,inhibitor-substrate,Estradiol acetate --[inhibitor]--> Broad substrate specificity ATP-binding cassette transporter ABCG2 --[substrate: transports]--> Pralatrexate,PK_through_transporter,high,True,[]
DB06813,DB11102,may decrease the excretion rate of which could result in a higher serum level,PK,,,,,,,,,,False,[]
DB06813,DB13946,may decrease the excretion rate of which could result in a higher serum level,PK,,,,,,,,,,False,[]
DB06813,DB09401,may increase the excretion rate of which could result in a lower serum level and potentially a reduction in efficacy,PK,,,,,,,,,,False,[]
DB06813,DB11791,The serum concentration of can be increased when it is combined with,PK,BE0001067,Broad substrate specificity ATP-binding cassette transporter ABCG2,transporter,substrate,inhibitor,inhibitor-substrate,Capmatinib --[inhibitor]--> Broad substrate specificity ATP-binding cassette transporter ABCG2 --[substrate: transports]--> Pralatrexate,PK_through_transporter,high,True,[]
DB06813,DB11201,may decrease the excretion rate of which could result in a higher serum level,PK,,,,,,,,,,False,[]
DB06813,DB09009,The risk or severity of methemoglobinemia can be increased when is combined with,PD,,,,,,,,,,False,[]
DB08801,DB11609,The risk or severity of adverse effects can be increased when is combined with,PD,,,,,,,,,,False,[]
DB08801,DB14627,The therapeutic efficacy of can be decreased when used in combination with,PD,,,,,,,,,,False,[]
DB08801,DB13074,The therapeutic efficacy of can be decreased when used in combination with,PD,,,,,,,,,,False,[]
DB08868,DB09063,may increase the bradycardic activities of,PD,,,,,,,,,,False,[]
DB08868,DB09091,may increase the immunosuppressive activities of,PD,,,,,,,,,,False,[]
DB08868,DB14539,may increase the immunosuppressive activities of,PD,,,,,,,,,,False,[]
DB08976,DB14539,The risk or severity of gastrointestinal irritation can be increased when is combined with,PD,,,,,,,,,,False,[]
DB08976,DB09091,The risk or severity of gastrointestinal irritation can be increased when is combined with,PD,,,,,,,,,,False,[]
DB08976,DB08981,The risk or severity of adverse effects can be increased when is combined with,PD,,,,,,,,,,False,[]
DB08976,DB11102,may decrease the excretion rate of which could result in a higher serum level,PK,,,,,,,,,,False,[]
DB08976,DB13952,may decrease the excretion rate of which could result in a higher serum level,PK,,,,,,,,,,False,[]
DB08976,DB13074,The therapeutic efficacy of can be decreased when used in combination with,PD,,,,,,,,,,False,[]
DB08976,DB13946,may increase the hypertensive activities of,PD,,,,,,,,,,False,[]
DB08976,DB11201,The risk or severity of adverse effects can be increased when is combined with,PD,,,,,,,,,,False,[]
DB08981,DB14539,The risk or severity of gastrointestinal irritation can be increased when is combined with,PD,,,,,,,,,,False,[]
DB08981,DB09091,The risk or severity of gastrointestinal irritation can be increased when is combined with,PD,,,,,,,,,,False,[]
DB08981,DB11102,may decrease the excretion rate of which could result in a higher serum level,PK,,,,,,,,,,False,[]
DB08981,DB13952,may decrease the excretion rate of which could result in a higher serum level,PK,,,,,,,,,,False,[]
DB08981,DB13074,The therapeutic efficacy of can be decreased when used in combination with,PD,,,,,,,,,,False,[]
DB08981,DB13946,may increase the hypertensive activities of,PD,,,,,,,,,,False,[]
DB08981,DB11201,The risk or severity of adverse effects can be increased when is combined with,PD,BE0000017,Prostaglandin G/H synthase 1,target,inhibitor,antagonist,inhibitor-antagonist,Fenbufen --[inhibitor]--> Prostaglandin G/H synthase 1 <--[antagonist]-- Menthyl salicylate,PD_convergent_target,high,True,"[{""key_entity_id"": ""BE0000262"", ""key_entity_name"": ""Prostaglandin G/H synthase 2"", ""key_entity_type"": ""target"", ""action_drug_a"": ""inhibitor"", ""action_drug_b"": ""antagonist"", ""match_pattern"": ""inhibitor-antagonist"", ""mechanism_chain"": ""Fenbufen --[inhibitor]--> Prostaglandin G/H synthase 2 <--[antagonist]-- Menthyl salicylate"", ""chain_type"": ""PD_convergent_target"", ""confidence"": ""high""}]"
DB09009,DB11609,The risk or severity of CNS depression can be increased when is combined with,PD,,,,,,,,,,False,[]
DB09009,DB13213,The risk or severity of CNS depression can be increased when is combined with,PD,,,,,,,,,,False,[]
DB09009,DB09063,The risk or severity of methemoglobinemia can be increased when is combined with,PD,,,,,,,,,,False,[]
DB09009,DB09143,The risk or severity of methemoglobinemia can be increased when is combined with,PD,,,,,,,,,,False,[]
DB09009,DB11672,The risk or severity of methemoglobinemia can be increased when is combined with,PD,,,,,,,,,,False,[]
DB09009,DB11791,The risk or severity of methemoglobinemia can be increased when is combined with,PD,,,,,,,,,,False,[]
DB09009,DB15149,The risk or severity of methemoglobinemia can be increased when is combined with,PD,,,,,,,,,,False,[]
DB09009,DB12329,The risk or severity of methemoglobinemia can be increased when is combined with,PD,,,,,,,,,,False,[]
DB09063,DB09091,The risk or severity of hyperglycemia can be increased when is combined with,PD,,,,,,,,,,False,[]
DB09063,DB14539,The risk or severity of hyperglycemia can be increased when is combined with,PD,,,,,,,,,,False,[]
DB09063,DB13074,The risk or severity of QTc prolongation can be increased when is combined with,PD,,,,,,,,,,False,[]
DB09063,DB12877,The risk or severity of QTc prolongation can be increased when is combined with,PD,,,,,,,,,,False,[]
DB09063,DB13952,The metabolism of can be increased when combined with,PK,BE0002793,Cytochrome P450 2C9,enzyme,inhibitor,substrate,inhibitor-substrate,Ceritinib --[inhibitor]--> Cytochrome P450 2C9 --[substrate: metabolizes]--> Estradiol acetate,PK_through_enzyme,high,True,"[{""key_entity_id"": ""BE0002638"", ""key_entity_name"": ""Cytochrome P450 3A4"", ""key_entity_type"": ""enzyme"", ""action_drug_a"": ""substrate"", ""action_drug_b"": ""inducer"", ""match_pattern"": ""inducer-substrate"", ""mechanism_chain"": ""Estradiol acetate --[inducer]--> Cytochrome P450 3A4 --[substrate: metabolizes]--> Ceritinib"", ""chain_type"": ""PK_through_enzyme"", ""confidence"": ""high""}, {""key_entity_id"": ""BE0002638"", ""key_entity_name"": ""Cytochrome P450 3A4"", ""key_entity_type"": ""enzyme"", ""action_drug_a"": ""inhibitor"", ""action_drug_b"": ""substrate"", ""match_pattern"": ""inhibitor-substrate"", ""mechanism_chain"": ""Ceritinib --[inhibitor]--> Cytochrome P450 3A4 --[substrate: metabolizes]--> Estradiol acetate"", ""chain_type"": ""PK_through_enzyme"", ""confidence"": ""high""}]"
DB09063,DB11703,The metabolism of can be decreased when combined with,PK,BE0002638,Cytochrome P450 3A4,enzyme,substrate,inhibitor,inhibitor-substrate,Acalabrutinib --[inhibitor]--> Cytochrome P450 3A4 --[substrate: metabolizes]--> Ceritinib,PK_through_enzyme,high,True,"[{""key_entity_id"": ""BE0002638"", ""key_entity_name"": ""Cytochrome P450 3A4"", ""key_entity_type"": ""enzyme"", ""action_drug_a"": ""inhibitor"", ""action_drug_b"": ""substrate"", ""match_pattern"": ""inhibitor-substrate"", ""mechanism_chain"": ""Ceritinib --[inhibitor]--> Cytochrome P450 3A4 --[substrate: metabolizes]--> Acalabrutinib"", ""chain_type"": ""PK_through_enzyme"", ""confidence"": ""high""}, {""key_entity_id"": ""BE0002638"", ""key_entity_name"": ""Cytochrome P450 3A4"", ""key_entity_type"": ""enzyme"", ""action_drug_a"": ""inhibitor"", ""action_drug_b"": ""inhibitor"", ""match_pattern"": ""inhibitor-inhibitor"", ""mechanism_chain"": ""Ceritinib --[inhibitor]--> Cytochrome P450 3A4 <--[inhibitor]-- Acalabrutinib"", ""chain_type"": ""PK_through_enzyme"", ""confidence"": ""high""}]"
DB09063,DB09143,The metabolism of can be decreased when combined with,PK,BE0002638,Cytochrome P450 3A4,enzyme,inhibitor,substrate,inhibitor-substrate,Ceritinib --[inhibitor]--> Cytochrome P450 3A4 --[substrate: metabolizes]--> Sonidegib,PK_through_enzyme,high,True,[]
DB09063,DB11791,The serum concentration of can be increased when it is combined with,PK,BE0002638,Cytochrome P450 3A4,enzyme,inhibitor,substrate,inhibitor-substrate,Ceritinib --[inhibitor]--> Cytochrome P450 3A4 --[substrate: metabolizes]--> Capmatinib,PK_through_enzyme,high,True,[]
DB09063,DB11672,The metabolism of can be decreased when combined with,PK,BE0002793,Cytochrome P450 2C9,enzyme,inhibitor,inhibitor,inhibitor-inhibitor,Ceritinib --[inhibitor]--> Cytochrome P450 2C9 <--[inhibitor]-- Curcumin,PK_through_enzyme,high,True,"[{""key_entity_id"": ""BE0002638"", ""key_entity_name"": ""Cytochrome P450 3A4"", ""key_entity_type"": ""enzyme"", ""action_drug_a"": ""substrate"", ""action_drug_b"": ""inhibitor"", ""match_pattern"": ""inhibitor-substrate"", ""mechanism_chain"": ""Curcumin --[inhibitor]--> Cytochrome P450 3A4 --[substrate: metabolizes]--> Ceritinib"", ""chain_type"": ""PK_through_enzyme"", ""confidence"": ""high""}, {""key_entity_id"": ""BE0002638"", ""key_entity_name"": ""Cytochrome P450 3A4"", ""key_entity_type"": ""enzyme"", ""action_drug_a"": ""inhibitor"", ""action_drug_b"": ""inhibitor"", ""match_pattern"": ""inhibitor-inhibitor"", ""mechanism_chain"": ""Ceritinib --[inhibitor]--> Cytochrome P450 3A4 <--[inhibitor]-- Curcumin"", ""chain_type"": ""PK_through_enzyme"", ""confidence"": ""high""}]"
DB09063,DB12095,The serum concentration of can be decreased when it is combined with,PK,BE0002793,Cytochrome P450 2C9,enzyme,inhibitor,inhibitor,inhibitor-inhibitor,Ceritinib --[inhibitor]--> Cytochrome P450 2C9 <--[inhibitor]-- Telotristat ethyl,PK_through_enzyme,high,True,"[{""key_entity_id"": ""BE0002638"", ""key_entity_name"": ""Cytochrome P450 3A4"", ""key_entity_type"": ""enzyme"", ""action_drug_a"": ""substrate"", ""action_drug_b"": ""inhibitor"", ""match_pattern"": ""inhibitor-substrate"", ""mechanism_chain"": ""Telotristat ethyl --[inhibitor]--> Cytochrome P450 3A4 --[substrate: metabolizes]--> Ceritinib"", ""chain_type"": ""PK_through_enzyme"", ""confidence"": ""high""}, {""key_entity_id"": ""BE0002638"", ""key_entity_name"": ""Cytochrome P450 3A4"", ""key_entity_type"": ""enzyme"", ""action_drug_a"": ""substrate"", ""action_drug_b"": ""inducer"", ""match_pattern"": ""inducer-substrate"", ""mechanism_chain"": ""Telotristat ethyl --[inducer]--> Cytochrome P450 3A4 --[substrate: metabolizes]--> Ceritinib"", ""chain_type"": ""PK_through_enzyme"", ""confidence"": ""high""}, {""key_entity_id"": ""BE0002638"", ""key_entity_name"": ""Cytochrome P450 3A4"", ""key_entity_type"": ""enzyme"", ""action_drug_a"": ""inhibitor"", ""action_drug_b"": ""inhibitor"", ""match_pattern"": ""inhibitor-inhibitor"", ""mechanism_chain"": ""Ceritinib --[inhibitor]--> Cytochrome P450 3A4 <--[inhibitor]-- Telotristat ethyl"", ""chain_type"": ""PK_through_enzyme"", ""confidence"": ""high""}]"
DB09063,DB15149,The serum concentration of can be increased when it is combined with,PK,BE0002793,Cytochrome P450 2C9,enzyme,inhibitor,substrate,inhibitor-substrate,Ceritinib --[inhibitor]--> Cytochrome P450 2C9 --[substrate: metabolizes]--> Futibatinib,PK_through_enzyme,high,True,"[{""key_entity_id"": ""BE0002638"", ""key_entity_name"": ""Cytochrome P450 3A4"", ""key_entity_type"": ""enzyme"", ""action_drug_a"": ""inhibitor"", ""action_drug_b"": ""substrate"", ""match_pattern"": ""inhibitor-substrate"", ""mechanism_chain"": ""Ceritinib --[inhibitor]--> Cytochrome P450 3A4 --[substrate: metabolizes]--> Futibatinib"", ""chain_type"": ""PK_through_enzyme"", ""confidence"": ""high""}]"
DB09091,DB14539,The risk or severity of adverse effects can be increased when is combined with,PD,BE0000794,Glucocorticoid receptor,target,binder,agonist,binder-agonist,Tixocortol --[binder]--> Glucocorticoid receptor <--[agonist]-- Hydrocortisone acetate,PD_convergent_target,high,True,[]
DB09091,DB11102,may decrease the excretion rate of which could result in a higher serum level,PK,,,,,,,,,,False,[]
DB09091,DB13952,may decrease the excretion rate of which could result in a higher serum level,PK,,,,,,,,,,False,[]
DB09091,DB09401,may increase the excretion rate of which could result in a lower serum level and potentially a reduction in efficacy,PK,,,,,,,,,,False,[]
DB09091,DB11201,The risk or severity of gastrointestinal irritation can be increased when is combined with,PD,,,,,,,,,,False,[]
DB09143,DB13952,The metabolism of can be increased when combined with,PK,BE0002638,Cytochrome P450 3A4,enzyme,substrate,inducer,inducer-substrate,Estradiol acetate --[inducer]--> Cytochrome P450 3A4 --[substrate: metabolizes]--> Sonidegib,PK_through_enzyme,high,True,[]
DB09143,DB14539,The metabolism of can be increased when combined with,PK,BE0002638,Cytochrome P450 3A4,enzyme,substrate,inducer,inducer-substrate,Hydrocortisone acetate --[inducer]--> Cytochrome P450 3A4 --[substrate: metabolizes]--> Sonidegib,PK_through_enzyme,high,True,[]
DB09143,DB11703,The metabolism of can be decreased when combined with,PK,BE0002638,Cytochrome P450 3A4,enzyme,substrate,inhibitor,inhibitor-substrate,Acalabrutinib --[inhibitor]--> Cytochrome P450 3A4 --[substrate: metabolizes]--> Sonidegib,PK_through_enzyme,high,True,[]
DB09143,DB11672,The metabolism of can be decreased when combined with,PK,BE0002638,Cytochrome P450 3A4,enzyme,substrate,inhibitor,inhibitor-substrate,Curcumin --[inhibitor]--> Cytochrome P450 3A4 --[substrate: metabolizes]--> Sonidegib,PK_through_enzyme,high,True,[]
DB09143,DB12095,The serum concentration of can be decreased when it is combined with,PK,BE0002638,Cytochrome P450 3A4,enzyme,substrate,inhibitor,inhibitor-substrate,Telotristat ethyl --[inhibitor]--> Cytochrome P450 3A4 --[substrate: metabolizes]--> Sonidegib,PK_through_enzyme,high,True,"[{""key_entity_id"": ""BE0002638"", ""key_entity_name"": ""Cytochrome P450 3A4"", ""key_entity_type"": ""enzyme"", ""action_drug_a"": ""substrate"", ""action_drug_b"": ""inducer"", ""match_pattern"": ""inducer-substrate"", ""mechanism_chain"": ""Telotristat ethyl --[inducer]--> Cytochrome P450 3A4 --[substrate: metabolizes]--> Sonidegib"", ""chain_type"": ""PK_through_enzyme"", ""confidence"": ""high""}]"
DB09401,DB11102,may increase the excretion rate of which could result in a lower serum level and potentially a reduction in efficacy,PK,,,,,,,,,,False,[]
DB09401,DB13946,may increase the excretion rate of which could result in a lower serum level and potentially a reduction in efficacy,PK,,,,,,,,,,False,[]
DB09401,DB13952,may increase the excretion rate of which could result in a lower serum level and potentially a reduction in efficacy,PK,,,,,,,,,,False,[]
DB09401,DB11609,The therapeutic efficacy of can be decreased when used in combination with,PD,,,,,,,,,,False,[]
DB11102,DB13946,may decrease the excretion rate of which could result in a higher serum level,PK,,,,,,,,,,False,[]
DB11102,DB13952,may decrease the excretion rate of which could result in a higher serum level,PK,,,,,,,,,,False,[]
DB11201,DB14539,The risk or severity of gastrointestinal irritation can be increased when is combined with,PD,,,,,,,,,,False,[]
DB11201,DB13074,The therapeutic efficacy of can be decreased when used in combination with,PD,,,,,,,,,,False,[]
DB11609,DB14627,The therapeutic efficacy of can be decreased when used in combination with,PD,,,,,,,,,,False,[]
DB11672,DB11703,The metabolism of can be decreased when combined with,PK,BE0002638,Cytochrome P450 3A4,enzyme,inhibitor,substrate,inhibitor-substrate,Curcumin --[inhibitor]--> Cytochrome P450 3A4 --[substrate: metabolizes]--> Acalabrutinib,PK_through_enzyme,high,True,"[{""key_entity_id"": ""BE0002638"", ""key_entity_name"": ""Cytochrome P450 3A4"", ""key_entity_type"": ""enzyme"", ""action_drug_a"": ""inhibitor"", ""action_drug_b"": ""inhibitor"", ""match_pattern"": ""inhibitor-inhibitor"", ""mechanism_chain"": ""Curcumin --[inhibitor]--> Cytochrome P450 3A4 <--[inhibitor]-- Acalabrutinib"", ""chain_type"": ""PK_through_enzyme"", ""confidence"": ""high""}]"
DB11672,DB11791,The metabolism of can be decreased when combined with,PK,BE0002638,Cytochrome P450 3A4,enzyme,inhibitor,substrate,inhibitor-substrate,Curcumin --[inhibitor]--> Cytochrome P450 3A4 --[substrate: metabolizes]--> Capmatinib,PK_through_enzyme,high,True,"[{""key_entity_id"": ""BE0002433"", ""key_entity_name"": ""Cytochrome P450 1A2"", ""key_entity_type"": ""enzyme"", ""action_drug_a"": ""inhibitor"", ""action_drug_b"": ""inhibitor"", ""match_pattern"": ""inhibitor-inhibitor"", ""mechanism_chain"": ""Curcumin --[inhibitor]--> Cytochrome P450 1A2 <--[inhibitor]-- Capmatinib"", ""chain_type"": ""PK_through_enzyme"", ""confidence"": ""high""}]"
DB11672,DB12329,The metabolism of can be decreased when combined with,PK,BE0002638,Cytochrome P450 3A4,enzyme,inhibitor,substrate,inhibitor-substrate,Curcumin --[inhibitor]--> Cytochrome P450 3A4 --[substrate: metabolizes]--> Eravacycline,PK_through_enzyme,high,True,[]
DB11672,DB13074,The metabolism of can be decreased when combined with,PK,BE0002638,Cytochrome P450 3A4,enzyme,inhibitor,substrate,inhibitor-substrate,Curcumin --[inhibitor]--> Cytochrome P450 3A4 --[substrate: metabolizes]--> Macimorelin,PK_through_enzyme,high,True,[]
DB11672,DB13952,The metabolism of can be decreased when combined with,PK,BE0002793,Cytochrome P450 2C9,enzyme,inhibitor,substrate,inhibitor-substrate,Curcumin --[inhibitor]--> Cytochrome P450 2C9 --[substrate: metabolizes]--> Estradiol acetate,PK_through_enzyme,high,True,"[{""key_entity_id"": ""BE0002638"", ""key_entity_name"": ""Cytochrome P450 3A4"", ""key_entity_type"": ""enzyme"", ""action_drug_a"": ""inhibitor"", ""action_drug_b"": ""substrate"", ""match_pattern"": ""inhibitor-substrate"", ""mechanism_chain"": ""Curcumin --[inhibitor]--> Cytochrome P450 3A4 --[substrate: metabolizes]--> Estradiol acetate"", ""chain_type"": ""PK_through_enzyme"", ""confidence"": ""high""}, {""key_entity_id"": ""BE0002433"", ""key_entity_name"": ""Cytochrome P450 1A2"", ""key_entity_type"": ""enzyme"", ""action_drug_a"": ""inhibitor"", ""action_drug_b"": ""substrate"", ""match_pattern"": ""inhibitor-substrate"", ""mechanism_chain"": ""Curcumin --[inhibitor]--> Cytochrome P450 1A2 --[substrate: metabolizes]--> Estradiol acetate"", ""chain_type"": ""PK_through_enzyme"", ""confidence"": ""high""}, {""key_entity_id"": ""BE0002433"", ""key_entity_name"": ""Cytochrome P450 1A2"", ""key_entity_type"": ""enzyme"", ""action_drug_a"": ""inhibitor"", ""action_drug_b"": ""inhibitor"", ""match_pattern"": ""inhibitor-inhibitor"", ""mechanism_chain"": ""Curcumin --[inhibitor]--> Cytochrome P450 1A2 <--[inhibitor]-- Estradiol acetate"", ""chain_type"": ""PK_through_enzyme"", ""confidence"": ""high""}]"
DB11672,DB14539,The metabolism of can be decreased when combined with,PK,BE0002638,Cytochrome P450 3A4,enzyme,inhibitor,substrate,inhibitor-substrate,Curcumin --[inhibitor]--> Cytochrome P450 3A4 --[substrate: metabolizes]--> Hydrocortisone acetate,PK_through_enzyme,high,True,[]
DB11672,DB15149,The metabolism of can be decreased when combined with,PK,BE0002793,Cytochrome P450 2C9,enzyme,inhibitor,substrate,inhibitor-substrate,Curcumin --[inhibitor]--> Cytochrome P450 2C9 --[substrate: metabolizes]--> Futibatinib,PK_through_enzyme,high,True,"[{""key_entity_id"": ""BE0002638"", ""key_entity_name"": ""Cytochrome P450 3A4"", ""key_entity_type"": ""enzyme"", ""action_drug_a"": ""inhibitor"", ""action_drug_b"": ""substrate"", ""match_pattern"": ""inhibitor-substrate"", ""mechanism_chain"": ""Curcumin --[inhibitor]--> Cytochrome P450 3A4 --[substrate: metabolizes]--> Futibatinib"", ""chain_type"": ""PK_through_enzyme"", ""confidence"": ""high""}, {""key_entity_id"": ""BE0002363"", ""key_entity_name"": ""Cytochrome P450 2D6"", ""key_entity_type"": ""enzyme"", ""action_drug_a"": ""inhibitor"", ""action_drug_b"": ""substrate"", ""match_pattern"": ""inhibitor-substrate"", ""mechanism_chain"": ""Curcumin --[inhibitor]--> Cytochrome P450 2D6 --[substrate: metabolizes]--> Futibatinib"", ""chain_type"": ""PK_through_enzyme"", ""confidence"": ""high""}]"
DB11672,DB12095,The serum concentration of can be increased when it is combined with,PK,BE0002793,Cytochrome P450 2C9,enzyme,inhibitor,inhibitor,inhibitor-inhibitor,Curcumin --[inhibitor]--> Cytochrome P450 2C9 <--[inhibitor]-- Telotristat ethyl,PK_through_enzyme,high,True,"[{""key_entity_id"": ""BE0002638"", ""key_entity_name"": ""Cytochrome P450 3A4"", ""key_entity_type"": ""enzyme"", ""action_drug_a"": ""inhibitor"", ""action_drug_b"": ""inhibitor"", ""match_pattern"": ""inhibitor-inhibitor"", ""mechanism_chain"": ""Curcumin --[inhibitor]--> Cytochrome P450 3A4 <--[inhibitor]-- Telotristat ethyl"", ""chain_type"": ""PK_through_enzyme"", ""confidence"": ""high""}, {""key_entity_id"": ""BE0002363"", ""key_entity_name"": ""Cytochrome P450 2D6"", ""key_entity_type"": ""enzyme"", ""action_drug_a"": ""inhibitor"", ""action_drug_b"": ""inhibitor"", ""match_pattern"": ""inhibitor-inhibitor"", ""mechanism_chain"": ""Curcumin --[inhibitor]--> Cytochrome P450 2D6 <--[inhibitor]-- Telotristat ethyl"", ""chain_type"": ""PK_through_enzyme"", ""confidence"": ""high""}]"
DB11682,DB13952,The metabolism of can be decreased when combined with,PK,BE0002887,Cytochrome P450 2C8,enzyme,inhibitor,substrate,inhibitor-substrate,Daprodustat --[inhibitor]--> Cytochrome P450 2C8 --[substrate: metabolizes]--> Estradiol acetate,PK_through_enzyme,high,True,"[{""key_entity_id"": ""BE0002638"", ""key_entity_name"": ""Cytochrome P450 3A4"", ""key_entity_type"": ""enzyme"", ""action_drug_a"": ""substrate"", ""action_drug_b"": ""inducer"", ""match_pattern"": ""inducer-substrate"", ""mechanism_chain"": ""Estradiol acetate --[inducer]--> Cytochrome P450 3A4 --[substrate: metabolizes]--> Daprodustat"", ""chain_type"": ""PK_through_enzyme"", ""confidence"": ""high""}]"
DB11703,DB13952,The metabolism of can be increased when combined with,PK,BE0002638,Cytochrome P450 3A4,enzyme,substrate,inducer,inducer-substrate,Estradiol acetate --[inducer]--> Cytochrome P450 3A4 --[substrate: metabolizes]--> Acalabrutinib,PK_through_enzyme,high,True,"[{""key_entity_id"": ""BE0002638"", ""key_entity_name"": ""Cytochrome P450 3A4"", ""key_entity_type"": ""enzyme"", ""action_drug_a"": ""inhibitor"", ""action_drug_b"": ""substrate"", ""match_pattern"": ""inhibitor-substrate"", ""mechanism_chain"": ""Acalabrutinib --[inhibitor]--> Cytochrome P450 3A4 --[substrate: metabolizes]--> Estradiol acetate"", ""chain_type"": ""PK_through_enzyme"", ""confidence"": ""high""}, {""key_entity_id"": ""BE0002362"", ""key_entity_name"": ""Cytochrome P450 3A5"", ""key_entity_type"": ""enzyme"", ""action_drug_a"": ""inhibitor"", ""action_drug_b"": ""substrate"", ""match_pattern"": ""inhibitor-substrate"", ""mechanism_chain"": ""Acalabrutinib --[inhibitor]--> Cytochrome P450 3A5 --[substrate: metabolizes]--> Estradiol acetate"", ""chain_type"": ""PK_through_enzyme"", ""confidence"": ""high""}]"
DB11703,DB14539,The metabolism of can be increased when combined with,PK,BE0002638,Cytochrome P450 3A4,enzyme,substrate,inducer,inducer-substrate,Hydrocortisone acetate --[inducer]--> Cytochrome P450 3A4 --[substrate: metabolizes]--> Acalabrutinib,PK_through_enzyme,high,True,"[{""key_entity_id"": ""BE0002638"", ""key_entity_name"": ""Cytochrome P450 3A4"", ""key_entity_type"": ""enzyme"", ""action_drug_a"": ""inhibitor"", ""action_drug_b"": ""substrate"", ""match_pattern"": ""inhibitor-substrate"", ""mechanism_chain"": ""Acalabrutinib --[inhibitor]--> Cytochrome P450 3A4 --[substrate: metabolizes]--> Hydrocortisone acetate"", ""chain_type"": ""PK_through_enzyme"", ""confidence"": ""high""}, {""key_entity_id"": ""BE0002362"", ""key_entity_name"": ""Cytochrome P450 3A5"", ""key_entity_type"": ""enzyme"", ""action_drug_a"": ""inhibitor"", ""action_drug_b"": ""substrate"", ""match_pattern"": ""inhibitor-substrate"", ""mechanism_chain"": ""Acalabrutinib --[inhibitor]--> Cytochrome P450 3A5 --[substrate: metabolizes]--> Hydrocortisone acetate"", ""chain_type"": ""PK_through_enzyme"", ""confidence"": ""high""}]"
DB11703,DB11791,The serum concentration of can be increased when it is combined with,PK,BE0002638,Cytochrome P450 3A4,enzyme,inhibitor,substrate,inhibitor-substrate,Acalabrutinib --[inhibitor]--> Cytochrome P450 3A4 --[substrate: metabolizes]--> Capmatinib,PK_through_enzyme,high,True,[]
DB11703,DB12095,The serum concentration of can be decreased when it is combined with,PK,BE0002638,Cytochrome P450 3A4,enzyme,substrate,inhibitor,inhibitor-substrate,Telotristat ethyl --[inhibitor]--> Cytochrome P450 3A4 --[substrate: metabolizes]--> Acalabrutinib,PK_through_enzyme,high,True,"[{""key_entity_id"": ""BE0002638"", ""key_entity_name"": ""Cytochrome P450 3A4"", ""key_entity_type"": ""enzyme"", ""action_drug_a"": ""substrate"", ""action_drug_b"": ""inducer"", ""match_pattern"": ""inducer-substrate"", ""mechanism_chain"": ""Telotristat ethyl --[inducer]--> Cytochrome P450 3A4 --[substrate: metabolizes]--> Acalabrutinib"", ""chain_type"": ""PK_through_enzyme"", ""confidence"": ""high""}, {""key_entity_id"": ""BE0002638"", ""key_entity_name"": ""Cytochrome P450 3A4"", ""key_entity_type"": ""enzyme"", ""action_drug_a"": ""inhibitor"", ""action_drug_b"": ""inhibitor"", ""match_pattern"": ""inhibitor-inhibitor"", ""mechanism_chain"": ""Acalabrutinib --[inhibitor]--> Cytochrome P450 3A4 <--[inhibitor]-- Telotristat ethyl"", ""chain_type"": ""PK_through_enzyme"", ""confidence"": ""high""}]"
DB11791,DB13946,The serum concentration of can be decreased when it is combined with,PK,BE0002638,Cytochrome P450 3A4,enzyme,substrate,inhibitor,inhibitor-substrate,Testosterone undecanoate --[inhibitor]--> Cytochrome P450 3A4 --[substrate: metabolizes]--> Capmatinib,PK_through_enzyme,high,True,"[{""key_entity_id"": ""BE0002638"", ""key_entity_name"": ""Cytochrome P450 3A4"", ""key_entity_type"": ""enzyme"", ""action_drug_a"": ""substrate"", ""action_drug_b"": ""inducer"", ""match_pattern"": ""inducer-substrate"", ""mechanism_chain"": ""Testosterone undecanoate --[inducer]--> Cytochrome P450 3A4 --[substrate: metabolizes]--> Capmatinib"", ""chain_type"": ""PK_through_enzyme"", ""confidence"": ""high""}]"
DB11791,DB13952,The serum concentration of can be decreased when it is combined with,PK,BE0002638,Cytochrome P450 3A4,enzyme,substrate,inducer,inducer-substrate,Estradiol acetate --[inducer]--> Cytochrome P450 3A4 --[substrate: metabolizes]--> Capmatinib,PK_through_enzyme,high,True,"[{""key_entity_id"": ""BE0002433"", ""key_entity_name"": ""Cytochrome P450 1A2"", ""key_entity_type"": ""enzyme"", ""action_drug_a"": ""inhibitor"", ""action_drug_b"": ""substrate"", ""match_pattern"": ""inhibitor-substrate"", ""mechanism_chain"": ""Capmatinib --[inhibitor]--> Cytochrome P450 1A2 --[substrate: metabolizes]--> Estradiol acetate"", ""chain_type"": ""PK_through_enzyme"", ""confidence"": ""high""}, {""key_entity_id"": ""BE0002433"", ""key_entity_name"": ""Cytochrome P450 1A2"", ""key_entity_type"": ""enzyme"", ""action_drug_a"": ""inhibitor"", ""action_drug_b"": ""inhibitor"", ""match_pattern"": ""inhibitor-inhibitor"", ""mechanism_chain"": ""Capmatinib --[inhibitor]--> Cytochrome P450 1A2 <--[inhibitor]-- Estradiol acetate"", ""chain_type"": ""PK_through_enzyme"", ""confidence"": ""high""}]"
DB11791,DB14539,The serum concentration of can be decreased when it is combined with,PK,BE0002638,Cytochrome P450 3A4,enzyme,substrate,inducer,inducer-substrate,Hydrocortisone acetate --[inducer]--> Cytochrome P450 3A4 --[substrate: metabolizes]--> Capmatinib,PK_through_enzyme,high,True,[]
DB11791,DB12095,The serum concentration of can be decreased when it is combined with,PK,BE0002638,Cytochrome P450 3A4,enzyme,substrate,inhibitor,inhibitor-substrate,Telotristat ethyl --[inhibitor]--> Cytochrome P450 3A4 --[substrate: metabolizes]--> Capmatinib,PK_through_enzyme,high,True,"[{""key_entity_id"": ""BE0002638"", ""key_entity_name"": ""Cytochrome P450 3A4"", ""key_entity_type"": ""enzyme"", ""action_drug_a"": ""substrate"", ""action_drug_b"": ""inducer"", ""match_pattern"": ""inducer-substrate"", ""mechanism_chain"": ""Telotristat ethyl --[inducer]--> Cytochrome P450 3A4 --[substrate: metabolizes]--> Capmatinib"", ""chain_type"": ""PK_through_enzyme"", ""confidence"": ""high""}]"
DB11791,DB15149,The serum concentration of can be increased when it is combined with,PK,BE0001032,ATP-dependent translocase ABCB1,transporter,substrate,inhibitor,inhibitor-substrate,Futibatinib --[inhibitor]--> ATP-dependent translocase ABCB1 --[substrate: transports]--> Capmatinib,PK_through_transporter,high,True,"[{""key_entity_id"": ""BE0001032"", ""key_entity_name"": ""ATP-dependent translocase ABCB1"", ""key_entity_type"": ""transporter"", ""action_drug_a"": ""inhibitor"", ""action_drug_b"": ""substrate"", ""match_pattern"": ""inhibitor-substrate"", ""mechanism_chain"": ""Capmatinib --[inhibitor]--> ATP-dependent translocase ABCB1 --[substrate: transports]--> Futibatinib"", ""chain_type"": ""PK_through_transporter"", ""confidence"": ""high""}, {""key_entity_id"": ""BE0001032"", ""key_entity_name"": ""ATP-dependent translocase ABCB1"", ""key_entity_type"": ""transporter"", ""action_drug_a"": ""inhibitor"", ""action_drug_b"": ""inhibitor"", ""match_pattern"": ""inhibitor-inhibitor"", ""mechanism_chain"": ""Capmatinib --[inhibitor]--> ATP-dependent translocase ABCB1 <--[inhibitor]-- Futibatinib"", ""chain_type"": ""PK_through_transporter"", ""confidence"": ""high""}, {""key_entity_id"": ""BE0001067"", ""key_entity_name"": ""Broad substrate specificity ATP-binding cassette transporter ABCG2"", ""key_entity_type"": ""transporter"", ""action_drug_a"": ""inhibitor"", ""action_drug_b"": ""substrate"", ""match_pattern"": ""inhibitor-substrate"", ""mechanism_chain"": ""Capmatinib --[inhibitor]--> Broad substrate specificity ATP-binding cassette transporter ABCG2 --[substrate: transports]--> Futibatinib"", ""chain_type"": ""PK_through_transporter"", ""confidence"": ""high""}]"
DB12095,DB12329,The serum concentration of can be decreased when it is combined with,PK,BE0002638,Cytochrome P450 3A4,enzyme,inhibitor,substrate,inhibitor-substrate,Telotristat ethyl --[inhibitor]--> Cytochrome P450 3A4 --[substrate: metabolizes]--> Eravacycline,PK_through_enzyme,high,True,"[{""key_entity_id"": ""BE0002638"", ""key_entity_name"": ""Cytochrome P450 3A4"", ""key_entity_type"": ""enzyme"", ""action_drug_a"": ""inducer"", ""action_drug_b"": ""substrate"", ""match_pattern"": ""inducer-substrate"", ""mechanism_chain"": ""Telotristat ethyl --[inducer]--> Cytochrome P450 3A4 --[substrate: metabolizes]--> Eravacycline"", ""chain_type"": ""PK_through_enzyme"", ""confidence"": ""high""}]"
DB12095,DB13074,The serum concentration of can be decreased when it is combined with,PK,BE0002638,Cytochrome P450 3A4,enzyme,inhibitor,substrate,inhibitor-substrate,Telotristat ethyl --[inhibitor]--> Cytochrome P450 3A4 --[substrate: metabolizes]--> Macimorelin,PK_through_enzyme,high,True,"[{""key_entity_id"": ""BE0002638"", ""key_entity_name"": ""Cytochrome P450 3A4"", ""key_entity_type"": ""enzyme"", ""action_drug_a"": ""inducer"", ""action_drug_b"": ""substrate"", ""match_pattern"": ""inducer-substrate"", ""mechanism_chain"": ""Telotristat ethyl --[inducer]--> Cytochrome P450 3A4 --[substrate: metabolizes]--> Macimorelin"", ""chain_type"": ""PK_through_enzyme"", ""confidence"": ""high""}]"
DB12095,DB13952,The serum concentration of can be decreased when it is combined with,PK,BE0002887,Cytochrome P450 2C8,enzyme,inhibitor,substrate,inhibitor-substrate,Telotristat ethyl --[inhibitor]--> Cytochrome P450 2C8 --[substrate: metabolizes]--> Estradiol acetate,PK_through_enzyme,high,True,"[{""key_entity_id"": ""BE0002793"", ""key_entity_name"": ""Cytochrome P450 2C9"", ""key_entity_type"": ""enzyme"", ""action_drug_a"": ""inhibitor"", ""action_drug_b"": ""substrate"", ""match_pattern"": ""inhibitor-substrate"", ""mechanism_chain"": ""Telotristat ethyl --[inhibitor]--> Cytochrome P450 2C9 --[substrate: metabolizes]--> Estradiol acetate"", ""chain_type"": ""PK_through_enzyme"", ""confidence"": ""high""}, {""key_entity_id"": ""BE0002638"", ""key_entity_name"": ""Cytochrome P450 3A4"", ""key_entity_type"": ""enzyme"", ""action_drug_a"": ""inhibitor"", ""action_drug_b"": ""substrate"", ""match_pattern"": ""inhibitor-substrate"", ""mechanism_chain"": ""Telotristat ethyl --[inhibitor]--> Cytochrome P450 3A4 --[substrate: metabolizes]--> Estradiol acetate"", ""chain_type"": ""PK_through_enzyme"", ""confidence"": ""high""}, {""key_entity_id"": ""BE0002638"", ""key_entity_name"": ""Cytochrome P450 3A4"", ""key_entity_type"": ""enzyme"", ""action_drug_a"": ""inducer"", ""action_drug_b"": ""substrate"", ""match_pattern"": ""inducer-substrate"", ""mechanism_chain"": ""Telotristat ethyl --[inducer]--> Cytochrome P450 3A4 --[substrate: metabolizes]--> Estradiol acetate"", ""chain_type"": ""PK_through_enzyme"", ""confidence"": ""high""}, {""key_entity_id"": ""BE0003536"", ""key_entity_name"": ""Cytochrome P450 2C19"", ""key_entity_type"": ""enzyme"", ""action_drug_a"": ""inhibitor"", ""action_drug_b"": ""substrate"", ""match_pattern"": ""inhibitor-substrate"", ""mechanism_chain"": ""Telotristat ethyl --[inhibitor]--> Cytochrome P450 2C19 --[substrate: metabolizes]--> Estradiol acetate"", ""chain_type"": ""PK_through_enzyme"", ""confidence"": ""high""}]"
DB12095,DB14539,The serum concentration of can be decreased when it is combined with,PK,BE0002638,Cytochrome P450 3A4,enzyme,inhibitor,substrate,inhibitor-substrate,Telotristat ethyl --[inhibitor]--> Cytochrome P450 3A4 --[substrate: metabolizes]--> Hydrocortisone acetate,PK_through_enzyme,high,True,"[{""key_entity_id"": ""BE0002638"", ""key_entity_name"": ""Cytochrome P450 3A4"", ""key_entity_type"": ""enzyme"", ""action_drug_a"": ""inducer"", ""action_drug_b"": ""substrate"", ""match_pattern"": ""inducer-substrate"", ""mechanism_chain"": ""Telotristat ethyl --[inducer]--> Cytochrome P450 3A4 --[substrate: metabolizes]--> Hydrocortisone acetate"", ""chain_type"": ""PK_through_enzyme"", ""confidence"": ""high""}]"
DB12095,DB15149,The serum concentration of can be decreased when it is combined with,PK,BE0002793,Cytochrome P450 2C9,enzyme,inhibitor,substrate,inhibitor-substrate,Telotristat ethyl --[inhibitor]--> Cytochrome P450 2C9 --[substrate: metabolizes]--> Futibatinib,PK_through_enzyme,high,True,"[{""key_entity_id"": ""BE0002638"", ""key_entity_name"": ""Cytochrome P450 3A4"", ""key_entity_type"": ""enzyme"", ""action_drug_a"": ""inhibitor"", ""action_drug_b"": ""substrate"", ""match_pattern"": ""inhibitor-substrate"", ""mechanism_chain"": ""Telotristat ethyl --[inhibitor]--> Cytochrome P450 3A4 --[substrate: metabolizes]--> Futibatinib"", ""chain_type"": ""PK_through_enzyme"", ""confidence"": ""high""}, {""key_entity_id"": ""BE0002638"", ""key_entity_name"": ""Cytochrome P450 3A4"", ""key_entity_type"": ""enzyme"", ""action_drug_a"": ""inducer"", ""action_drug_b"": ""substrate"", ""match_pattern"": ""inducer-substrate"", ""mechanism_chain"": ""Telotristat ethyl --[inducer]--> Cytochrome P450 3A4 --[substrate: metabolizes]--> Futibatinib"", ""chain_type"": ""PK_through_enzyme"", ""confidence"": ""high""}, {""key_entity_id"": ""BE0002363"", ""key_entity_name"": ""Cytochrome P450 2D6"", ""key_entity_type"": ""enzyme"", ""action_drug_a"": ""inhibitor"", ""action_drug_b"": ""substrate"", ""match_pattern"": ""inhibitor-substrate"", ""mechanism_chain"": ""Telotristat ethyl --[inhibitor]--> Cytochrome P450 2D6 --[substrate: metabolizes]--> Futibatinib"", ""chain_type"": ""PK_through_enzyme"", ""confidence"": ""high""}]"
DB12877,DB13074,The risk or severity of QTc prolongation can be increased when is combined with,PD,,,,,,,,,,False,[]
DB13946,DB13952,may decrease the excretion rate of which could result in a higher serum level,PK,BE0001032,ATP-dependent translocase ABCB1,transporter,inhibitor,substrate,inhibitor-substrate,Testosterone undecanoate --[inhibitor]--> ATP-dependent translocase ABCB1 --[substrate: transports]--> Estradiol acetate,PK_through_transporter,high,True,"[{""key_entity_id"": ""BE0001067"", ""key_entity_name"": ""Broad substrate specificity ATP-binding cassette transporter ABCG2"", ""key_entity_type"": ""transporter"", ""action_drug_a"": ""substrate"", ""action_drug_b"": ""inhibitor"", ""match_pattern"": ""inhibitor-substrate"", ""mechanism_chain"": ""Estradiol acetate --[inhibitor]--> Broad substrate specificity ATP-binding cassette transporter ABCG2 --[substrate: transports]--> Testosterone undecanoate"", ""chain_type"": ""PK_through_transporter"", ""confidence"": ""high""}, {""key_entity_id"": ""BE0003642"", ""key_entity_name"": ""Solute carrier organic anion transporter family member 1A2"", ""key_entity_type"": ""transporter"", ""action_drug_a"": ""inhibitor"", ""action_drug_b"": ""inhibitor"", ""match_pattern"": ""inhibitor-inhibitor"", ""mechanism_chain"": ""Testosterone undecanoate --[inhibitor]--> Solute carrier organic anion transporter family member 1A2 <--[inhibitor]-- Estradiol acetate"", ""chain_type"": ""PK_through_transporter"", ""confidence"": ""high""}]"
DB13952,DB14539,The metabolism of can be decreased when combined with,PK,BE0002887,Cytochrome P450 2C8,enzyme,substrate,inducer,inducer-substrate,Hydrocortisone acetate --[inducer]--> Cytochrome P450 2C8 --[substrate: metabolizes]--> Estradiol acetate,PK_through_enzyme,high,True,"[{""key_entity_id"": ""BE0002638"", ""key_entity_name"": ""Cytochrome P450 3A4"", ""key_entity_type"": ""enzyme"", ""action_drug_a"": ""substrate"", ""action_drug_b"": ""inducer"", ""match_pattern"": ""inducer-substrate"", ""mechanism_chain"": ""Hydrocortisone acetate --[inducer]--> Cytochrome P450 3A4 --[substrate: metabolizes]--> Estradiol acetate"", ""chain_type"": ""PK_through_enzyme"", ""confidence"": ""high""}, {""key_entity_id"": ""BE0002638"", ""key_entity_name"": ""Cytochrome P450 3A4"", ""key_entity_type"": ""enzyme"", ""action_drug_a"": ""inducer"", ""action_drug_b"": ""substrate"", ""match_pattern"": ""inducer-substrate"", ""mechanism_chain"": ""Estradiol acetate --[inducer]--> Cytochrome P450 3A4 --[substrate: metabolizes]--> Hydrocortisone acetate"", ""chain_type"": ""PK_through_enzyme"", ""confidence"": ""high""}]"
