drug_a_id,drug_b_id,description,ddi_type
DB00231,DB01198,The risk or severity of adverse effects can be increased when Temazepam is combined with Zopiclone.,The risk or severity of adverse effects can be increased when is combined with
DB00231,DB00423,The risk or severity of CNS depression can be increased when Temazepam is combined with Methocarbamol.,The risk or severity of CNS depression can be increased when is combined with
DB00231,DB01168,The risk or severity of CNS depression can be increased when Temazepam is combined with Procarbazine.,The risk or severity of CNS depression can be increased when is combined with
DB00231,DB01616,The risk or severity of CNS depression can be increased when Temazepam is combined with Alverine.,The risk or severity of CNS depression can be increased when is combined with
DB00231,DB06701,The risk or severity of CNS depression can be increased when Temazepam is combined with Dexmethylphenidate.,The risk or severity of CNS depression can be increased when is combined with
DB00231,DB06797,The risk or severity of CNS depression can be increased when Temazepam is combined with Mebutamate.,The risk or severity of CNS depression can be increased when is combined with
DB00231,DB13213,The risk or severity of CNS depression can be increased when Temazepam is combined with Butaperazine.,The risk or severity of CNS depression can be increased when is combined with
DB00231,DB09009,The risk or severity of CNS depression can be increased when Temazepam is combined with Articaine.,The risk or severity of CNS depression can be increased when is combined with
DB00231,DB00679,The risk or severity of CNS depression can be increased when Temazepam is combined with Thioridazine.,The risk or severity of CNS depression can be increased when is combined with
DB00231,DB06016,The risk or severity of CNS depression can be increased when Temazepam is combined with Cariprazine.,The risk or severity of CNS depression can be increased when is combined with
DB00231,DB06144,The risk or severity of CNS depression can be increased when Temazepam is combined with Sertindole.,The risk or severity of CNS depression can be increased when is combined with
DB00231,DB00787,Acyclovir may decrease the excretion rate of Temazepam which could result in a higher serum level.,may decrease the excretion rate of which could result in a higher serum level
DB00231,DB01009,Ketoprofen may decrease the excretion rate of Temazepam which could result in a higher serum level.,may decrease the excretion rate of which could result in a higher serum level
DB00231,DB01112,Cefuroxime may decrease the excretion rate of Temazepam which could result in a higher serum level.,may decrease the excretion rate of which could result in a higher serum level
DB00231,DB01424,Aminophenazone may decrease the excretion rate of Temazepam which could result in a higher serum level.,may decrease the excretion rate of which could result in a higher serum level
DB00231,DB06736,Aceclofenac may decrease the excretion rate of Temazepam which could result in a higher serum level.,may decrease the excretion rate of which could result in a higher serum level
DB00231,DB08976,Floctafenine may decrease the excretion rate of Temazepam which could result in a higher serum level.,may decrease the excretion rate of which could result in a higher serum level
DB00231,DB08981,Fenbufen may decrease the excretion rate of Temazepam which could result in a higher serum level.,may decrease the excretion rate of which could result in a higher serum level
DB00231,DB00303,Temazepam may decrease the excretion rate of Ertapenem which could result in a higher serum level.,may decrease the excretion rate of which could result in a higher serum level
DB00231,DB00871,Temazepam may decrease the excretion rate of Terbutaline which could result in a higher serum level.,may decrease the excretion rate of which could result in a higher serum level
DB00231,DB00915,Temazepam may decrease the excretion rate of Amantadine which could result in a higher serum level.,may decrease the excretion rate of which could result in a higher serum level
DB00231,DB01046,Temazepam may decrease the excretion rate of Lubiprostone which could result in a higher serum level.,may decrease the excretion rate of which could result in a higher serum level
DB00231,DB01067,Temazepam may decrease the excretion rate of Glipizide which could result in a higher serum level.,may decrease the excretion rate of which could result in a higher serum level
DB00231,DB01274,Temazepam may decrease the excretion rate of Arformoterol which could result in a higher serum level.,may decrease the excretion rate of which could result in a higher serum level
DB00231,DB01428,Temazepam may decrease the excretion rate of Oxybenzone which could result in a higher serum level.,may decrease the excretion rate of which could result in a higher serum level
DB00231,DB06782,Temazepam may decrease the excretion rate of Dimercaprol which could result in a higher serum level.,may decrease the excretion rate of which could result in a higher serum level
DB00231,DB06813,Temazepam may decrease the excretion rate of Pralatrexate which could result in a higher serum level.,may decrease the excretion rate of which could result in a higher serum level
DB00231,DB09091,Temazepam may decrease the excretion rate of Tixocortol which could result in a higher serum level.,may decrease the excretion rate of which could result in a higher serum level
DB00231,DB11102,Temazepam may decrease the excretion rate of N-acetyltyrosine which could result in a higher serum level.,may decrease the excretion rate of which could result in a higher serum level
DB00231,DB13946,Temazepam may decrease the excretion rate of Testosterone undecanoate which could result in a higher serum level.,may decrease the excretion rate of which could result in a higher serum level
DB00231,DB13952,Temazepam may decrease the excretion rate of Estradiol acetate which could result in a higher serum level.,may decrease the excretion rate of which could result in a higher serum level
DB00231,DB01101,Temazepam may decrease the excretion rate of Capecitabine which could result in a higher serum level.,may decrease the excretion rate of which could result in a higher serum level
DB00231,DB01115,Temazepam may decrease the excretion rate of Nifedipine which could result in a higher serum level.,may decrease the excretion rate of which could result in a higher serum level
DB00231,DB06228,Temazepam may decrease the excretion rate of Rivaroxaban which could result in a higher serum level.,may decrease the excretion rate of which could result in a higher serum level
DB00231,DB00564,Temazepam may decrease the excretion rate of Carbamazepine which could result in a higher serum level.,may decrease the excretion rate of which could result in a higher serum level
DB00231,DB00479,Temazepam may decrease the excretion rate of Amikacin which could result in a higher serum level.,may decrease the excretion rate of which could result in a higher serum level
DB00231,DB09401,Isosorbide may increase the excretion rate of Temazepam which could result in a lower serum level and potentially a reduction in efficacy.,may increase the excretion rate of which could result in a lower serum level and potentially a reduction in efficacy
DB00231,DB00318,The risk or severity of adverse effects can be increased when Codeine is combined with Temazepam.,The risk or severity of adverse effects can be increased when is combined with
DB00231,DB00497,The risk or severity of adverse effects can be increased when Oxycodone is combined with Temazepam.,The risk or severity of adverse effects can be increased when is combined with
DB00231,DB00647,The risk or severity of adverse effects can be increased when Dextropropoxyphene is combined with Temazepam.,The risk or severity of adverse effects can be increased when is combined with
DB00231,DB11609,The risk or severity of adverse effects can be increased when Normethadone is combined with Temazepam.,The risk or severity of adverse effects can be increased when is combined with
DB00231,DB00575,The risk or severity of sedation can be increased when Clonidine is combined with Temazepam.,The risk or severity of sedation can be increased when is combined with
DB00276,DB00352,The risk or severity of adverse effects can be increased when Amsacrine is combined with Tioguanine.,The risk or severity of adverse effects can be increased when is combined with
DB00276,DB00495,The risk or severity of adverse effects can be increased when Amsacrine is combined with Zidovudine.,The risk or severity of adverse effects can be increased when is combined with
DB00276,DB00570,The risk or severity of adverse effects can be increased when Amsacrine is combined with Vinblastine.,The risk or severity of adverse effects can be increased when is combined with
DB00276,DB01101,The risk or severity of adverse effects can be increased when Amsacrine is combined with Capecitabine.,The risk or severity of adverse effects can be increased when is combined with
DB00276,DB01168,The risk or severity of adverse effects can be increased when Amsacrine is combined with Procarbazine.,The risk or severity of adverse effects can be increased when is combined with
DB00276,DB01234,The risk or severity of adverse effects can be increased when Amsacrine is combined with Dexamethasone.,The risk or severity of adverse effects can be increased when is combined with
DB00276,DB06813,The risk or severity of adverse effects can be increased when Amsacrine is combined with Pralatrexate.,The risk or severity of adverse effects can be increased when is combined with
DB00276,DB09091,The risk or severity of adverse effects can be increased when Amsacrine is combined with Tixocortol.,The risk or severity of adverse effects can be increased when is combined with
DB00276,DB14539,The risk or severity of adverse effects can be increased when Amsacrine is combined with Hydrocortisone acetate.,The risk or severity of adverse effects can be increased when is combined with
DB00276,DB00564,The risk or severity of adverse effects can be increased when Amsacrine is combined with Carbamazepine.,The risk or severity of adverse effects can be increased when is combined with
DB00276,DB00324,The risk or severity of adverse effects can be increased when Amsacrine is combined with Fluorometholone.,The risk or severity of adverse effects can be increased when is combined with
DB00276,DB08868,Amsacrine may increase the immunosuppressive activities of Fingolimod.,may increase the immunosuppressive activities of
DB00276,DB09009,The risk or severity of methemoglobinemia can be increased when Amsacrine is combined with Articaine.,The risk or severity of methemoglobinemia can be increased when is combined with
DB00303,DB00787,Acyclovir may decrease the excretion rate of Ertapenem which could result in a higher serum level.,may decrease the excretion rate of which could result in a higher serum level
DB00303,DB01009,Ketoprofen may decrease the excretion rate of Ertapenem which could result in a higher serum level.,may decrease the excretion rate of which could result in a higher serum level
DB00303,DB01112,Cefuroxime may decrease the excretion rate of Ertapenem which could result in a higher serum level.,may decrease the excretion rate of which could result in a higher serum level
DB00303,DB01424,Aminophenazone may decrease the excretion rate of Ertapenem which could result in a higher serum level.,may decrease the excretion rate of which could result in a higher serum level
DB00303,DB06736,Aceclofenac may decrease the excretion rate of Ertapenem which could result in a higher serum level.,may decrease the excretion rate of which could result in a higher serum level
DB00303,DB08976,Floctafenine may decrease the excretion rate of Ertapenem which could result in a higher serum level.,may decrease the excretion rate of which could result in a higher serum level
DB00303,DB08981,Fenbufen may decrease the excretion rate of Ertapenem which could result in a higher serum level.,may decrease the excretion rate of which could result in a higher serum level
DB00303,DB00871,Ertapenem may decrease the excretion rate of Terbutaline which could result in a higher serum level.,may decrease the excretion rate of which could result in a higher serum level
DB00303,DB00915,Ertapenem may decrease the excretion rate of Amantadine which could result in a higher serum level.,may decrease the excretion rate of which could result in a higher serum level
DB00303,DB01046,Ertapenem may decrease the excretion rate of Lubiprostone which could result in a higher serum level.,may decrease the excretion rate of which could result in a higher serum level
DB00303,DB01067,Ertapenem may decrease the excretion rate of Glipizide which could result in a higher serum level.,may decrease the excretion rate of which could result in a higher serum level
DB00303,DB01101,Ertapenem may decrease the excretion rate of Capecitabine which could result in a higher serum level.,may decrease the excretion rate of which could result in a higher serum level
DB00303,DB01115,Ertapenem may decrease the excretion rate of Nifedipine which could result in a higher serum level.,may decrease the excretion rate of which could result in a higher serum level
DB00303,DB01274,Ertapenem may decrease the excretion rate of Arformoterol which could result in a higher serum level.,may decrease the excretion rate of which could result in a higher serum level
DB00303,DB01428,Ertapenem may decrease the excretion rate of Oxybenzone which could result in a higher serum level.,may decrease the excretion rate of which could result in a higher serum level
DB00303,DB06228,Ertapenem may decrease the excretion rate of Rivaroxaban which could result in a higher serum level.,may decrease the excretion rate of which could result in a higher serum level
DB00303,DB06782,Ertapenem may decrease the excretion rate of Dimercaprol which could result in a higher serum level.,may decrease the excretion rate of which could result in a higher serum level
DB00303,DB06813,Ertapenem may decrease the excretion rate of Pralatrexate which could result in a higher serum level.,may decrease the excretion rate of which could result in a higher serum level
DB00303,DB09091,Ertapenem may decrease the excretion rate of Tixocortol which could result in a higher serum level.,may decrease the excretion rate of which could result in a higher serum level
DB00303,DB11102,Ertapenem may decrease the excretion rate of N-acetyltyrosine which could result in a higher serum level.,may decrease the excretion rate of which could result in a higher serum level
DB00303,DB13946,Ertapenem may decrease the excretion rate of Testosterone undecanoate which could result in a higher serum level.,may decrease the excretion rate of which could result in a higher serum level
DB00303,DB13952,Ertapenem may decrease the excretion rate of Estradiol acetate which could result in a higher serum level.,may decrease the excretion rate of which could result in a higher serum level
DB00303,DB00479,Ertapenem may decrease the excretion rate of Amikacin which could result in a higher serum level.,may decrease the excretion rate of which could result in a higher serum level
DB00303,DB00564,Ertapenem may decrease the excretion rate of Carbamazepine which could result in a higher serum level.,may decrease the excretion rate of which could result in a higher serum level
DB00303,DB09401,Isosorbide may increase the excretion rate of Ertapenem which could result in a lower serum level and potentially a reduction in efficacy.,may increase the excretion rate of which could result in a lower serum level and potentially a reduction in efficacy
DB00303,DB09009,The risk or severity of methemoglobinemia can be increased when Ertapenem is combined with Articaine.,The risk or severity of methemoglobinemia can be increased when is combined with
DB00318,DB00497,The risk or severity of adverse effects can be increased when Codeine is combined with Oxycodone.,The risk or severity of adverse effects can be increased when is combined with
DB00318,DB00647,The risk or severity of adverse effects can be increased when Codeine is combined with Dextropropoxyphene.,The risk or severity of adverse effects can be increased when is combined with
DB00318,DB11609,The risk or severity of adverse effects can be increased when Codeine is combined with Normethadone.,The risk or severity of adverse effects can be increased when is combined with
DB00318,DB00940,The risk or severity of adverse effects can be increased when Methantheline is combined with Codeine.,The risk or severity of adverse effects can be increased when is combined with
DB00318,DB08801,The risk or severity of adverse effects can be increased when Dimetindene is combined with Codeine.,The risk or severity of adverse effects can be increased when is combined with
DB00318,DB00915,The risk or severity of adverse effects can be increased when Amantadine is combined with Codeine.,The risk or severity of adverse effects can be increased when is combined with
DB00318,DB01198,The risk or severity of adverse effects can be increased when Codeine is combined with Zopiclone.,The risk or severity of adverse effects can be increased when is combined with
DB00318,DB00857,The metabolism of Codeine can be decreased when combined with Terbinafine.,The metabolism of can be decreased when combined with
DB00318,DB06708,The metabolism of Codeine can be decreased when combined with Lumefantrine.,The metabolism of can be decreased when combined with
DB00318,DB00679,The metabolism of Codeine can be decreased when combined with Thioridazine.,The metabolism of can be decreased when combined with
DB00318,DB01182,The metabolism of Codeine can be decreased when combined with Propafenone.,The metabolism of can be decreased when combined with
DB00318,DB01616,The risk or severity of CNS depression can be increased when Codeine is combined with Alverine.,The risk or severity of CNS depression can be increased when is combined with
DB00318,DB06016,The risk or severity of CNS depression can be increased when Codeine is combined with Cariprazine.,The risk or severity of CNS depression can be increased when is combined with
DB00318,DB06144,The risk or severity of CNS depression can be increased when Codeine is combined with Sertindole.,The risk or severity of CNS depression can be increased when is combined with
DB00318,DB06701,The risk or severity of CNS depression can be increased when Codeine is combined with Dexmethylphenidate.,The risk or severity of CNS depression can be increased when is combined with
DB00318,DB06797,The risk or severity of CNS depression can be increased when Codeine is combined with Mebutamate.,The risk or severity of CNS depression can be increased when is combined with
DB00318,DB09009,The risk or severity of CNS depression can be increased when Codeine is combined with Articaine.,The risk or severity of CNS depression can be increased when is combined with
DB00318,DB01168,The risk or severity of adverse effects can be increased when Codeine is combined with Procarbazine.,The risk or severity of adverse effects can be increased when is combined with
DB00318,DB14627,The therapeutic efficacy of Oxyphenisatin acetate can be decreased when used in combination with Codeine.,The therapeutic efficacy of can be decreased when used in combination with
DB00318,DB01046,The therapeutic efficacy of Lubiprostone can be decreased when used in combination with Codeine.,The therapeutic efficacy of can be decreased when used in combination with
DB00318,DB00495,The excretion of Zidovudine can be decreased when combined with Codeine.,The excretion of can be decreased when combined with
DB00318,DB01244,The metabolism of Codeine can be decreased when combined with Bepridil.,The metabolism of can be decreased when combined with
DB00318,DB01115,The metabolism of Nifedipine can be decreased when combined with Codeine.,The metabolism of can be decreased when combined with
DB00318,DB00570,The metabolism of Codeine can be decreased when combined with Vinblastine.,The metabolism of can be decreased when combined with
DB00318,DB00335,The metabolism of Atenolol can be decreased when combined with Codeine.,The metabolism of can be decreased when combined with
DB00318,DB01274,The metabolism of Arformoterol can be decreased when combined with Codeine.,The metabolism of can be decreased when combined with
DB00318,DB01424,The metabolism of Aminophenazone can be decreased when combined with Codeine.,The metabolism of can be decreased when combined with
DB00318,DB00938,The risk or severity of adverse effects can be increased when Codeine is combined with Salmeterol.,The risk or severity of adverse effects can be increased when is combined with
DB00318,DB13952,The risk or severity of adverse effects can be increased when Estradiol acetate is combined with Codeine.,The risk or severity of adverse effects can be increased when is combined with
DB00318,DB00787,The risk or severity of adverse effects can be increased when Codeine is combined with Acyclovir.,The risk or severity of adverse effects can be increased when is combined with
DB00318,DB09401,The therapeutic efficacy of Isosorbide can be decreased when used in combination with Codeine.,The therapeutic efficacy of can be decreased when used in combination with
DB00318,DB00575,The risk or severity of sedation can be increased when Clonidine is combined with Codeine.,The risk or severity of sedation can be increased when is combined with
DB00318,DB06712,The metabolism of Codeine can be decreased when combined with Nilvadipine.,The metabolism of can be decreased when combined with
DB00318,DB01167,The metabolism of Codeine can be decreased when combined with Itraconazole.,The metabolism of can be decreased when combined with
DB00318,DB00564,The metabolism of Codeine can be increased when combined with Carbamazepine.,The metabolism of can be increased when combined with
DB00318,DB01234,The metabolism of Codeine can be increased when combined with Dexamethasone.,The metabolism of can be increased when combined with
DB00318,DB11672,The metabolism of Codeine can be decreased when combined with Curcumin.,The metabolism of can be decreased when combined with
DB00318,DB12095,The serum concentration of Codeine can be decreased when it is combined with Telotristat ethyl.,The serum concentration of can be decreased when it is combined with
DB00324,DB00352,The risk or severity of adverse effects can be increased when Fluorometholone is combined with Tioguanine.,The risk or severity of adverse effects can be increased when is combined with
DB00324,DB00495,The risk or severity of adverse effects can be increased when Fluorometholone is combined with Zidovudine.,The risk or severity of adverse effects can be increased when is combined with
DB00324,DB00564,The risk or severity of adverse effects can be increased when Fluorometholone is combined with Carbamazepine.,The risk or severity of adverse effects can be increased when is combined with
DB00324,DB00570,The risk or severity of adverse effects can be increased when Fluorometholone is combined with Vinblastine.,The risk or severity of adverse effects can be increased when is combined with
DB00324,DB01101,The risk or severity of adverse effects can be increased when Fluorometholone is combined with Capecitabine.,The risk or severity of adverse effects can be increased when is combined with
DB00324,DB01168,The risk or severity of adverse effects can be increased when Fluorometholone is combined with Procarbazine.,The risk or severity of adverse effects can be increased when is combined with
DB00324,DB01234,The risk or severity of adverse effects can be increased when Fluorometholone is combined with Dexamethasone.,The risk or severity of adverse effects can be increased when is combined with
DB00324,DB06813,The risk or severity of adverse effects can be increased when Fluorometholone is combined with Pralatrexate.,The risk or severity of adverse effects can be increased when is combined with
DB00324,DB09091,The risk or severity of adverse effects can be increased when Fluorometholone is combined with Tixocortol.,The risk or severity of adverse effects can be increased when is combined with
DB00324,DB14539,The risk or severity of adverse effects can be increased when Fluorometholone is combined with Hydrocortisone acetate.,The risk or severity of adverse effects can be increased when is combined with
DB00324,DB09063,The risk or severity of hyperglycemia can be increased when Fluorometholone is combined with Ceritinib.,The risk or severity of hyperglycemia can be increased when is combined with
DB00324,DB08868,Fluorometholone may increase the immunosuppressive activities of Fingolimod.,may increase the immunosuppressive activities of
DB00324,DB00957,The serum concentration of Fluorometholone can be increased when it is combined with Norgestimate.,The serum concentration of can be increased when it is combined with
DB00324,DB01009,The risk or severity of gastrointestinal irritation can be increased when Fluorometholone is combined with Ketoprofen.,The risk or severity of gastrointestinal irritation can be increased when is combined with
DB00324,DB01424,The risk or severity of gastrointestinal irritation can be increased when Fluorometholone is combined with Aminophenazone.,The risk or severity of gastrointestinal irritation can be increased when is combined with
DB00324,DB06736,The risk or severity of gastrointestinal irritation can be increased when Fluorometholone is combined with Aceclofenac.,The risk or severity of gastrointestinal irritation can be increased when is combined with
DB00324,DB08976,The risk or severity of gastrointestinal irritation can be increased when Fluorometholone is combined with Floctafenine.,The risk or severity of gastrointestinal irritation can be increased when is combined with
DB00324,DB08981,The risk or severity of gastrointestinal irritation can be increased when Fluorometholone is combined with Fenbufen.,The risk or severity of gastrointestinal irritation can be increased when is combined with
DB00324,DB00871,The therapeutic efficacy of Terbutaline can be decreased when used in combination with Fluorometholone.,The therapeutic efficacy of can be decreased when used in combination with
DB00324,DB01067,The risk or severity of hyperglycemia can be increased when Fluorometholone is combined with Glipizide.,The risk or severity of hyperglycemia can be increased when is combined with
DB00324,DB01078,The risk or severity of adverse effects can be increased when Fluorometholone is combined with Deslanoside.,The risk or severity of adverse effects can be increased when is combined with
DB00324,DB11201,The risk or severity of gastrointestinal irritation can be increased when Fluorometholone is combined with Menthyl salicylate.,The risk or severity of gastrointestinal irritation can be increased when is combined with
DB00324,DB12095,The serum concentration of Fluorometholone can be decreased when it is combined with Telotristat ethyl.,The serum concentration of can be decreased when it is combined with
DB00335,DB09063,Atenolol may increase the bradycardic activities of Ceritinib.,may increase the bradycardic activities of
DB00335,DB06701,Dexmethylphenidate may decrease the antihypertensive activities of Atenolol.,may decrease the antihypertensive activities of
DB00335,DB08868,Atenolol may increase the bradycardic activities of Fingolimod.,may increase the bradycardic activities of
DB00335,DB08976,The risk or severity of adverse effects can be increased when Atenolol is combined with Floctafenine.,The risk or severity of adverse effects can be increased when is combined with
DB00335,DB01182,The risk or severity of adverse effects can be increased when Propafenone is combined with Atenolol.,The risk or severity of adverse effects can be increased when is combined with
DB00335,DB13213,The serum concentration of Atenolol can be increased when it is combined with Butaperazine.,The serum concentration of can be increased when it is combined with
DB00335,DB01009,Ketoprofen may decrease the antihypertensive activities of Atenolol.,may decrease the antihypertensive activities of
DB00335,DB01424,Aminophenazone may decrease the antihypertensive activities of Atenolol.,may decrease the antihypertensive activities of
DB00335,DB06736,Aceclofenac may decrease the antihypertensive activities of Atenolol.,may decrease the antihypertensive activities of
DB00335,DB08981,Fenbufen may decrease the antihypertensive activities of Atenolol.,may decrease the antihypertensive activities of
DB00335,DB01078,Atenolol may increase the arrhythmogenic activities of Deslanoside.,may increase the arrhythmogenic activities of
DB00335,DB00836,Atenolol may increase the arrhythmogenic activities of Loperamide.,may increase the arrhythmogenic activities of
DB00335,DB01244,Atenolol may increase the arrhythmogenic activities of Bepridil.,may increase the arrhythmogenic activities of
DB00335,DB06712,Atenolol may increase the arrhythmogenic activities of Nilvadipine.,may increase the arrhythmogenic activities of
DB00335,DB01113,The risk or severity of adverse effects can be increased when Atenolol is combined with Papaverine.,The risk or severity of adverse effects can be increased when is combined with
DB00335,DB06791,Atenolol may increase the bradycardic activities of Lanreotide.,may increase the bradycardic activities of
DB00335,DB00857,The metabolism of Atenolol can be decreased when combined with Terbinafine.,The metabolism of can be decreased when combined with
DB00335,DB06708,The metabolism of Atenolol can be decreased when combined with Lumefantrine.,The metabolism of can be decreased when combined with
DB00335,DB00679,The metabolism of Atenolol can be decreased when combined with Thioridazine.,The metabolism of can be decreased when combined with
DB00335,DB01167,The risk or severity of hyperkalemia can be increased when Atenolol is combined with Itraconazole.,The risk or severity of hyperkalemia can be increased when is combined with
DB00335,DB01220,The metabolism of Atenolol can be increased when combined with Rifaximin.,The metabolism of can be increased when combined with
DB00335,DB00871,The therapeutic efficacy of Terbutaline can be decreased when used in combination with Atenolol.,The therapeutic efficacy of can be decreased when used in combination with
DB00335,DB00938,The therapeutic efficacy of Salmeterol can be decreased when used in combination with Atenolol.,The therapeutic efficacy of can be decreased when used in combination with
DB00335,DB01274,The therapeutic efficacy of Arformoterol can be decreased when used in combination with Atenolol.,The therapeutic efficacy of can be decreased when used in combination with
DB00335,DB01234,Dexamethasone may increase the excretion rate of Atenolol which could result in a lower serum level and potentially a reduction in efficacy.,may increase the excretion rate of which could result in a lower serum level and potentially a reduction in efficacy
DB00335,DB00570,Vinblastine may decrease the excretion rate of Atenolol which could result in a higher serum level.,may decrease the excretion rate of which could result in a higher serum level
DB00335,DB00647,The metabolism of Atenolol can be decreased when combined with Dextropropoxyphene.,The metabolism of can be decreased when combined with
DB00335,DB00497,The metabolism of Oxycodone can be decreased when combined with Atenolol.,The metabolism of can be decreased when combined with
DB00335,DB06016,Cariprazine may decrease the antihypertensive activities of Atenolol.,may decrease the antihypertensive activities of
DB00335,DB06144,The metabolism of Sertindole can be decreased when combined with Atenolol.,The metabolism of can be decreased when combined with
DB00335,DB11672,The metabolism of Atenolol can be decreased when combined with Curcumin.,The metabolism of can be decreased when combined with
DB00335,DB11201,Menthyl salicylate may decrease the antihypertensive activities of Atenolol.,may decrease the antihypertensive activities of
DB00352,DB00495,The risk or severity of adverse effects can be increased when Tioguanine is combined with Zidovudine.,The risk or severity of adverse effects can be increased when is combined with
DB00352,DB00564,The risk or severity of adverse effects can be increased when Tioguanine is combined with Carbamazepine.,The risk or severity of adverse effects can be increased when is combined with
DB00352,DB00570,The risk or severity of adverse effects can be increased when Tioguanine is combined with Vinblastine.,The risk or severity of adverse effects can be increased when is combined with
DB00352,DB01101,The risk or severity of adverse effects can be increased when Tioguanine is combined with Capecitabine.,The risk or severity of adverse effects can be increased when is combined with
DB00352,DB01168,The risk or severity of adverse effects can be increased when Tioguanine is combined with Procarbazine.,The risk or severity of adverse effects can be increased when is combined with
DB00352,DB01234,The risk or severity of adverse effects can be increased when Tioguanine is combined with Dexamethasone.,The risk or severity of adverse effects can be increased when is combined with
DB00352,DB06813,The risk or severity of adverse effects can be increased when Tioguanine is combined with Pralatrexate.,The risk or severity of adverse effects can be increased when is combined with
DB00352,DB09091,The risk or severity of adverse effects can be increased when Tioguanine is combined with Tixocortol.,The risk or severity of adverse effects can be increased when is combined with
DB00352,DB14539,The risk or severity of adverse effects can be increased when Tioguanine is combined with Hydrocortisone acetate.,The risk or severity of adverse effects can be increased when is combined with
DB00352,DB08868,Tioguanine may increase the immunosuppressive activities of Fingolimod.,may increase the immunosuppressive activities of
DB00352,DB09009,The risk or severity of methemoglobinemia can be increased when Tioguanine is combined with Articaine.,The risk or severity of methemoglobinemia can be increased when is combined with
DB00423,DB01198,The risk or severity of adverse effects can be increased when Methocarbamol is combined with Zopiclone.,The risk or severity of adverse effects can be increased when is combined with
DB00423,DB00497,The risk or severity of CNS depression can be increased when Methocarbamol is combined with Oxycodone.,The risk or severity of CNS depression can be increased when is combined with
DB00423,DB00564,The risk or severity of CNS depression can be increased when Methocarbamol is combined with Carbamazepine.,The risk or severity of CNS depression can be increased when is combined with
DB00423,DB00647,The risk or severity of CNS depression can be increased when Methocarbamol is combined with Dextropropoxyphene.,The risk or severity of CNS depression can be increased when is combined with
DB00423,DB00679,The risk or severity of CNS depression can be increased when Methocarbamol is combined with Thioridazine.,The risk or severity of CNS depression can be increased when is combined with
DB00423,DB01168,The risk or severity of CNS depression can be increased when Methocarbamol is combined with Procarbazine.,The risk or severity of CNS depression can be increased when is combined with
DB00423,DB01616,The risk or severity of CNS depression can be increased when Methocarbamol is combined with Alverine.,The risk or severity of CNS depression can be increased when is combined with
DB00423,DB06016,The risk or severity of CNS depression can be increased when Methocarbamol is combined with Cariprazine.,The risk or severity of CNS depression can be increased when is combined with
DB00423,DB06144,The risk or severity of CNS depression can be increased when Methocarbamol is combined with Sertindole.,The risk or severity of CNS depression can be increased when is combined with
DB00423,DB06701,The risk or severity of CNS depression can be increased when Methocarbamol is combined with Dexmethylphenidate.,The risk or severity of CNS depression can be increased when is combined with
DB00423,DB06797,The risk or severity of CNS depression can be increased when Methocarbamol is combined with Mebutamate.,The risk or severity of CNS depression can be increased when is combined with
DB00423,DB11609,The risk or severity of CNS depression can be increased when Methocarbamol is combined with Normethadone.,The risk or severity of CNS depression can be increased when is combined with
DB00423,DB13213,The risk or severity of CNS depression can be increased when Methocarbamol is combined with Butaperazine.,The risk or severity of CNS depression can be increased when is combined with
DB00423,DB09009,The risk or severity of CNS depression can be increased when Methocarbamol is combined with Articaine.,The risk or severity of CNS depression can be increased when is combined with
DB00423,DB00575,The risk or severity of sedation can be increased when Clonidine is combined with Methocarbamol.,The risk or severity of sedation can be increased when is combined with
DB00479,DB01078,The risk or severity of adverse effects can be increased when Amikacin is combined with Deslanoside.,The risk or severity of adverse effects can be increased when is combined with
DB00479,DB01112,Cefuroxime may decrease the excretion rate of Amikacin which could result in a higher serum level.,may decrease the excretion rate of which could result in a higher serum level
DB00479,DB01424,Aminophenazone may decrease the excretion rate of Amikacin which could result in a higher serum level.,may decrease the excretion rate of which could result in a higher serum level
DB00479,DB08976,Floctafenine may decrease the excretion rate of Amikacin which could result in a higher serum level.,may decrease the excretion rate of which could result in a higher serum level
DB00479,DB08981,Fenbufen may decrease the excretion rate of Amikacin which could result in a higher serum level.,may decrease the excretion rate of which could result in a higher serum level
DB00479,DB00564,Amikacin may decrease the excretion rate of Carbamazepine which could result in a higher serum level.,may decrease the excretion rate of which could result in a higher serum level
DB00479,DB01009,Ketoprofen may decrease the excretion rate of Amikacin which could result in a higher serum level.,may decrease the excretion rate of which could result in a higher serum level
DB00479,DB06736,Aceclofenac may decrease the excretion rate of Amikacin which could result in a higher serum level.,may decrease the excretion rate of which could result in a higher serum level
DB00479,DB00787,Acyclovir may decrease the excretion rate of Amikacin which could result in a higher serum level.,may decrease the excretion rate of which could result in a higher serum level
DB00479,DB00871,Terbutaline may decrease the excretion rate of Amikacin which could result in a higher serum level.,may decrease the excretion rate of which could result in a higher serum level
DB00479,DB00915,Amantadine may decrease the excretion rate of Amikacin which could result in a higher serum level.,may decrease the excretion rate of which could result in a higher serum level
DB00479,DB01046,Lubiprostone may decrease the excretion rate of Amikacin which could result in a higher serum level.,may decrease the excretion rate of which could result in a higher serum level
DB00479,DB01067,Glipizide may decrease the excretion rate of Amikacin which could result in a higher serum level.,may decrease the excretion rate of which could result in a higher serum level
DB00479,DB01115,Nifedipine may decrease the excretion rate of Amikacin which could result in a higher serum level.,may decrease the excretion rate of which could result in a higher serum level
DB00479,DB01274,Arformoterol may decrease the excretion rate of Amikacin which could result in a higher serum level.,may decrease the excretion rate of which could result in a higher serum level
DB00479,DB01428,Oxybenzone may decrease the excretion rate of Amikacin which could result in a higher serum level.,may decrease the excretion rate of which could result in a higher serum level
DB00479,DB06228,Rivaroxaban may decrease the excretion rate of Amikacin which could result in a higher serum level.,may decrease the excretion rate of which could result in a higher serum level
DB00479,DB06782,Dimercaprol may decrease the excretion rate of Amikacin which could result in a higher serum level.,may decrease the excretion rate of which could result in a higher serum level
DB00479,DB06813,Pralatrexate may decrease the excretion rate of Amikacin which could result in a higher serum level.,may decrease the excretion rate of which could result in a higher serum level
DB00479,DB09091,Tixocortol may decrease the excretion rate of Amikacin which could result in a higher serum level.,may decrease the excretion rate of which could result in a higher serum level
DB00479,DB11102,N-acetyltyrosine may decrease the excretion rate of Amikacin which could result in a higher serum level.,may decrease the excretion rate of which could result in a higher serum level
DB00479,DB13946,Testosterone undecanoate may decrease the excretion rate of Amikacin which could result in a higher serum level.,may decrease the excretion rate of which could result in a higher serum level
DB00479,DB13952,Estradiol acetate may decrease the excretion rate of Amikacin which could result in a higher serum level.,may decrease the excretion rate of which could result in a higher serum level
DB00479,DB11201,The risk or severity of nephrotoxicity can be increased when Menthyl salicylate is combined with Amikacin.,The risk or severity of nephrotoxicity can be increased when is combined with
DB00479,DB09009,The risk or severity of methemoglobinemia can be increased when Amikacin is combined with Articaine.,The risk or severity of methemoglobinemia can be increased when is combined with
DB00495,DB00570,The risk or severity of adverse effects can be increased when Zidovudine is combined with Vinblastine.,The risk or severity of adverse effects can be increased when is combined with
DB00495,DB01168,The risk or severity of adverse effects can be increased when Zidovudine is combined with Procarbazine.,The risk or severity of adverse effects can be increased when is combined with
DB00495,DB01234,The risk or severity of adverse effects can be increased when Zidovudine is combined with Dexamethasone.,The risk or severity of adverse effects can be increased when is combined with
DB00495,DB06813,The risk or severity of adverse effects can be increased when Zidovudine is combined with Pralatrexate.,The risk or severity of adverse effects can be increased when is combined with
DB00495,DB09091,The risk or severity of adverse effects can be increased when Zidovudine is combined with Tixocortol.,The risk or severity of adverse effects can be increased when is combined with
DB00495,DB14539,The risk or severity of adverse effects can be increased when Zidovudine is combined with Hydrocortisone acetate.,The risk or severity of adverse effects can be increased when is combined with
DB00495,DB00564,The risk or severity of adverse effects can be increased when Zidovudine is combined with Carbamazepine.,The risk or severity of adverse effects can be increased when is combined with
DB00495,DB00741,The excretion of Hydrocortisone can be decreased when combined with Zidovudine.,The excretion of can be decreased when combined with
DB00495,DB01067,The metabolism of Glipizide can be increased when combined with Zidovudine.,The metabolism of can be increased when combined with
DB00495,DB13952,The metabolism of Estradiol acetate can be increased when combined with Zidovudine.,The metabolism of can be increased when combined with
DB00495,DB00957,The metabolism of Norgestimate can be increased when combined with Zidovudine.,The metabolism of can be increased when combined with
DB00495,DB00787,The risk or severity of adverse effects can be increased when Acyclovir is combined with Zidovudine.,The risk or severity of adverse effects can be increased when is combined with
DB00495,DB08868,Zidovudine may increase the immunosuppressive activities of Fingolimod.,may increase the immunosuppressive activities of
DB00495,DB01009,The risk or severity of adverse effects can be increased when Ketoprofen is combined with Zidovudine.,The risk or severity of adverse effects can be increased when is combined with
DB00495,DB00938,The metabolism of Zidovudine can be decreased when combined with Salmeterol.,The metabolism of can be decreased when combined with
DB00495,DB01006,The metabolism of Zidovudine can be decreased when combined with Letrozole.,The metabolism of can be decreased when combined with
DB00495,DB00857,"The risk or severity of myopathy, rhabdomyolysis, and myoglobinuria can be increased when Zidovudine is combined with Terbinafine.","The risk or severity of myopathy, rhabdomyolysis, and myoglobinuria can be increased when is combined with"
DB00495,DB01393,"The risk or severity of myopathy, rhabdomyolysis, and myoglobinuria can be increased when Zidovudine is combined with Bezafibrate.","The risk or severity of myopathy, rhabdomyolysis, and myoglobinuria can be increased when is combined with"
DB00495,DB06712,The metabolism of Zidovudine can be decreased when combined with Nilvadipine.,The metabolism of can be decreased when combined with
DB00495,DB01115,The metabolism of Nifedipine can be decreased when combined with Zidovudine.,The metabolism of can be decreased when combined with
DB00495,DB01198,The metabolism of Zopiclone can be decreased when combined with Zidovudine.,The metabolism of can be decreased when combined with
DB00495,DB01274,The metabolism of Arformoterol can be decreased when combined with Zidovudine.,The metabolism of can be decreased when combined with
DB00495,DB01117,The metabolism of Zidovudine can be decreased when combined with Atovaquone.,The metabolism of can be decreased when combined with
DB00495,DB09063,The metabolism of Zidovudine can be decreased when combined with Ceritinib.,The metabolism of can be decreased when combined with
DB00495,DB01101,The serum concentration of Zidovudine can be increased when it is combined with Capecitabine.,The serum concentration of can be increased when it is combined with
DB00495,DB11791,The serum concentration of Zidovudine can be increased when it is combined with Capmatinib.,The serum concentration of can be increased when it is combined with
DB00495,DB00836,The metabolism of Loperamide can be decreased when combined with Zidovudine.,The metabolism of can be decreased when combined with
DB00495,DB01167,The metabolism of Zidovudine can be decreased when combined with Itraconazole.,The metabolism of can be decreased when combined with
DB00495,DB11672,The metabolism of Zidovudine can be decreased when combined with Curcumin.,The metabolism of can be decreased when combined with
DB00495,DB12095,The serum concentration of Zidovudine can be decreased when it is combined with Telotristat ethyl.,The serum concentration of can be decreased when it is combined with
DB00495,DB11682,The metabolism of Daprodustat can be decreased when combined with Zidovudine.,The metabolism of can be decreased when combined with
DB00497,DB00647,The risk or severity of adverse effects can be increased when Oxycodone is combined with Dextropropoxyphene.,The risk or severity of adverse effects can be increased when is combined with
DB00497,DB11609,The risk or severity of adverse effects can be increased when Oxycodone is combined with Normethadone.,The risk or severity of adverse effects can be increased when is combined with
DB00497,DB00940,The risk or severity of adverse effects can be increased when Methantheline is combined with Oxycodone.,The risk or severity of adverse effects can be increased when is combined with
DB00497,DB08801,The risk or severity of adverse effects can be increased when Dimetindene is combined with Oxycodone.,The risk or severity of adverse effects can be increased when is combined with
DB00497,DB00915,The risk or severity of adverse effects can be increased when Amantadine is combined with Oxycodone.,The risk or severity of adverse effects can be increased when is combined with
DB00497,DB01198,The risk or severity of adverse effects can be increased when Oxycodone is combined with Zopiclone.,The risk or severity of adverse effects can be increased when is combined with
DB00497,DB00857,The metabolism of Oxycodone can be decreased when combined with Terbinafine.,The metabolism of can be decreased when combined with
DB00497,DB06708,The metabolism of Oxycodone can be decreased when combined with Lumefantrine.,The metabolism of can be decreased when combined with
DB00497,DB00679,The metabolism of Oxycodone can be decreased when combined with Thioridazine.,The metabolism of can be decreased when combined with
DB00497,DB01182,The metabolism of Oxycodone can be decreased when combined with Propafenone.,The metabolism of can be decreased when combined with
DB00497,DB01616,The risk or severity of CNS depression can be increased when Oxycodone is combined with Alverine.,The risk or severity of CNS depression can be increased when is combined with
DB00497,DB06016,The risk or severity of CNS depression can be increased when Oxycodone is combined with Cariprazine.,The risk or severity of CNS depression can be increased when is combined with
DB00497,DB06144,The risk or severity of CNS depression can be increased when Oxycodone is combined with Sertindole.,The risk or severity of CNS depression can be increased when is combined with
DB00497,DB06701,The risk or severity of CNS depression can be increased when Oxycodone is combined with Dexmethylphenidate.,The risk or severity of CNS depression can be increased when is combined with
DB00497,DB06797,The risk or severity of CNS depression can be increased when Oxycodone is combined with Mebutamate.,The risk or severity of CNS depression can be increased when is combined with
DB00497,DB09009,The risk or severity of CNS depression can be increased when Oxycodone is combined with Articaine.,The risk or severity of CNS depression can be increased when is combined with
DB00497,DB01046,The therapeutic efficacy of Lubiprostone can be decreased when used in combination with Oxycodone.,The therapeutic efficacy of can be decreased when used in combination with
DB00497,DB14627,The therapeutic efficacy of Oxyphenisatin acetate can be decreased when used in combination with Oxycodone.,The therapeutic efficacy of can be decreased when used in combination with
DB00497,DB11703,The metabolism of Oxycodone can be decreased when combined with Acalabrutinib.,The metabolism of can be decreased when combined with
DB00497,DB00741,The metabolism of Hydrocortisone can be decreased when combined with Oxycodone.,The metabolism of can be decreased when combined with
DB00497,DB00938,The metabolism of Salmeterol can be decreased when combined with Oxycodone.,The metabolism of can be decreased when combined with
DB00497,DB06228,The metabolism of Rivaroxaban can be decreased when combined with Oxycodone.,The metabolism of can be decreased when combined with
DB00497,DB13952,The metabolism of Estradiol acetate can be decreased when combined with Oxycodone.,The metabolism of can be decreased when combined with
DB00497,DB14539,The metabolism of Hydrocortisone acetate can be decreased when combined with Oxycodone.,The metabolism of can be decreased when combined with
DB00497,DB00564,The metabolism of Carbamazepine can be decreased when combined with Oxycodone.,The metabolism of can be decreased when combined with
DB00497,DB01244,The metabolism of Oxycodone can be decreased when combined with Bepridil.,The metabolism of can be decreased when combined with
DB00497,DB01115,The metabolism of Nifedipine can be decreased when combined with Oxycodone.,The metabolism of can be decreased when combined with
DB00497,DB00570,The metabolism of Oxycodone can be decreased when combined with Vinblastine.,The metabolism of can be decreased when combined with
DB00497,DB01274,The metabolism of Arformoterol can be decreased when combined with Oxycodone.,The metabolism of can be decreased when combined with
DB00497,DB01424,The metabolism of Aminophenazone can be decreased when combined with Oxycodone.,The metabolism of can be decreased when combined with
DB00497,DB09401,The therapeutic efficacy of Isosorbide can be decreased when used in combination with Oxycodone.,The therapeutic efficacy of can be decreased when used in combination with
DB00497,DB00575,The risk or severity of sedation can be increased when Clonidine is combined with Oxycodone.,The risk or severity of sedation can be increased when is combined with
DB00497,DB06712,The metabolism of Oxycodone can be decreased when combined with Nilvadipine.,The metabolism of can be decreased when combined with
DB00497,DB01167,The metabolism of Oxycodone can be decreased when combined with Itraconazole.,The metabolism of can be decreased when combined with
DB00497,DB01234,The metabolism of Oxycodone can be increased when combined with Dexamethasone.,The metabolism of can be increased when combined with
DB00497,DB11672,The metabolism of Oxycodone can be decreased when combined with Curcumin.,The metabolism of can be decreased when combined with
DB00497,DB12095,The serum concentration of Oxycodone can be decreased when it is combined with Telotristat ethyl.,The serum concentration of can be decreased when it is combined with
DB00539,DB01220,The serum concentration of Rifaximin can be increased when it is combined with Toremifene.,The serum concentration of can be increased when it is combined with
DB00539,DB01113,The risk or severity of QTc prolongation can be increased when Papaverine is combined with Toremifene.,The risk or severity of QTc prolongation can be increased when is combined with
DB00539,DB01115,The risk or severity of QTc prolongation can be increased when Nifedipine is combined with Toremifene.,The risk or severity of QTc prolongation can be increased when is combined with
DB00539,DB01182,The risk or severity of QTc prolongation can be increased when Propafenone is combined with Toremifene.,The risk or severity of QTc prolongation can be increased when is combined with
DB00539,DB06712,The risk or severity of QTc prolongation can be increased when Nilvadipine is combined with Toremifene.,The risk or severity of QTc prolongation can be increased when is combined with
DB00539,DB12877,The risk or severity of QTc prolongation can be increased when Oxatomide is combined with Toremifene.,The risk or severity of QTc prolongation can be increased when is combined with
DB00539,DB00871,The risk or severity of QTc prolongation can be increased when Terbutaline is combined with Toremifene.,The risk or severity of QTc prolongation can be increased when is combined with
DB00539,DB00915,The risk or severity of QTc prolongation can be increased when Amantadine is combined with Toremifene.,The risk or severity of QTc prolongation can be increased when is combined with
DB00539,DB00938,The risk or severity of QTc prolongation can be increased when Salmeterol is combined with Toremifene.,The risk or severity of QTc prolongation can be increased when is combined with
DB00539,DB01274,The risk or severity of QTc prolongation can be increased when Arformoterol is combined with Toremifene.,The risk or severity of QTc prolongation can be increased when is combined with
DB00539,DB00679,The risk or severity of QTc prolongation can be increased when Toremifene is combined with Thioridazine.,The risk or severity of QTc prolongation can be increased when is combined with
DB00539,DB01244,The risk or severity of QTc prolongation can be increased when Toremifene is combined with Bepridil.,The risk or severity of QTc prolongation can be increased when is combined with
DB00539,DB06708,The risk or severity of QTc prolongation can be increased when Toremifene is combined with Lumefantrine.,The risk or severity of QTc prolongation can be increased when is combined with
DB00539,DB13074,The risk or severity of QTc prolongation can be increased when Toremifene is combined with Macimorelin.,The risk or severity of QTc prolongation can be increased when is combined with
DB00539,DB00957,The serum concentration of Toremifene can be increased when it is combined with Norgestimate.,The serum concentration of can be increased when it is combined with
DB00539,DB11791,The serum concentration of Toremifene can be increased when it is combined with Capmatinib.,The serum concentration of can be increased when it is combined with
DB00539,DB09063,The serum concentration of Ceritinib can be increased when it is combined with Toremifene.,The serum concentration of can be increased when it is combined with
DB00539,DB00570,The serum concentration of Vinblastine can be increased when it is combined with Toremifene.,The serum concentration of can be increased when it is combined with
DB00539,DB05239,The serum concentration of Cobimetinib can be increased when it is combined with Toremifene.,The serum concentration of can be increased when it is combined with
DB00539,DB00836,The excretion of Loperamide can be decreased when combined with Toremifene.,The excretion of can be decreased when combined with
DB00539,DB01167,The metabolism of Toremifene can be decreased when combined with Itraconazole.,The metabolism of can be decreased when combined with
DB00539,DB00564,The metabolism of Toremifene can be increased when combined with Carbamazepine.,The metabolism of can be increased when combined with
DB00539,DB01234,The metabolism of Toremifene can be increased when combined with Dexamethasone.,The metabolism of can be increased when combined with
DB00539,DB11672,The metabolism of Toremifene can be decreased when combined with Curcumin.,The metabolism of can be decreased when combined with
DB00539,DB12095,The serum concentration of Toremifene can be decreased when it is combined with Telotristat ethyl.,The serum concentration of can be decreased when it is combined with
DB00539,DB15149,The serum concentration of Futibatinib can be increased when it is combined with Toremifene.,The serum concentration of can be increased when it is combined with
DB00539,DB09009,The risk or severity of methemoglobinemia can be increased when Toremifene is combined with Articaine.,The risk or severity of methemoglobinemia can be increased when is combined with
DB00564,DB06813,The risk or severity of adverse effects can be increased when Carbamazepine is combined with Pralatrexate.,The risk or severity of adverse effects can be increased when is combined with
DB00564,DB09091,The risk or severity of adverse effects can be increased when Carbamazepine is combined with Tixocortol.,The risk or severity of adverse effects can be increased when is combined with
DB00564,DB01101,The risk or severity of adverse effects can be increased when Carbamazepine is combined with Capecitabine.,The risk or severity of adverse effects can be increased when is combined with
DB00564,DB08868,The serum concentration of Fingolimod can be decreased when it is combined with Carbamazepine.,The serum concentration of can be decreased when it is combined with
DB00564,DB01168,The risk or severity of adverse effects can be increased when Carbamazepine is combined with Procarbazine.,The risk or severity of adverse effects can be increased when is combined with
DB00564,DB00957,The serum concentration of Norgestimate can be decreased when it is combined with Carbamazepine.,The serum concentration of can be decreased when it is combined with
DB00564,DB00787,The metabolism of Acyclovir can be increased when combined with Carbamazepine.,The metabolism of can be increased when combined with
DB00564,DB01424,The metabolism of Aminophenazone can be increased when combined with Carbamazepine.,The metabolism of can be increased when combined with
DB00564,DB01182,The metabolism of Propafenone can be increased when combined with Carbamazepine.,The metabolism of can be increased when combined with
DB00564,DB01616,The risk or severity of CNS depression can be increased when Carbamazepine is combined with Alverine.,The risk or severity of CNS depression can be increased when is combined with
DB00564,DB06701,The risk or severity of CNS depression can be increased when Carbamazepine is combined with Dexmethylphenidate.,The risk or severity of CNS depression can be increased when is combined with
DB00564,DB06797,The risk or severity of CNS depression can be increased when Carbamazepine is combined with Mebutamate.,The risk or severity of CNS depression can be increased when is combined with
DB00564,DB11609,The risk or severity of CNS depression can be increased when Carbamazepine is combined with Normethadone.,The risk or severity of CNS depression can be increased when is combined with
DB00564,DB13213,The risk or severity of CNS depression can be increased when Carbamazepine is combined with Butaperazine.,The risk or severity of CNS depression can be increased when is combined with
DB00564,DB09009,The risk or severity of methemoglobinemia can be increased when Carbamazepine is combined with Articaine.,The risk or severity of methemoglobinemia can be increased when is combined with
DB00564,DB00679,The risk or severity of CNS depression can be increased when Carbamazepine is combined with Thioridazine.,The risk or severity of CNS depression can be increased when is combined with
DB00564,DB01009,Ketoprofen may decrease the excretion rate of Carbamazepine which could result in a higher serum level.,may decrease the excretion rate of which could result in a higher serum level
DB00564,DB01112,Cefuroxime may decrease the excretion rate of Carbamazepine which could result in a higher serum level.,may decrease the excretion rate of which could result in a higher serum level
DB00564,DB06736,Aceclofenac may decrease the excretion rate of Carbamazepine which could result in a higher serum level.,may decrease the excretion rate of which could result in a higher serum level
DB00564,DB08976,Floctafenine may decrease the excretion rate of Carbamazepine which could result in a higher serum level.,may decrease the excretion rate of which could result in a higher serum level
DB00564,DB08981,Fenbufen may decrease the excretion rate of Carbamazepine which could result in a higher serum level.,may decrease the excretion rate of which could result in a higher serum level
DB00564,DB00871,Terbutaline may decrease the excretion rate of Carbamazepine which could result in a higher serum level.,may decrease the excretion rate of which could result in a higher serum level
DB00564,DB00915,Amantadine may decrease the excretion rate of Carbamazepine which could result in a higher serum level.,may decrease the excretion rate of which could result in a higher serum level
DB00564,DB01046,Lubiprostone may decrease the excretion rate of Carbamazepine which could result in a higher serum level.,may decrease the excretion rate of which could result in a higher serum level
DB00564,DB01274,Arformoterol may decrease the excretion rate of Carbamazepine which could result in a higher serum level.,may decrease the excretion rate of which could result in a higher serum level
DB00564,DB01428,Oxybenzone may decrease the excretion rate of Carbamazepine which could result in a higher serum level.,may decrease the excretion rate of which could result in a higher serum level
DB00564,DB06782,Dimercaprol may decrease the excretion rate of Carbamazepine which could result in a higher serum level.,may decrease the excretion rate of which could result in a higher serum level
DB00564,DB11102,N-acetyltyrosine may decrease the excretion rate of Carbamazepine which could result in a higher serum level.,may decrease the excretion rate of which could result in a higher serum level
DB00564,DB01067,Glipizide may decrease the excretion rate of Carbamazepine which could result in a higher serum level.,may decrease the excretion rate of which could result in a higher serum level
DB00564,DB09401,Isosorbide may increase the excretion rate of Carbamazepine which could result in a lower serum level and potentially a reduction in efficacy.,may increase the excretion rate of which could result in a lower serum level and potentially a reduction in efficacy
DB00564,DB00570,The metabolism of Vinblastine can be increased when combined with Carbamazepine.,The metabolism of can be increased when combined with
DB00564,DB00741,The metabolism of Carbamazepine can be increased when combined with Hydrocortisone.,The metabolism of can be increased when combined with
DB00564,DB00857,The metabolism of Carbamazepine can be increased when combined with Terbinafine.,The metabolism of can be increased when combined with
DB00564,DB13952,The metabolism of Carbamazepine can be increased when combined with Estradiol acetate.,The metabolism of can be increased when combined with
DB00564,DB14539,The metabolism of Carbamazepine can be increased when combined with Hydrocortisone acetate.,The metabolism of can be increased when combined with
DB00564,DB01115,The metabolism of Carbamazepine can be decreased when combined with Nifedipine.,The metabolism of can be decreased when combined with
DB00564,DB06712,The metabolism of Carbamazepine can be decreased when combined with Nilvadipine.,The metabolism of can be decreased when combined with
DB00564,DB06791,The metabolism of Carbamazepine can be decreased when combined with Lanreotide.,The metabolism of can be decreased when combined with
DB00564,DB09063,The metabolism of Ceritinib can be increased when combined with Carbamazepine.,The metabolism of can be increased when combined with
DB00564,DB00647,The serum concentration of Carbamazepine can be increased when it is combined with Dextropropoxyphene.,The serum concentration of can be increased when it is combined with
DB00564,DB11703,The metabolism of Acalabrutinib can be increased when combined with Carbamazepine.,The metabolism of can be increased when combined with
DB00564,DB00938,The metabolism of Carbamazepine can be decreased when combined with Salmeterol.,The metabolism of can be decreased when combined with
DB00564,DB06228,The serum concentration of Rivaroxaban can be decreased when it is combined with Carbamazepine.,The serum concentration of can be decreased when it is combined with
DB00564,DB13946,Testosterone undecanoate may decrease the excretion rate of Carbamazepine which could result in a higher serum level.,may decrease the excretion rate of which could result in a higher serum level
DB00564,DB00575,The risk or severity of sedation can be increased when Clonidine is combined with Carbamazepine.,The risk or severity of sedation can be increased when is combined with
DB00564,DB11791,The serum concentration of Capmatinib can be decreased when it is combined with Carbamazepine.,The serum concentration of can be decreased when it is combined with
DB00564,DB00836,The metabolism of Loperamide can be increased when combined with Carbamazepine.,The metabolism of can be increased when combined with
DB00564,DB01167,The metabolism of Carbamazepine can be decreased when combined with Itraconazole.,The metabolism of can be decreased when combined with
DB00564,DB06016,The metabolism of Cariprazine can be increased when combined with Carbamazepine.,The metabolism of can be increased when combined with
DB00564,DB06144,The metabolism of Sertindole can be increased when combined with Carbamazepine.,The metabolism of can be increased when combined with
DB00564,DB01198,The metabolism of Zopiclone can be increased when combined with Carbamazepine.,The metabolism of can be increased when combined with
DB00564,DB01006,The metabolism of Letrozole can be increased when combined with Carbamazepine.,The metabolism of can be increased when combined with
DB00564,DB01117,The metabolism of Atovaquone can be increased when combined with Carbamazepine.,The metabolism of can be increased when combined with
DB00564,DB01244,The metabolism of Bepridil can be increased when combined with Carbamazepine.,The metabolism of can be increased when combined with
DB00564,DB01393,The metabolism of Bezafibrate can be increased when combined with Carbamazepine.,The metabolism of can be increased when combined with
DB00564,DB06708,The metabolism of Lumefantrine can be increased when combined with Carbamazepine.,The metabolism of can be increased when combined with
DB00564,DB12329,The metabolism of Eravacycline can be increased when combined with Carbamazepine.,The metabolism of can be increased when combined with
DB00564,DB13074,The metabolism of Macimorelin can be increased when combined with Carbamazepine.,The metabolism of can be increased when combined with
DB00564,DB01234,The metabolism of Carbamazepine can be increased when combined with Dexamethasone.,The metabolism of can be increased when combined with
DB00564,DB05239,The serum concentration of Cobimetinib can be decreased when it is combined with Carbamazepine.,The serum concentration of can be decreased when it is combined with
DB00564,DB09143,The metabolism of Sonidegib can be increased when combined with Carbamazepine.,The metabolism of can be increased when combined with
DB00564,DB11672,The metabolism of Carbamazepine can be decreased when combined with Curcumin.,The metabolism of can be decreased when combined with
DB00564,DB12095,The serum concentration of Carbamazepine can be decreased when it is combined with Telotristat ethyl.,The serum concentration of can be decreased when it is combined with
DB00564,DB15149,The metabolism of Futibatinib can be increased when combined with Carbamazepine.,The metabolism of can be increased when combined with
DB00570,DB01101,The risk or severity of adverse effects can be increased when Vinblastine is combined with Capecitabine.,The risk or severity of adverse effects can be increased when is combined with
DB00570,DB01168,The risk or severity of adverse effects can be increased when Vinblastine is combined with Procarbazine.,The risk or severity of adverse effects can be increased when is combined with
DB00570,DB06813,The risk or severity of adverse effects can be increased when Vinblastine is combined with Pralatrexate.,The risk or severity of adverse effects can be increased when is combined with
DB00570,DB09091,The risk or severity of adverse effects can be increased when Vinblastine is combined with Tixocortol.,The risk or severity of adverse effects can be increased when is combined with
DB00570,DB01198,The metabolism of Zopiclone can be decreased when combined with Vinblastine.,The metabolism of can be decreased when combined with
DB00570,DB08868,Vinblastine may increase the immunosuppressive activities of Fingolimod.,may increase the immunosuppressive activities of
DB00570,DB01067,Vinblastine may decrease the excretion rate of Glipizide which could result in a higher serum level.,may decrease the excretion rate of which could result in a higher serum level
DB00570,DB01182,The serum concentration of Vinblastine can be increased when it is combined with Propafenone.,The serum concentration of can be increased when it is combined with
DB00570,DB14539,The metabolism of Vinblastine can be increased when combined with Hydrocortisone acetate.,The metabolism of can be increased when combined with
DB00570,DB00957,The serum concentration of Vinblastine can be increased when it is combined with Norgestimate.,The serum concentration of can be increased when it is combined with
DB00570,DB01115,Vinblastine may decrease the excretion rate of Nifedipine which could result in a higher serum level.,may decrease the excretion rate of which could result in a higher serum level
DB00570,DB05239,The metabolism of Cobimetinib can be increased when combined with Vinblastine.,The metabolism of can be increased when combined with
DB00570,DB00575,The metabolism of Clonidine can be increased when combined with Vinblastine.,The metabolism of can be increased when combined with
DB00570,DB11703,The metabolism of Acalabrutinib can be increased when combined with Vinblastine.,The metabolism of can be increased when combined with
DB00570,DB00741,The metabolism of Vinblastine can be increased when combined with Hydrocortisone.,The metabolism of can be increased when combined with
DB00570,DB00857,The metabolism of Vinblastine can be increased when combined with Terbinafine.,The metabolism of can be increased when combined with
DB00570,DB13952,The metabolism of Vinblastine can be increased when combined with Estradiol acetate.,The metabolism of can be increased when combined with
DB00570,DB09143,The metabolism of Sonidegib can be increased when combined with Vinblastine.,The metabolism of can be increased when combined with
DB00570,DB06712,The metabolism of Vinblastine can be decreased when combined with Nilvadipine.,The metabolism of can be decreased when combined with
DB00570,DB09063,The metabolism of Ceritinib can be increased when combined with Vinblastine.,The metabolism of can be increased when combined with
DB00570,DB06791,The metabolism of Vinblastine can be decreased when combined with Lanreotide.,The metabolism of can be decreased when combined with
DB00570,DB00647,The serum concentration of Vinblastine can be increased when it is combined with Dextropropoxyphene.,The serum concentration of can be increased when it is combined with
DB00570,DB00679,The metabolism of Thioridazine can be decreased when combined with Vinblastine.,The metabolism of can be decreased when combined with
DB00570,DB01274,The metabolism of Arformoterol can be decreased when combined with Vinblastine.,The metabolism of can be decreased when combined with
DB00570,DB01424,The metabolism of Aminophenazone can be decreased when combined with Vinblastine.,The metabolism of can be decreased when combined with
DB00570,DB06144,The metabolism of Sertindole can be decreased when combined with Vinblastine.,The metabolism of can be decreased when combined with
DB00570,DB01244,The metabolism of Bepridil can be decreased when combined with Vinblastine.,The metabolism of can be decreased when combined with
DB00570,DB06228,The serum concentration of Vinblastine can be increased when it is combined with Rivaroxaban.,The serum concentration of can be increased when it is combined with
DB00570,DB11791,The serum concentration of Capmatinib can be decreased when it is combined with Vinblastine.,The serum concentration of can be decreased when it is combined with
DB00570,DB01167,The metabolism of Vinblastine can be decreased when combined with Itraconazole.,The metabolism of can be decreased when combined with
DB00570,DB00836,The serum concentration of Vinblastine can be increased when it is combined with Loperamide.,The serum concentration of can be increased when it is combined with
DB00570,DB01234,The metabolism of Vinblastine can be increased when combined with Dexamethasone.,The metabolism of can be increased when combined with
DB00570,DB11672,The metabolism of Vinblastine can be decreased when combined with Curcumin.,The metabolism of can be decreased when combined with
DB00570,DB12095,The serum concentration of Vinblastine can be decreased when it is combined with Telotristat ethyl.,The serum concentration of can be decreased when it is combined with
DB00570,DB15149,The serum concentration of Vinblastine can be increased when it is combined with Futibatinib.,The serum concentration of can be increased when it is combined with
DB00570,DB09009,The risk or severity of methemoglobinemia can be increased when Vinblastine is combined with Articaine.,The risk or severity of methemoglobinemia can be increased when is combined with
DB00575,DB09063,Clonidine may increase the bradycardic activities of Ceritinib.,may increase the bradycardic activities of
DB00575,DB00871,Terbutaline may decrease the antihypertensive activities of Clonidine.,may decrease the antihypertensive activities of
DB00575,DB01113,The risk or severity of adverse effects can be increased when Clonidine is combined with Papaverine.,The risk or severity of adverse effects can be increased when is combined with
DB00575,DB08868,Clonidine may increase the bradycardic activities of Fingolimod.,may increase the bradycardic activities of
DB00575,DB00857,The metabolism of Clonidine can be decreased when combined with Terbinafine.,The metabolism of can be decreased when combined with
DB00575,DB06708,The metabolism of Clonidine can be decreased when combined with Lumefantrine.,The metabolism of can be decreased when combined with
DB00575,DB01009,The therapeutic efficacy of Clonidine can be decreased when used in combination with Ketoprofen.,The therapeutic efficacy of can be decreased when used in combination with
DB00575,DB06736,The therapeutic efficacy of Clonidine can be decreased when used in combination with Aceclofenac.,The therapeutic efficacy of can be decreased when used in combination with
DB00575,DB08976,The therapeutic efficacy of Clonidine can be decreased when used in combination with Floctafenine.,The therapeutic efficacy of can be decreased when used in combination with
DB00575,DB08981,The therapeutic efficacy of Clonidine can be decreased when used in combination with Fenbufen.,The therapeutic efficacy of can be decreased when used in combination with
DB00575,DB00741,The metabolism of Clonidine can be increased when combined with Hydrocortisone.,The metabolism of can be increased when combined with
DB00575,DB13952,The metabolism of Clonidine can be increased when combined with Estradiol acetate.,The metabolism of can be increased when combined with
DB00575,DB14539,The metabolism of Clonidine can be increased when combined with Hydrocortisone acetate.,The metabolism of can be increased when combined with
DB00575,DB11703,The metabolism of Clonidine can be decreased when combined with Acalabrutinib.,The metabolism of can be decreased when combined with
DB00575,DB06791,The metabolism of Clonidine can be decreased when combined with Lanreotide.,The metabolism of can be decreased when combined with
DB00575,DB05239,The metabolism of Clonidine can be decreased when combined with Cobimetinib.,The metabolism of can be decreased when combined with
DB00575,DB00938,The metabolism of Clonidine can be decreased when combined with Salmeterol.,The metabolism of can be decreased when combined with
DB00575,DB06228,The metabolism of Clonidine can be decreased when combined with Rivaroxaban.,The metabolism of can be decreased when combined with
DB00575,DB01182,The metabolism of Clonidine can be decreased when combined with Propafenone.,The metabolism of can be decreased when combined with
DB00575,DB01274,The metabolism of Clonidine can be decreased when combined with Arformoterol.,The metabolism of can be decreased when combined with
DB00575,DB01424,The metabolism of Clonidine can be decreased when combined with Aminophenazone.,The metabolism of can be decreased when combined with
DB00575,DB00787,The metabolism of Acyclovir can be decreased when combined with Clonidine.,The metabolism of can be decreased when combined with
DB00575,DB13074,The therapeutic efficacy of Macimorelin can be decreased when used in combination with Clonidine.,The therapeutic efficacy of can be decreased when used in combination with
DB00575,DB13946,Testosterone undecanoate may increase the hypertensive activities of Clonidine.,may increase the hypertensive activities of
DB00575,DB00647,The risk or severity of sedation can be increased when Clonidine is combined with Dextropropoxyphene.,The risk or severity of sedation can be increased when is combined with
DB00575,DB00679,The risk or severity of sedation can be increased when Clonidine is combined with Thioridazine.,The risk or severity of sedation can be increased when is combined with
DB00575,DB01168,The risk or severity of sedation can be increased when Clonidine is combined with Procarbazine.,The risk or severity of sedation can be increased when is combined with
DB00575,DB01198,The risk or severity of sedation can be increased when Clonidine is combined with Zopiclone.,The risk or severity of sedation can be increased when is combined with
DB00575,DB01616,The risk or severity of sedation can be increased when Clonidine is combined with Alverine.,The risk or severity of sedation can be increased when is combined with
DB00575,DB06016,The risk or severity of sedation can be increased when Clonidine is combined with Cariprazine.,The risk or severity of sedation can be increased when is combined with
DB00575,DB06144,The risk or severity of sedation can be increased when Clonidine is combined with Sertindole.,The risk or severity of sedation can be increased when is combined with
DB00575,DB06701,The risk or severity of sedation can be increased when Clonidine is combined with Dexmethylphenidate.,The risk or severity of sedation can be increased when is combined with
DB00575,DB06797,The risk or severity of sedation can be increased when Clonidine is combined with Mebutamate.,The risk or severity of sedation can be increased when is combined with
DB00575,DB11609,The risk or severity of sedation can be increased when Clonidine is combined with Normethadone.,The risk or severity of sedation can be increased when is combined with
DB00575,DB13213,The risk or severity of sedation can be increased when Clonidine is combined with Butaperazine.,The risk or severity of sedation can be increased when is combined with
DB00575,DB09009,The risk or severity of sedation can be increased when Clonidine is combined with Articaine.,The risk or severity of sedation can be increased when is combined with
DB00575,DB00836,Clonidine may increase the bradycardic activities of Loperamide.,may increase the bradycardic activities of
DB00575,DB11791,The serum concentration of Clonidine can be increased when it is combined with Capmatinib.,The serum concentration of can be increased when it is combined with
DB00575,DB00957,The risk or severity of sedation can be increased when Norgestimate is combined with Clonidine.,The risk or severity of sedation can be increased when is combined with
DB00575,DB01167,The metabolism of Clonidine can be decreased when combined with Itraconazole.,The metabolism of can be decreased when combined with
DB00575,DB01234,The metabolism of Clonidine can be increased when combined with Dexamethasone.,The metabolism of can be increased when combined with
DB00575,DB11672,The metabolism of Clonidine can be decreased when combined with Curcumin.,The metabolism of can be decreased when combined with
DB00575,DB11201,The therapeutic efficacy of Clonidine can be decreased when used in combination with Menthyl salicylate.,The therapeutic efficacy of can be decreased when used in combination with
DB00575,DB12095,The serum concentration of Clonidine can be decreased when it is combined with Telotristat ethyl.,The serum concentration of can be decreased when it is combined with
DB00647,DB11609,The risk or severity of adverse effects can be increased when Dextropropoxyphene is combined with Normethadone.,The risk or severity of adverse effects can be increased when is combined with
DB00647,DB01198,The metabolism of Zopiclone can be decreased when combined with Dextropropoxyphene.,The metabolism of can be decreased when combined with
DB00647,DB00940,The risk or severity of adverse effects can be increased when Methantheline is combined with Dextropropoxyphene.,The risk or severity of adverse effects can be increased when is combined with
DB00647,DB08801,The risk or severity of adverse effects can be increased when Dimetindene is combined with Dextropropoxyphene.,The risk or severity of adverse effects can be increased when is combined with
DB00647,DB00915,The risk or severity of adverse effects can be increased when Amantadine is combined with Dextropropoxyphene.,The risk or severity of adverse effects can be increased when is combined with
DB00647,DB00857,The metabolism of Dextropropoxyphene can be decreased when combined with Terbinafine.,The metabolism of can be decreased when combined with
DB00647,DB06708,The metabolism of Dextropropoxyphene can be decreased when combined with Lumefantrine.,The metabolism of can be decreased when combined with
DB00647,DB00679,The metabolism of Dextropropoxyphene can be decreased when combined with Thioridazine.,The metabolism of can be decreased when combined with
DB00647,DB01182,The metabolism of Dextropropoxyphene can be decreased when combined with Propafenone.,The metabolism of can be decreased when combined with
DB00647,DB01616,The risk or severity of CNS depression can be increased when Dextropropoxyphene is combined with Alverine.,The risk or severity of CNS depression can be increased when is combined with
DB00647,DB06016,The risk or severity of CNS depression can be increased when Dextropropoxyphene is combined with Cariprazine.,The risk or severity of CNS depression can be increased when is combined with
DB00647,DB06144,The risk or severity of CNS depression can be increased when Dextropropoxyphene is combined with Sertindole.,The risk or severity of CNS depression can be increased when is combined with
DB00647,DB06701,The risk or severity of CNS depression can be increased when Dextropropoxyphene is combined with Dexmethylphenidate.,The risk or severity of CNS depression can be increased when is combined with
DB00647,DB06797,The risk or severity of CNS depression can be increased when Dextropropoxyphene is combined with Mebutamate.,The risk or severity of CNS depression can be increased when is combined with
DB00647,DB09009,The risk or severity of CNS depression can be increased when Dextropropoxyphene is combined with Articaine.,The risk or severity of CNS depression can be increased when is combined with
DB00647,DB01168,The risk or severity of adverse effects can be increased when Dextropropoxyphene is combined with Procarbazine.,The risk or severity of adverse effects can be increased when is combined with
DB00647,DB01046,The therapeutic efficacy of Lubiprostone can be decreased when used in combination with Dextropropoxyphene.,The therapeutic efficacy of can be decreased when used in combination with
DB00647,DB14627,The therapeutic efficacy of Oxyphenisatin acetate can be decreased when used in combination with Dextropropoxyphene.,The therapeutic efficacy of can be decreased when used in combination with
DB00647,DB05239,The serum concentration of Cobimetinib can be increased when it is combined with Dextropropoxyphene.,The serum concentration of can be increased when it is combined with
DB00647,DB09063,The serum concentration of Ceritinib can be increased when it is combined with Dextropropoxyphene.,The serum concentration of can be increased when it is combined with
DB00647,DB11703,The serum concentration of Acalabrutinib can be increased when it is combined with Dextropropoxyphene.,The serum concentration of can be increased when it is combined with
DB00647,DB09143,The serum concentration of Sonidegib can be increased when it is combined with Dextropropoxyphene.,The serum concentration of can be increased when it is combined with
DB00647,DB01274,The metabolism of Arformoterol can be decreased when combined with Dextropropoxyphene.,The metabolism of can be decreased when combined with
DB00647,DB01115,The metabolism of Nifedipine can be decreased when combined with Dextropropoxyphene.,The metabolism of can be decreased when combined with
DB00647,DB01244,The metabolism of Bepridil can be decreased when combined with Dextropropoxyphene.,The metabolism of can be decreased when combined with
DB00647,DB01424,The metabolism of Aminophenazone can be decreased when combined with Dextropropoxyphene.,The metabolism of can be decreased when combined with
DB00647,DB09401,The therapeutic efficacy of Isosorbide can be decreased when used in combination with Dextropropoxyphene.,The therapeutic efficacy of can be decreased when used in combination with
DB00647,DB06712,The metabolism of Dextropropoxyphene can be decreased when combined with Nilvadipine.,The metabolism of can be decreased when combined with
DB00647,DB01167,The metabolism of Dextropropoxyphene can be decreased when combined with Itraconazole.,The metabolism of can be decreased when combined with
DB00647,DB01234,The metabolism of Dextropropoxyphene can be increased when combined with Dexamethasone.,The metabolism of can be increased when combined with
DB00647,DB11672,The metabolism of Dextropropoxyphene can be decreased when combined with Curcumin.,The metabolism of can be decreased when combined with
DB00647,DB12095,The serum concentration of Dextropropoxyphene can be decreased when it is combined with Telotristat ethyl.,The serum concentration of can be decreased when it is combined with
DB00679,DB01009,The risk or severity of hypertension can be increased when Thioridazine is combined with Ketoprofen.,The risk or severity of hypertension can be increased when is combined with
DB00679,DB06736,The risk or severity of hypertension can be increased when Thioridazine is combined with Aceclofenac.,The risk or severity of hypertension can be increased when is combined with
DB00679,DB08976,The risk or severity of hypertension can be increased when Thioridazine is combined with Floctafenine.,The risk or severity of hypertension can be increased when is combined with
DB00679,DB08981,The risk or severity of hypertension can be increased when Thioridazine is combined with Fenbufen.,The risk or severity of hypertension can be increased when is combined with
DB00679,DB01117,The risk or severity of QTc prolongation can be increased when Atovaquone is combined with Thioridazine.,The risk or severity of QTc prolongation can be increased when is combined with
DB00679,DB00915,The therapeutic efficacy of Amantadine can be decreased when used in combination with Thioridazine.,The therapeutic efficacy of can be decreased when used in combination with
DB00679,DB01198,The risk or severity of adverse effects can be increased when Thioridazine is combined with Zopiclone.,The risk or severity of adverse effects can be increased when is combined with
DB00679,DB01113,The risk or severity of QTc prolongation can be increased when Papaverine is combined with Thioridazine.,The risk or severity of QTc prolongation can be increased when is combined with
DB00679,DB06712,The risk or severity of QTc prolongation can be increased when Nilvadipine is combined with Thioridazine.,The risk or severity of QTc prolongation can be increased when is combined with
DB00679,DB09063,The risk or severity of QTc prolongation can be increased when Ceritinib is combined with Thioridazine.,The risk or severity of QTc prolongation can be increased when is combined with
DB00679,DB12877,The risk or severity of QTc prolongation can be increased when Oxatomide is combined with Thioridazine.,The risk or severity of QTc prolongation can be increased when is combined with
DB00679,DB00871,The therapeutic efficacy of Terbutaline can be decreased when used in combination with Thioridazine.,The therapeutic efficacy of can be decreased when used in combination with
DB00679,DB00938,The therapeutic efficacy of Salmeterol can be decreased when used in combination with Thioridazine.,The therapeutic efficacy of can be decreased when used in combination with
DB00679,DB01167,The risk or severity of QTc prolongation can be increased when Itraconazole is combined with Thioridazine.,The risk or severity of QTc prolongation can be increased when is combined with
DB00679,DB06708,The metabolism of Thioridazine can be decreased when combined with Lumefantrine.,The metabolism of can be decreased when combined with
DB00679,DB00857,The metabolism of Thioridazine can be decreased when combined with Terbinafine.,The metabolism of can be decreased when combined with
DB00679,DB06016,The risk or severity of CNS depression can be increased when Thioridazine is combined with Cariprazine.,The risk or severity of CNS depression can be increased when is combined with
DB00679,DB06144,The metabolism of Sertindole can be decreased when combined with Thioridazine.,The metabolism of can be decreased when combined with
DB00679,DB00836,The risk or severity of QTc prolongation can be increased when Loperamide is combined with Thioridazine.,The risk or severity of QTc prolongation can be increased when is combined with
DB00679,DB01115,The risk or severity of QTc prolongation can be increased when Nifedipine is combined with Thioridazine.,The risk or severity of QTc prolongation can be increased when is combined with
DB00679,DB01182,The risk or severity of QTc prolongation can be increased when Propafenone is combined with Thioridazine.,The risk or severity of QTc prolongation can be increased when is combined with
DB00679,DB01274,The metabolism of Arformoterol can be decreased when combined with Thioridazine.,The metabolism of can be decreased when combined with
DB00679,DB01424,The metabolism of Aminophenazone can be decreased when combined with Thioridazine.,The metabolism of can be decreased when combined with
DB00679,DB01616,The risk or severity of CNS depression can be increased when Thioridazine is combined with Alverine.,The risk or severity of CNS depression can be increased when is combined with
DB00679,DB06701,The risk or severity of adverse effects can be increased when Thioridazine is combined with Dexmethylphenidate.,The risk or severity of adverse effects can be increased when is combined with
DB00679,DB06797,The risk or severity of CNS depression can be increased when Thioridazine is combined with Mebutamate.,The risk or severity of CNS depression can be increased when is combined with
DB00679,DB13213,The risk or severity of CNS depression can be increased when Thioridazine is combined with Butaperazine.,The risk or severity of CNS depression can be increased when is combined with
DB00679,DB09009,The risk or severity of CNS depression can be increased when Thioridazine is combined with Articaine.,The risk or severity of CNS depression can be increased when is combined with
DB00679,DB01244,The metabolism of Bepridil can be decreased when combined with Thioridazine.,The metabolism of can be decreased when combined with
DB00679,DB13074,The risk or severity of QTc prolongation can be increased when Thioridazine is combined with Macimorelin.,The risk or severity of QTc prolongation can be increased when is combined with
DB00679,DB01006,The metabolism of Thioridazine can be decreased when combined with Letrozole.,The metabolism of can be decreased when combined with
DB00679,DB13946,Testosterone undecanoate may increase the hypertensive activities of Thioridazine.,may increase the hypertensive activities of
DB00679,DB01067,The therapeutic efficacy of Glipizide can be decreased when used in combination with Thioridazine.,The therapeutic efficacy of can be decreased when used in combination with
DB00679,DB11672,The metabolism of Thioridazine can be decreased when combined with Curcumin.,The metabolism of can be decreased when combined with
DB00741,DB09063,The risk or severity of hyperglycemia can be increased when Hydrocortisone is combined with Ceritinib.,The risk or severity of hyperglycemia can be increased when is combined with
DB00741,DB00787,The excretion of Hydrocortisone can be decreased when combined with Acyclovir.,The excretion of can be decreased when combined with
DB00741,DB08868,Hydrocortisone may increase the immunosuppressive activities of Fingolimod.,may increase the immunosuppressive activities of
DB00741,DB00957,The serum concentration of Hydrocortisone can be increased when it is combined with Norgestimate.,The serum concentration of can be increased when it is combined with
DB00741,DB01009,The risk or severity of gastrointestinal irritation can be increased when Hydrocortisone is combined with Ketoprofen.,The risk or severity of gastrointestinal irritation can be increased when is combined with
DB00741,DB06736,The risk or severity of gastrointestinal irritation can be increased when Hydrocortisone is combined with Aceclofenac.,The risk or severity of gastrointestinal irritation can be increased when is combined with
DB00741,DB08976,The risk or severity of gastrointestinal irritation can be increased when Hydrocortisone is combined with Floctafenine.,The risk or severity of gastrointestinal irritation can be increased when is combined with
DB00741,DB08981,The risk or severity of gastrointestinal irritation can be increased when Hydrocortisone is combined with Fenbufen.,The risk or severity of gastrointestinal irritation can be increased when is combined with
DB00741,DB01424,The risk or severity of gastrointestinal irritation can be increased when Hydrocortisone is combined with Aminophenazone.,The risk or severity of gastrointestinal irritation can be increased when is combined with
DB00741,DB00871,The therapeutic efficacy of Terbutaline can be decreased when used in combination with Hydrocortisone.,The therapeutic efficacy of can be decreased when used in combination with
DB00741,DB11703,The metabolism of Acalabrutinib can be increased when combined with Hydrocortisone.,The metabolism of can be increased when combined with
DB00741,DB05239,The metabolism of Cobimetinib can be increased when combined with Hydrocortisone.,The metabolism of can be increased when combined with
DB00741,DB09143,The metabolism of Sonidegib can be increased when combined with Hydrocortisone.,The metabolism of can be increased when combined with
DB00741,DB06228,The metabolism of Rivaroxaban can be decreased when combined with Hydrocortisone.,The metabolism of can be decreased when combined with
DB00741,DB00857,The metabolism of Terbinafine can be increased when combined with Hydrocortisone.,The metabolism of can be increased when combined with
DB00741,DB01198,The metabolism of Zopiclone can be increased when combined with Hydrocortisone.,The metabolism of can be increased when combined with
DB00741,DB01006,The metabolism of Letrozole can be increased when combined with Hydrocortisone.,The metabolism of can be increased when combined with
DB00741,DB01115,The metabolism of Nifedipine can be increased when combined with Hydrocortisone.,The metabolism of can be increased when combined with
DB00741,DB01101,The metabolism of Capecitabine can be increased when combined with Hydrocortisone.,The metabolism of can be increased when combined with
DB00741,DB01067,The risk or severity of hyperglycemia can be increased when Hydrocortisone is combined with Glipizide.,The risk or severity of hyperglycemia can be increased when is combined with
DB00741,DB01078,The risk or severity of adverse effects can be increased when Hydrocortisone is combined with Deslanoside.,The risk or severity of adverse effects can be increased when is combined with
DB00741,DB13952,The serum concentration of Hydrocortisone can be increased when it is combined with Estradiol acetate.,The serum concentration of can be increased when it is combined with
DB00741,DB11791,The serum concentration of Capmatinib can be decreased when it is combined with Hydrocortisone.,The serum concentration of can be decreased when it is combined with
DB00741,DB06712,The metabolism of Hydrocortisone can be decreased when combined with Nilvadipine.,The metabolism of can be decreased when combined with
DB00741,DB01167,The metabolism of Hydrocortisone can be decreased when combined with Itraconazole.,The metabolism of can be decreased when combined with
DB00741,DB00836,The metabolism of Loperamide can be increased when combined with Hydrocortisone.,The metabolism of can be increased when combined with
DB00741,DB01234,The metabolism of Hydrocortisone can be increased when combined with Dexamethasone.,The metabolism of can be increased when combined with
DB00741,DB11672,The metabolism of Hydrocortisone can be decreased when combined with Curcumin.,The metabolism of can be decreased when combined with
DB00741,DB11201,The risk or severity of gastrointestinal irritation can be increased when Hydrocortisone is combined with Menthyl salicylate.,The risk or severity of gastrointestinal irritation can be increased when is combined with
DB00741,DB12095,The serum concentration of Hydrocortisone can be decreased when it is combined with Telotristat ethyl.,The serum concentration of can be decreased when it is combined with
DB00741,DB11682,The metabolism of Daprodustat can be increased when combined with Hydrocortisone.,The metabolism of can be increased when combined with
DB00787,DB01009,The excretion of Acyclovir can be decreased when combined with Ketoprofen.,The excretion of can be decreased when combined with
DB00787,DB01234,The excretion of Dexamethasone can be decreased when combined with Acyclovir.,The excretion of can be decreased when combined with
DB00787,DB06736,The risk or severity of nephrotoxicity can be increased when Acyclovir is combined with Aceclofenac.,The risk or severity of nephrotoxicity can be increased when is combined with
DB00787,DB01112,The risk or severity of nephrotoxicity can be increased when Acyclovir is combined with Cefuroxime.,The risk or severity of nephrotoxicity can be increased when is combined with
DB00787,DB01424,The risk or severity of nephrotoxicity can be increased when Acyclovir is combined with Aminophenazone.,The risk or severity of nephrotoxicity can be increased when is combined with
DB00787,DB08976,The risk or severity of nephrotoxicity can be increased when Acyclovir is combined with Floctafenine.,The risk or severity of nephrotoxicity can be increased when is combined with
DB00787,DB08981,The risk or severity of nephrotoxicity can be increased when Acyclovir is combined with Fenbufen.,The risk or severity of nephrotoxicity can be increased when is combined with
DB00787,DB00871,Acyclovir may decrease the excretion rate of Terbutaline which could result in a higher serum level.,may decrease the excretion rate of which could result in a higher serum level
DB00787,DB01046,Acyclovir may decrease the excretion rate of Lubiprostone which could result in a higher serum level.,may decrease the excretion rate of which could result in a higher serum level
DB00787,DB01067,Acyclovir may decrease the excretion rate of Glipizide which could result in a higher serum level.,may decrease the excretion rate of which could result in a higher serum level
DB00787,DB01274,Acyclovir may decrease the excretion rate of Arformoterol which could result in a higher serum level.,may decrease the excretion rate of which could result in a higher serum level
DB00787,DB01428,Acyclovir may decrease the excretion rate of Oxybenzone which could result in a higher serum level.,may decrease the excretion rate of which could result in a higher serum level
DB00787,DB06228,Acyclovir may decrease the excretion rate of Rivaroxaban which could result in a higher serum level.,may decrease the excretion rate of which could result in a higher serum level
DB00787,DB06782,Acyclovir may decrease the excretion rate of Dimercaprol which could result in a higher serum level.,may decrease the excretion rate of which could result in a higher serum level
DB00787,DB06813,Acyclovir may decrease the excretion rate of Pralatrexate which could result in a higher serum level.,may decrease the excretion rate of which could result in a higher serum level
DB00787,DB09091,Acyclovir may decrease the excretion rate of Tixocortol which could result in a higher serum level.,may decrease the excretion rate of which could result in a higher serum level
DB00787,DB11102,Acyclovir may decrease the excretion rate of N-acetyltyrosine which could result in a higher serum level.,may decrease the excretion rate of which could result in a higher serum level
DB00787,DB13946,Acyclovir may decrease the excretion rate of Testosterone undecanoate which could result in a higher serum level.,may decrease the excretion rate of which could result in a higher serum level
DB00787,DB09401,Isosorbide may increase the excretion rate of Acyclovir which could result in a lower serum level and potentially a reduction in efficacy.,may increase the excretion rate of which could result in a lower serum level and potentially a reduction in efficacy
DB00787,DB01115,The metabolism of Nifedipine can be decreased when combined with Acyclovir.,The metabolism of can be decreased when combined with
DB00787,DB13952,The metabolism of Acyclovir can be decreased when combined with Estradiol acetate.,The metabolism of can be decreased when combined with
DB00787,DB01182,The metabolism of Acyclovir can be decreased when combined with Propafenone.,The metabolism of can be decreased when combined with
DB00787,DB11791,The metabolism of Acyclovir can be decreased when combined with Capmatinib.,The metabolism of can be decreased when combined with
DB00787,DB00857,The metabolism of Terbinafine can be decreased when combined with Acyclovir.,The metabolism of can be decreased when combined with
DB00787,DB00915,The risk or severity of adverse effects can be increased when Acyclovir is combined with Amantadine.,The risk or severity of adverse effects can be increased when is combined with
DB00787,DB00938,The risk or severity of adverse effects can be increased when Acyclovir is combined with Salmeterol.,The risk or severity of adverse effects can be increased when is combined with
DB00787,DB11672,The metabolism of Acyclovir can be decreased when combined with Curcumin.,The metabolism of can be decreased when combined with
DB00836,DB09063,Loperamide may increase the bradycardic activities of Ceritinib.,may increase the bradycardic activities of
DB00836,DB01078,Loperamide may increase the arrhythmogenic activities of Deslanoside.,may increase the arrhythmogenic activities of
DB00836,DB01113,The risk or severity of QTc prolongation can be increased when Loperamide is combined with Papaverine.,The risk or severity of QTc prolongation can be increased when is combined with
DB00836,DB12877,The risk or severity of QTc prolongation can be increased when Loperamide is combined with Oxatomide.,The risk or severity of QTc prolongation can be increased when is combined with
DB00836,DB00871,The risk or severity of QTc prolongation can be increased when Terbutaline is combined with Loperamide.,The risk or severity of QTc prolongation can be increased when is combined with
DB00836,DB00915,The risk or severity of QTc prolongation can be increased when Amantadine is combined with Loperamide.,The risk or severity of QTc prolongation can be increased when is combined with
DB00836,DB01274,The risk or severity of QTc prolongation can be increased when Arformoterol is combined with Loperamide.,The risk or severity of QTc prolongation can be increased when is combined with
DB00836,DB06791,Loperamide may increase the bradycardic activities of Lanreotide.,may increase the bradycardic activities of
DB00836,DB08868,Loperamide may increase the bradycardic activities of Fingolimod.,may increase the bradycardic activities of
DB00836,DB01009,The risk or severity of hyperkalemia can be increased when Loperamide is combined with Ketoprofen.,The risk or severity of hyperkalemia can be increased when is combined with
DB00836,DB06736,The risk or severity of hyperkalemia can be increased when Loperamide is combined with Aceclofenac.,The risk or severity of hyperkalemia can be increased when is combined with
DB00836,DB08976,The risk or severity of hyperkalemia can be increased when Loperamide is combined with Floctafenine.,The risk or severity of hyperkalemia can be increased when is combined with
DB00836,DB08981,The risk or severity of hyperkalemia can be increased when Loperamide is combined with Fenbufen.,The risk or severity of hyperkalemia can be increased when is combined with
DB00836,DB00938,The metabolism of Loperamide can be decreased when combined with Salmeterol.,The metabolism of can be decreased when combined with
DB00836,DB01244,Loperamide may increase the arrhythmogenic activities of Bepridil.,may increase the arrhythmogenic activities of
DB00836,DB06708,The risk or severity of QTc prolongation can be increased when Loperamide is combined with Lumefantrine.,The risk or severity of QTc prolongation can be increased when is combined with
DB00836,DB13074,The risk or severity of QTc prolongation can be increased when Loperamide is combined with Macimorelin.,The risk or severity of QTc prolongation can be increased when is combined with
DB00836,DB01198,The metabolism of Zopiclone can be decreased when combined with Loperamide.,The metabolism of can be decreased when combined with
DB00836,DB00857,The metabolism of Terbinafine can be decreased when combined with Loperamide.,The metabolism of can be decreased when combined with
DB00836,DB05239,The serum concentration of Cobimetinib can be increased when it is combined with Loperamide.,The serum concentration of can be increased when it is combined with
DB00836,DB01115,Loperamide may increase the arrhythmogenic activities of Nifedipine.,may increase the arrhythmogenic activities of
DB00836,DB01167,The metabolism of Loperamide can be decreased when combined with Itraconazole.,The metabolism of can be decreased when combined with
DB00836,DB01182,The excretion of Loperamide can be decreased when combined with Propafenone.,The excretion of can be decreased when combined with
DB00836,DB01393,The metabolism of Loperamide can be decreased when combined with Bezafibrate.,The metabolism of can be decreased when combined with
DB00836,DB06712,Loperamide may increase the arrhythmogenic activities of Nilvadipine.,may increase the arrhythmogenic activities of
DB00836,DB01424,The metabolism of Aminophenazone can be decreased when combined with Loperamide.,The metabolism of can be decreased when combined with
DB00836,DB00957,The excretion of Loperamide can be decreased when combined with Norgestimate.,The excretion of can be decreased when combined with
DB00836,DB01234,The metabolism of Loperamide can be increased when combined with Dexamethasone.,The metabolism of can be increased when combined with
DB00836,DB13952,The metabolism of Estradiol acetate can be decreased when combined with Loperamide.,The metabolism of can be decreased when combined with
DB00836,DB06228,The serum concentration of Rivaroxaban can be increased when it is combined with Loperamide.,The serum concentration of can be increased when it is combined with
DB00836,DB11791,The excretion of Loperamide can be decreased when combined with Capmatinib.,The excretion of can be decreased when combined with
DB00836,DB11672,The metabolism of Loperamide can be decreased when combined with Curcumin.,The metabolism of can be decreased when combined with
DB00836,DB12095,The serum concentration of Loperamide can be decreased when it is combined with Telotristat ethyl.,The serum concentration of can be decreased when it is combined with
DB00836,DB15149,The serum concentration of Futibatinib can be increased when it is combined with Loperamide.,The serum concentration of can be increased when it is combined with
DB00836,DB11682,The metabolism of Daprodustat can be decreased when combined with Loperamide.,The metabolism of can be decreased when combined with
DB00857,DB01115,The metabolism of Nifedipine can be decreased when combined with Terbinafine.,The metabolism of can be decreased when combined with
DB00857,DB01274,The metabolism of Arformoterol can be decreased when combined with Terbinafine.,The metabolism of can be decreased when combined with
DB00857,DB01182,The metabolism of Propafenone can be decreased when combined with Terbinafine.,The metabolism of can be decreased when combined with
DB00857,DB01244,The metabolism of Bepridil can be decreased when combined with Terbinafine.,The metabolism of can be decreased when combined with
DB00857,DB01424,The metabolism of Aminophenazone can be decreased when combined with Terbinafine.,The metabolism of can be decreased when combined with
DB00857,DB06144,The metabolism of Sertindole can be decreased when combined with Terbinafine.,The metabolism of can be decreased when combined with
DB00857,DB00938,The metabolism of Terbinafine can be decreased when combined with Salmeterol.,The metabolism of can be decreased when combined with
DB00857,DB00957,The metabolism of Norgestimate can be increased when combined with Terbinafine.,The metabolism of can be increased when combined with
DB00857,DB01006,"The risk or severity of myopathy, rhabdomyolysis, and myoglobinuria can be increased when Terbinafine is combined with Letrozole.","The risk or severity of myopathy, rhabdomyolysis, and myoglobinuria can be increased when is combined with"
DB00857,DB01168,"The risk or severity of myopathy, rhabdomyolysis, and myoglobinuria can be increased when Terbinafine is combined with Procarbazine.","The risk or severity of myopathy, rhabdomyolysis, and myoglobinuria can be increased when is combined with"
DB00857,DB01393,"The risk or severity of myopathy, rhabdomyolysis, and myoglobinuria can be increased when Terbinafine is combined with Bezafibrate.","The risk or severity of myopathy, rhabdomyolysis, and myoglobinuria can be increased when is combined with"
DB00857,DB09063,The metabolism of Ceritinib can be increased when combined with Terbinafine.,The metabolism of can be increased when combined with
DB00857,DB05239,The metabolism of Cobimetinib can be increased when combined with Terbinafine.,The metabolism of can be increased when combined with
DB00857,DB11703,The metabolism of Acalabrutinib can be increased when combined with Terbinafine.,The metabolism of can be increased when combined with
DB00857,DB09143,The metabolism of Sonidegib can be increased when combined with Terbinafine.,The metabolism of can be increased when combined with
DB00857,DB01009,The metabolism of Terbinafine can be decreased when combined with Ketoprofen.,The metabolism of can be decreased when combined with
DB00857,DB06712,The metabolism of Terbinafine can be decreased when combined with Nilvadipine.,The metabolism of can be decreased when combined with
DB00857,DB01198,The metabolism of Zopiclone can be decreased when combined with Terbinafine.,The metabolism of can be decreased when combined with
DB00857,DB13952,The metabolism of Estradiol acetate can be decreased when combined with Terbinafine.,The metabolism of can be decreased when combined with
DB00857,DB01117,The metabolism of Terbinafine can be decreased when combined with Atovaquone.,The metabolism of can be decreased when combined with
DB00857,DB01067,The metabolism of Glipizide can be decreased when combined with Terbinafine.,The metabolism of can be decreased when combined with
DB00857,DB01101,The serum concentration of Terbinafine can be increased when it is combined with Capecitabine.,The serum concentration of can be increased when it is combined with
DB00857,DB11791,The serum concentration of Capmatinib can be decreased when it is combined with Terbinafine.,The serum concentration of can be decreased when it is combined with
DB00857,DB01167,The metabolism of Terbinafine can be decreased when combined with Itraconazole.,The metabolism of can be decreased when combined with
DB00857,DB01234,The metabolism of Terbinafine can be increased when combined with Dexamethasone.,The metabolism of can be increased when combined with
DB00857,DB11672,The metabolism of Terbinafine can be decreased when combined with Curcumin.,The metabolism of can be decreased when combined with
DB00857,DB12095,The serum concentration of Terbinafine can be decreased when it is combined with Telotristat ethyl.,The serum concentration of can be decreased when it is combined with
DB00857,DB11682,The metabolism of Daprodustat can be decreased when combined with Terbinafine.,The metabolism of can be decreased when combined with
DB00871,DB06016,The risk or severity of hypertension can be increased when Terbutaline is combined with Cariprazine.,The risk or severity of hypertension can be increased when is combined with
DB00871,DB06701,The risk or severity of hypertension can be increased when Terbutaline is combined with Dexmethylphenidate.,The risk or severity of hypertension can be increased when is combined with
DB00871,DB00940,The therapeutic efficacy of Methantheline can be decreased when used in combination with Terbutaline.,The therapeutic efficacy of can be decreased when used in combination with
DB00871,DB08801,The therapeutic efficacy of Dimetindene can be decreased when used in combination with Terbutaline.,The therapeutic efficacy of can be decreased when used in combination with
DB00871,DB01113,The risk or severity of QTc prolongation can be increased when Terbutaline is combined with Papaverine.,The risk or severity of QTc prolongation can be increased when is combined with
DB00871,DB06712,Terbutaline may decrease the antihypertensive activities of Nilvadipine.,may decrease the antihypertensive activities of
DB00871,DB09063,The risk or severity of QTc prolongation can be increased when Terbutaline is combined with Ceritinib.,The risk or severity of QTc prolongation can be increased when is combined with
DB00871,DB12877,The risk or severity of QTc prolongation can be increased when Terbutaline is combined with Oxatomide.,The risk or severity of QTc prolongation can be increased when is combined with
DB00871,DB01115,The risk or severity of QTc prolongation can be increased when Terbutaline is combined with Nifedipine.,The risk or severity of QTc prolongation can be increased when is combined with
DB00871,DB01244,The risk or severity of QTc prolongation can be increased when Terbutaline is combined with Bepridil.,The risk or severity of QTc prolongation can be increased when is combined with
DB00871,DB06708,The risk or severity of QTc prolongation can be increased when Terbutaline is combined with Lumefantrine.,The risk or severity of QTc prolongation can be increased when is combined with
DB00871,DB13074,The risk or severity of QTc prolongation can be increased when Terbutaline is combined with Macimorelin.,The risk or severity of QTc prolongation can be increased when is combined with
DB00871,DB01234,The therapeutic efficacy of Terbutaline can be decreased when used in combination with Dexamethasone.,The therapeutic efficacy of can be decreased when used in combination with
DB00871,DB09091,The therapeutic efficacy of Terbutaline can be decreased when used in combination with Tixocortol.,The therapeutic efficacy of can be decreased when used in combination with
DB00871,DB14539,The therapeutic efficacy of Terbutaline can be decreased when used in combination with Hydrocortisone acetate.,The therapeutic efficacy of can be decreased when used in combination with
DB00871,DB01168,The risk or severity of adverse effects can be increased when Procarbazine is combined with Terbutaline.,The risk or severity of adverse effects can be increased when is combined with
DB00871,DB00938,The risk or severity of adverse effects can be increased when Terbutaline is combined with Salmeterol.,The risk or severity of adverse effects can be increased when is combined with
DB00871,DB01274,The risk or severity of adverse effects can be increased when Terbutaline is combined with Arformoterol.,The risk or severity of adverse effects can be increased when is combined with
DB00871,DB01182,The therapeutic efficacy of Terbutaline can be decreased when used in combination with Propafenone.,The therapeutic efficacy of can be decreased when used in combination with
DB00871,DB00915,The therapeutic efficacy of Amantadine can be decreased when used in combination with Terbutaline.,The therapeutic efficacy of can be decreased when used in combination with
DB00871,DB01167,The risk or severity of QTc prolongation can be increased when Terbutaline is combined with Itraconazole.,The risk or severity of QTc prolongation can be increased when is combined with
DB00871,DB01009,The risk or severity of hypertension can be increased when Terbutaline is combined with Ketoprofen.,The risk or severity of hypertension can be increased when is combined with
DB00871,DB01112,Cefuroxime may decrease the excretion rate of Terbutaline which could result in a higher serum level.,may decrease the excretion rate of which could result in a higher serum level
DB00871,DB01424,The risk or severity of hypertension can be increased when Terbutaline is combined with Aminophenazone.,The risk or severity of hypertension can be increased when is combined with
DB00871,DB06736,The risk or severity of hypertension can be increased when Terbutaline is combined with Aceclofenac.,The risk or severity of hypertension can be increased when is combined with
DB00871,DB08976,The risk or severity of hypertension can be increased when Terbutaline is combined with Floctafenine.,The risk or severity of hypertension can be increased when is combined with
DB00871,DB08981,The risk or severity of hypertension can be increased when Terbutaline is combined with Fenbufen.,The risk or severity of hypertension can be increased when is combined with
DB00871,DB01046,Terbutaline may decrease the excretion rate of Lubiprostone which could result in a higher serum level.,may decrease the excretion rate of which could result in a higher serum level
DB00871,DB01067,Terbutaline may decrease the excretion rate of Glipizide which could result in a higher serum level.,may decrease the excretion rate of which could result in a higher serum level
DB00871,DB01101,Terbutaline may decrease the excretion rate of Capecitabine which could result in a higher serum level.,may decrease the excretion rate of which could result in a higher serum level
DB00871,DB01428,Terbutaline may decrease the excretion rate of Oxybenzone which could result in a higher serum level.,may decrease the excretion rate of which could result in a higher serum level
DB00871,DB06228,Terbutaline may decrease the excretion rate of Rivaroxaban which could result in a higher serum level.,may decrease the excretion rate of which could result in a higher serum level
DB00871,DB06782,Terbutaline may decrease the excretion rate of Dimercaprol which could result in a higher serum level.,may decrease the excretion rate of which could result in a higher serum level
DB00871,DB06813,Terbutaline may decrease the excretion rate of Pralatrexate which could result in a higher serum level.,may decrease the excretion rate of which could result in a higher serum level
DB00871,DB11102,Terbutaline may decrease the excretion rate of N-acetyltyrosine which could result in a higher serum level.,may decrease the excretion rate of which could result in a higher serum level
DB00871,DB13952,Terbutaline may decrease the excretion rate of Estradiol acetate which could result in a higher serum level.,may decrease the excretion rate of which could result in a higher serum level
DB00871,DB09401,Isosorbide may increase the excretion rate of Terbutaline which could result in a lower serum level and potentially a reduction in efficacy.,may increase the excretion rate of which could result in a lower serum level and potentially a reduction in efficacy
DB00871,DB13946,Testosterone undecanoate may increase the hypertensive activities of Terbutaline.,may increase the hypertensive activities of
DB00915,DB06701,The risk or severity of adverse effects can be increased when Dexmethylphenidate is combined with Amantadine.,The risk or severity of adverse effects can be increased when is combined with
DB00915,DB11609,The risk or severity of adverse effects can be increased when Amantadine is combined with Normethadone.,The risk or severity of adverse effects can be increased when is combined with
DB00915,DB00940,The risk or severity of adverse effects can be increased when Amantadine is combined with Methantheline.,The risk or severity of adverse effects can be increased when is combined with
DB00915,DB08801,The risk or severity of adverse effects can be increased when Amantadine is combined with Dimetindene.,The risk or severity of adverse effects can be increased when is combined with
DB00915,DB06016,The therapeutic efficacy of Amantadine can be decreased when used in combination with Cariprazine.,The therapeutic efficacy of can be decreased when used in combination with
DB00915,DB06144,The therapeutic efficacy of Amantadine can be decreased when used in combination with Sertindole.,The therapeutic efficacy of can be decreased when used in combination with
DB00915,DB01113,The risk or severity of QTc prolongation can be increased when Amantadine is combined with Papaverine.,The risk or severity of QTc prolongation can be increased when is combined with
DB00915,DB01115,The risk or severity of QTc prolongation can be increased when Amantadine is combined with Nifedipine.,The risk or severity of QTc prolongation can be increased when is combined with
DB00915,DB01182,The risk or severity of QTc prolongation can be increased when Amantadine is combined with Propafenone.,The risk or severity of QTc prolongation can be increased when is combined with
DB00915,DB06712,The risk or severity of QTc prolongation can be increased when Amantadine is combined with Nilvadipine.,The risk or severity of QTc prolongation can be increased when is combined with
DB00915,DB09063,The risk or severity of QTc prolongation can be increased when Amantadine is combined with Ceritinib.,The risk or severity of QTc prolongation can be increased when is combined with
DB00915,DB12877,The risk or severity of QTc prolongation can be increased when Amantadine is combined with Oxatomide.,The risk or severity of QTc prolongation can be increased when is combined with
DB00915,DB01244,The risk or severity of QTc prolongation can be increased when Amantadine is combined with Bepridil.,The risk or severity of QTc prolongation can be increased when is combined with
DB00915,DB06708,The risk or severity of QTc prolongation can be increased when Amantadine is combined with Lumefantrine.,The risk or severity of QTc prolongation can be increased when is combined with
DB00915,DB13074,The risk or severity of QTc prolongation can be increased when Amantadine is combined with Macimorelin.,The risk or severity of QTc prolongation can be increased when is combined with
DB00915,DB00938,The serum concentration of Amantadine can be increased when it is combined with Salmeterol.,The serum concentration of can be increased when it is combined with
DB00915,DB13952,The serum concentration of Amantadine can be increased when it is combined with Estradiol acetate.,The serum concentration of can be increased when it is combined with
DB00915,DB01167,The risk or severity of QTc prolongation can be increased when Amantadine is combined with Itraconazole.,The risk or severity of QTc prolongation can be increased when is combined with
DB00915,DB01274,The risk or severity of QTc prolongation can be increased when Amantadine is combined with Arformoterol.,The risk or severity of QTc prolongation can be increased when is combined with
DB00915,DB01009,Ketoprofen may decrease the excretion rate of Amantadine which could result in a higher serum level.,may decrease the excretion rate of which could result in a higher serum level
DB00915,DB01112,Cefuroxime may decrease the excretion rate of Amantadine which could result in a higher serum level.,may decrease the excretion rate of which could result in a higher serum level
DB00915,DB01424,Aminophenazone may decrease the excretion rate of Amantadine which could result in a higher serum level.,may decrease the excretion rate of which could result in a higher serum level
DB00915,DB06736,Aceclofenac may decrease the excretion rate of Amantadine which could result in a higher serum level.,may decrease the excretion rate of which could result in a higher serum level
DB00915,DB08976,Floctafenine may decrease the excretion rate of Amantadine which could result in a higher serum level.,may decrease the excretion rate of which could result in a higher serum level
DB00915,DB08981,Fenbufen may decrease the excretion rate of Amantadine which could result in a higher serum level.,may decrease the excretion rate of which could result in a higher serum level
DB00915,DB01046,Amantadine may decrease the excretion rate of Lubiprostone which could result in a higher serum level.,may decrease the excretion rate of which could result in a higher serum level
DB00915,DB01067,Amantadine may decrease the excretion rate of Glipizide which could result in a higher serum level.,may decrease the excretion rate of which could result in a higher serum level
DB00915,DB01101,Amantadine may decrease the excretion rate of Capecitabine which could result in a higher serum level.,may decrease the excretion rate of which could result in a higher serum level
DB00915,DB01428,Amantadine may decrease the excretion rate of Oxybenzone which could result in a higher serum level.,may decrease the excretion rate of which could result in a higher serum level
DB00915,DB06228,Amantadine may decrease the excretion rate of Rivaroxaban which could result in a higher serum level.,may decrease the excretion rate of which could result in a higher serum level
DB00915,DB06782,Amantadine may decrease the excretion rate of Dimercaprol which could result in a higher serum level.,may decrease the excretion rate of which could result in a higher serum level
DB00915,DB06813,Amantadine may decrease the excretion rate of Pralatrexate which could result in a higher serum level.,may decrease the excretion rate of which could result in a higher serum level
DB00915,DB09091,Amantadine may decrease the excretion rate of Tixocortol which could result in a higher serum level.,may decrease the excretion rate of which could result in a higher serum level
DB00915,DB11102,Amantadine may decrease the excretion rate of N-acetyltyrosine which could result in a higher serum level.,may decrease the excretion rate of which could result in a higher serum level
DB00915,DB13946,Amantadine may decrease the excretion rate of Testosterone undecanoate which could result in a higher serum level.,may decrease the excretion rate of which could result in a higher serum level
DB00915,DB09401,Isosorbide may increase the excretion rate of Amantadine which could result in a lower serum level and potentially a reduction in efficacy.,may increase the excretion rate of which could result in a lower serum level and potentially a reduction in efficacy
DB00915,DB14627,The therapeutic efficacy of Oxyphenisatin acetate can be decreased when used in combination with Amantadine.,The therapeutic efficacy of can be decreased when used in combination with
DB00938,DB01009,The risk or severity of hypertension can be increased when Salmeterol is combined with Ketoprofen.,The risk or severity of hypertension can be increased when is combined with
DB00938,DB06701,The risk or severity of hypertension can be increased when Salmeterol is combined with Dexmethylphenidate.,The risk or severity of hypertension can be increased when is combined with
DB00938,DB06736,The risk or severity of hypertension can be increased when Salmeterol is combined with Aceclofenac.,The risk or severity of hypertension can be increased when is combined with
DB00938,DB08976,The risk or severity of hypertension can be increased when Salmeterol is combined with Floctafenine.,The risk or severity of hypertension can be increased when is combined with
DB00938,DB08981,The risk or severity of hypertension can be increased when Salmeterol is combined with Fenbufen.,The risk or severity of hypertension can be increased when is combined with
DB00938,DB06016,The risk or severity of hypertension can be increased when Salmeterol is combined with Cariprazine.,The risk or severity of hypertension can be increased when is combined with
DB00938,DB01113,The risk or severity of QTc prolongation can be increased when Salmeterol is combined with Papaverine.,The risk or severity of QTc prolongation can be increased when is combined with
DB00938,DB12877,The risk or severity of QTc prolongation can be increased when Salmeterol is combined with Oxatomide.,The risk or severity of QTc prolongation can be increased when is combined with
DB00938,DB01115,The risk or severity of QTc prolongation can be increased when Salmeterol is combined with Nifedipine.,The risk or severity of QTc prolongation can be increased when is combined with
DB00938,DB06712,The metabolism of Salmeterol can be decreased when combined with Nilvadipine.,The metabolism of can be decreased when combined with
DB00938,DB09063,The risk or severity of QTc prolongation can be increased when Salmeterol is combined with Ceritinib.,The risk or severity of QTc prolongation can be increased when is combined with
DB00938,DB01244,The risk or severity of QTc prolongation can be increased when Salmeterol is combined with Bepridil.,The risk or severity of QTc prolongation can be increased when is combined with
DB00938,DB06708,The risk or severity of QTc prolongation can be increased when Salmeterol is combined with Lumefantrine.,The risk or severity of QTc prolongation can be increased when is combined with
DB00938,DB13074,The risk or severity of QTc prolongation can be increased when Salmeterol is combined with Macimorelin.,The risk or severity of QTc prolongation can be increased when is combined with
DB00938,DB01198,The metabolism of Zopiclone can be decreased when combined with Salmeterol.,The metabolism of can be decreased when combined with
DB00938,DB01424,The metabolism of Aminophenazone can be decreased when combined with Salmeterol.,The metabolism of can be decreased when combined with
DB00938,DB13952,The metabolism of Estradiol acetate can be decreased when combined with Salmeterol.,The metabolism of can be decreased when combined with
DB00938,DB01274,The risk or severity of adverse effects can be increased when Salmeterol is combined with Arformoterol.,The risk or severity of adverse effects can be increased when is combined with
DB00938,DB01182,The therapeutic efficacy of Salmeterol can be decreased when used in combination with Propafenone.,The therapeutic efficacy of can be decreased when used in combination with
DB00938,DB01006,"The risk or severity of myopathy, rhabdomyolysis, and myoglobinuria can be increased when Salmeterol is combined with Letrozole.","The risk or severity of myopathy, rhabdomyolysis, and myoglobinuria can be increased when is combined with"
DB00938,DB01168,"The risk or severity of myopathy, rhabdomyolysis, and myoglobinuria can be increased when Salmeterol is combined with Procarbazine.","The risk or severity of myopathy, rhabdomyolysis, and myoglobinuria can be increased when is combined with"
DB00938,DB01393,"The risk or severity of myopathy, rhabdomyolysis, and myoglobinuria can be increased when Salmeterol is combined with Bezafibrate.","The risk or severity of myopathy, rhabdomyolysis, and myoglobinuria can be increased when is combined with"
DB00938,DB11703,The metabolism of Salmeterol can be decreased when combined with Acalabrutinib.,The metabolism of can be decreased when combined with
DB00938,DB06228,The metabolism of Rivaroxaban can be decreased when combined with Salmeterol.,The metabolism of can be decreased when combined with
DB00938,DB13946,Testosterone undecanoate may increase the hypertensive activities of Salmeterol.,may increase the hypertensive activities of
DB00938,DB01167,The metabolism of Salmeterol can be decreased when combined with Itraconazole.,The metabolism of can be decreased when combined with
DB00938,DB01234,The metabolism of Salmeterol can be increased when combined with Dexamethasone.,The metabolism of can be increased when combined with
DB00938,DB11672,The metabolism of Salmeterol can be decreased when combined with Curcumin.,The metabolism of can be decreased when combined with
DB00938,DB12095,The serum concentration of Salmeterol can be decreased when it is combined with Telotristat ethyl.,The serum concentration of can be decreased when it is combined with
DB00938,DB11682,The metabolism of Daprodustat can be decreased when combined with Salmeterol.,The metabolism of can be decreased when combined with
DB00940,DB06701,The therapeutic efficacy of Dexmethylphenidate can be decreased when used in combination with Methantheline.,The therapeutic efficacy of can be decreased when used in combination with
DB00940,DB11609,The risk or severity of adverse effects can be increased when Methantheline is combined with Normethadone.,The risk or severity of adverse effects can be increased when is combined with
DB00940,DB08801,The risk or severity of adverse effects can be increased when Methantheline is combined with Dimetindene.,The risk or severity of adverse effects can be increased when is combined with
DB00940,DB01046,The therapeutic efficacy of Lubiprostone can be decreased when used in combination with Methantheline.,The therapeutic efficacy of can be decreased when used in combination with
DB00940,DB14627,The therapeutic efficacy of Oxyphenisatin acetate can be decreased when used in combination with Methantheline.,The therapeutic efficacy of can be decreased when used in combination with
DB00940,DB13074,The therapeutic efficacy of Macimorelin can be decreased when used in combination with Methantheline.,The therapeutic efficacy of can be decreased when used in combination with
DB00957,DB01220,The serum concentration of Rifaximin can be increased when it is combined with Norgestimate.,The serum concentration of can be increased when it is combined with
DB00957,DB09091,The serum concentration of Tixocortol can be increased when it is combined with Norgestimate.,The serum concentration of can be increased when it is combined with
DB00957,DB14539,The serum concentration of Hydrocortisone acetate can be increased when it is combined with Norgestimate.,The serum concentration of can be increased when it is combined with
DB00957,DB01234,The serum concentration of Dexamethasone can be increased when it is combined with Norgestimate.,The serum concentration of can be increased when it is combined with
DB00957,DB12329,The serum concentration of Norgestimate can be decreased when it is combined with Eravacycline.,The serum concentration of can be decreased when it is combined with
DB00957,DB05239,The serum concentration of Cobimetinib can be increased when it is combined with Norgestimate.,The serum concentration of can be increased when it is combined with
DB00957,DB09063,The serum concentration of Ceritinib can be increased when it is combined with Norgestimate.,The serum concentration of can be increased when it is combined with
DB00957,DB13952,The metabolism of Norgestimate can be increased when combined with Estradiol acetate.,The metabolism of can be increased when combined with
DB00957,DB11703,The metabolism of Acalabrutinib can be increased when combined with Norgestimate.,The metabolism of can be increased when combined with
DB00957,DB09143,The metabolism of Sonidegib can be increased when combined with Norgestimate.,The metabolism of can be increased when combined with
DB00957,DB01117,The metabolism of Norgestimate can be decreased when combined with Atovaquone.,The metabolism of can be decreased when combined with
DB00957,DB01198,The metabolism of Zopiclone can be decreased when combined with Norgestimate.,The metabolism of can be decreased when combined with
DB00957,DB01274,The metabolism of Arformoterol can be decreased when combined with Norgestimate.,The metabolism of can be decreased when combined with
DB00957,DB01424,The metabolism of Aminophenazone can be decreased when combined with Norgestimate.,The metabolism of can be decreased when combined with
DB00957,DB01101,The serum concentration of Norgestimate can be increased when it is combined with Capecitabine.,The serum concentration of can be increased when it is combined with
DB00957,DB01067,The therapeutic efficacy of Glipizide can be decreased when used in combination with Norgestimate.,The therapeutic efficacy of can be decreased when used in combination with
DB00957,DB11791,The serum concentration of Capmatinib can be decreased when it is combined with Norgestimate.,The serum concentration of can be decreased when it is combined with
DB00957,DB06228,The risk or severity of adverse effects can be increased when Norgestimate is combined with Rivaroxaban.,The risk or severity of adverse effects can be increased when is combined with
DB00957,DB06712,The metabolism of Norgestimate can be decreased when combined with Nilvadipine.,The metabolism of can be decreased when combined with
DB00957,DB01167,The metabolism of Norgestimate can be decreased when combined with Itraconazole.,The metabolism of can be decreased when combined with
DB00957,DB11672,The metabolism of Norgestimate can be decreased when combined with Curcumin.,The metabolism of can be decreased when combined with
DB00957,DB12095,The serum concentration of Norgestimate can be decreased when it is combined with Telotristat ethyl.,The serum concentration of can be decreased when it is combined with
DB00957,DB15149,The serum concentration of Futibatinib can be increased when it is combined with Norgestimate.,The serum concentration of can be increased when it is combined with
DB01006,DB01115,The metabolism of Nifedipine can be decreased when combined with Letrozole.,The metabolism of can be decreased when combined with
DB01006,DB01274,The metabolism of Arformoterol can be decreased when combined with Letrozole.,The metabolism of can be decreased when combined with
DB01006,DB01168,"The risk or severity of myopathy, rhabdomyolysis, and myoglobinuria can be increased when Letrozole is combined with Procarbazine.","The risk or severity of myopathy, rhabdomyolysis, and myoglobinuria can be increased when is combined with"
DB01006,DB01393,"The risk or severity of myopathy, rhabdomyolysis, and myoglobinuria can be increased when Letrozole is combined with Bezafibrate.","The risk or severity of myopathy, rhabdomyolysis, and myoglobinuria can be increased when is combined with"
DB01006,DB06712,The metabolism of Letrozole can be decreased when combined with Nilvadipine.,The metabolism of can be decreased when combined with
DB01006,DB01167,The metabolism of Letrozole can be decreased when combined with Itraconazole.,The metabolism of can be decreased when combined with
DB01006,DB01234,The metabolism of Letrozole can be increased when combined with Dexamethasone.,The metabolism of can be increased when combined with
DB01006,DB11672,The metabolism of Letrozole can be decreased when combined with Curcumin.,The metabolism of can be decreased when combined with
DB01006,DB12095,The serum concentration of Letrozole can be decreased when it is combined with Telotristat ethyl.,The serum concentration of can be decreased when it is combined with
DB01006,DB09009,The risk or severity of methemoglobinemia can be increased when Letrozole is combined with Articaine.,The risk or severity of methemoglobinemia can be increased when is combined with
DB01009,DB06016,The risk or severity of hypertension can be increased when Ketoprofen is combined with Cariprazine.,The risk or severity of hypertension can be increased when is combined with
DB01009,DB06701,The risk or severity of hypertension can be increased when Ketoprofen is combined with Dexmethylphenidate.,The risk or severity of hypertension can be increased when is combined with
DB01009,DB06813,Ketoprofen may decrease the excretion rate of Pralatrexate which could result in a higher serum level.,may decrease the excretion rate of which could result in a higher serum level
DB01009,DB01182,Ketoprofen may decrease the antihypertensive activities of Propafenone.,may decrease the antihypertensive activities of
DB01009,DB01112,The risk or severity of nephrotoxicity can be increased when Ketoprofen is combined with Cefuroxime.,The risk or severity of nephrotoxicity can be increased when is combined with
DB01009,DB01234,The risk or severity of gastrointestinal irritation can be increased when Dexamethasone is combined with Ketoprofen.,The risk or severity of gastrointestinal irritation can be increased when is combined with
DB01009,DB14539,The risk or severity of gastrointestinal irritation can be increased when Hydrocortisone acetate is combined with Ketoprofen.,The risk or severity of gastrointestinal irritation can be increased when is combined with
DB01009,DB09091,The risk or severity of gastrointestinal irritation can be increased when Tixocortol is combined with Ketoprofen.,The risk or severity of gastrointestinal irritation can be increased when is combined with
DB01009,DB01167,The risk or severity of hyperkalemia can be increased when Ketoprofen is combined with Itraconazole.,The risk or severity of hyperkalemia can be increased when is combined with
DB01009,DB01244,The therapeutic efficacy of Bepridil can be decreased when used in combination with Ketoprofen.,The therapeutic efficacy of can be decreased when used in combination with
DB01009,DB06712,The therapeutic efficacy of Nilvadipine can be decreased when used in combination with Ketoprofen.,The therapeutic efficacy of can be decreased when used in combination with
DB01009,DB06736,The risk or severity of adverse effects can be increased when Ketoprofen is combined with Aceclofenac.,The risk or severity of adverse effects can be increased when is combined with
DB01009,DB08976,The risk or severity of adverse effects can be increased when Ketoprofen is combined with Floctafenine.,The risk or severity of adverse effects can be increased when is combined with
DB01009,DB08981,The risk or severity of adverse effects can be increased when Ketoprofen is combined with Fenbufen.,The risk or severity of adverse effects can be increased when is combined with
DB01009,DB01424,The risk or severity of adverse effects can be increased when Ketoprofen is combined with Aminophenazone.,The risk or severity of adverse effects can be increased when is combined with
DB01009,DB01046,Ketoprofen may decrease the excretion rate of Lubiprostone which could result in a higher serum level.,may decrease the excretion rate of which could result in a higher serum level
DB01009,DB01274,The risk or severity of hypertension can be increased when Ketoprofen is combined with Arformoterol.,The risk or severity of hypertension can be increased when is combined with
DB01009,DB01428,Ketoprofen may decrease the excretion rate of Oxybenzone which could result in a higher serum level.,may decrease the excretion rate of which could result in a higher serum level
DB01009,DB06782,Ketoprofen may decrease the excretion rate of Dimercaprol which could result in a higher serum level.,may decrease the excretion rate of which could result in a higher serum level
DB01009,DB11102,Ketoprofen may decrease the excretion rate of N-acetyltyrosine which could result in a higher serum level.,may decrease the excretion rate of which could result in a higher serum level
DB01009,DB13952,Ketoprofen may decrease the excretion rate of Estradiol acetate which could result in a higher serum level.,may decrease the excretion rate of which could result in a higher serum level
DB01009,DB01115,The risk or severity of hyperkalemia can be increased when Ketoprofen is combined with Nifedipine.,The risk or severity of hyperkalemia can be increased when is combined with
DB01009,DB09401,Isosorbide may increase the excretion rate of Ketoprofen which could result in a lower serum level and potentially a reduction in efficacy.,may increase the excretion rate of which could result in a lower serum level and potentially a reduction in efficacy
DB01009,DB01198,The metabolism of Zopiclone can be decreased when combined with Ketoprofen.,The metabolism of can be decreased when combined with
DB01009,DB13074,The therapeutic efficacy of Macimorelin can be decreased when used in combination with Ketoprofen.,The therapeutic efficacy of can be decreased when used in combination with
DB01009,DB13946,Testosterone undecanoate may increase the hypertensive activities of Ketoprofen.,may increase the hypertensive activities of
DB01009,DB11201,The risk or severity of adverse effects can be increased when Ketoprofen is combined with Menthyl salicylate.,The risk or severity of adverse effects can be increased when is combined with
DB01009,DB11682,The metabolism of Daprodustat can be decreased when combined with Ketoprofen.,The metabolism of can be decreased when combined with
DB01046,DB08801,The therapeutic efficacy of Lubiprostone can be decreased when used in combination with Dimetindene.,The therapeutic efficacy of can be decreased when used in combination with
DB01046,DB01244,The therapeutic efficacy of Lubiprostone can be decreased when used in combination with Bepridil.,The therapeutic efficacy of can be decreased when used in combination with
DB01046,DB06712,The therapeutic efficacy of Lubiprostone can be decreased when used in combination with Nilvadipine.,The therapeutic efficacy of can be decreased when used in combination with
DB01046,DB11609,The therapeutic efficacy of Lubiprostone can be decreased when used in combination with Normethadone.,The therapeutic efficacy of can be decreased when used in combination with
DB01046,DB01112,Cefuroxime may decrease the excretion rate of Lubiprostone which could result in a higher serum level.,may decrease the excretion rate of which could result in a higher serum level
DB01046,DB01424,Aminophenazone may decrease the excretion rate of Lubiprostone which could result in a higher serum level.,may decrease the excretion rate of which could result in a higher serum level
DB01046,DB06736,Aceclofenac may decrease the excretion rate of Lubiprostone which could result in a higher serum level.,may decrease the excretion rate of which could result in a higher serum level
DB01046,DB08976,Floctafenine may decrease the excretion rate of Lubiprostone which could result in a higher serum level.,may decrease the excretion rate of which could result in a higher serum level
DB01046,DB08981,Fenbufen may decrease the excretion rate of Lubiprostone which could result in a higher serum level.,may decrease the excretion rate of which could result in a higher serum level
DB01046,DB01067,Lubiprostone may decrease the excretion rate of Glipizide which could result in a higher serum level.,may decrease the excretion rate of which could result in a higher serum level
DB01046,DB01101,Lubiprostone may decrease the excretion rate of Capecitabine which could result in a higher serum level.,may decrease the excretion rate of which could result in a higher serum level
DB01046,DB01115,The therapeutic efficacy of Lubiprostone can be decreased when used in combination with Nifedipine.,The therapeutic efficacy of can be decreased when used in combination with
DB01046,DB01274,Lubiprostone may decrease the excretion rate of Arformoterol which could result in a higher serum level.,may decrease the excretion rate of which could result in a higher serum level
DB01046,DB01428,Lubiprostone may decrease the excretion rate of Oxybenzone which could result in a higher serum level.,may decrease the excretion rate of which could result in a higher serum level
DB01046,DB06228,Lubiprostone may decrease the excretion rate of Rivaroxaban which could result in a higher serum level.,may decrease the excretion rate of which could result in a higher serum level
DB01046,DB06782,Lubiprostone may decrease the excretion rate of Dimercaprol which could result in a higher serum level.,may decrease the excretion rate of which could result in a higher serum level
DB01046,DB06813,Lubiprostone may decrease the excretion rate of Pralatrexate which could result in a higher serum level.,may decrease the excretion rate of which could result in a higher serum level
DB01046,DB09091,Lubiprostone may decrease the excretion rate of Tixocortol which could result in a higher serum level.,may decrease the excretion rate of which could result in a higher serum level
DB01046,DB11102,Lubiprostone may decrease the excretion rate of N-acetyltyrosine which could result in a higher serum level.,may decrease the excretion rate of which could result in a higher serum level
DB01046,DB13946,Lubiprostone may decrease the excretion rate of Testosterone undecanoate which could result in a higher serum level.,may decrease the excretion rate of which could result in a higher serum level
DB01046,DB13952,Lubiprostone may decrease the excretion rate of Estradiol acetate which could result in a higher serum level.,may decrease the excretion rate of which could result in a higher serum level
DB01046,DB14627,The risk or severity of adverse effects can be increased when Lubiprostone is combined with Oxyphenisatin acetate.,The risk or severity of adverse effects can be increased when is combined with
DB01067,DB01115,Glipizide may decrease the excretion rate of Nifedipine which could result in a higher serum level.,may decrease the excretion rate of which could result in a higher serum level
DB01067,DB06791,The therapeutic efficacy of Glipizide can be decreased when used in combination with Lanreotide.,The therapeutic efficacy of can be decreased when used in combination with
DB01067,DB09009,The therapeutic efficacy of Glipizide can be decreased when used in combination with Articaine.,The therapeutic efficacy of can be decreased when used in combination with
DB01067,DB01112,Cefuroxime may decrease the excretion rate of Glipizide which could result in a higher serum level.,may decrease the excretion rate of which could result in a higher serum level
DB01067,DB01274,Glipizide may decrease the excretion rate of Arformoterol which could result in a higher serum level.,may decrease the excretion rate of which could result in a higher serum level
DB01067,DB01428,Glipizide may decrease the excretion rate of Oxybenzone which could result in a higher serum level.,may decrease the excretion rate of which could result in a higher serum level
DB01067,DB06782,Glipizide may decrease the excretion rate of Dimercaprol which could result in a higher serum level.,may decrease the excretion rate of which could result in a higher serum level
DB01067,DB06813,Glipizide may decrease the excretion rate of Pralatrexate which could result in a higher serum level.,may decrease the excretion rate of which could result in a higher serum level
DB01067,DB11102,Glipizide may decrease the excretion rate of N-acetyltyrosine which could result in a higher serum level.,may decrease the excretion rate of which could result in a higher serum level
DB01067,DB06228,Glipizide may decrease the excretion rate of Rivaroxaban which could result in a higher serum level.,may decrease the excretion rate of which could result in a higher serum level
DB01067,DB09401,Isosorbide may increase the excretion rate of Glipizide which could result in a lower serum level and potentially a reduction in efficacy.,may increase the excretion rate of which could result in a lower serum level and potentially a reduction in efficacy
DB01067,DB01117,The metabolism of Glipizide can be decreased when combined with Atovaquone.,The metabolism of can be decreased when combined with
DB01067,DB09063,The therapeutic efficacy of Glipizide can be decreased when used in combination with Ceritinib.,The therapeutic efficacy of can be decreased when used in combination with
DB01067,DB01198,The metabolism of Zopiclone can be decreased when combined with Glipizide.,The metabolism of can be decreased when combined with
DB01067,DB01101,The serum concentration of Glipizide can be increased when it is combined with Capecitabine.,The serum concentration of can be increased when it is combined with
DB01067,DB13213,The therapeutic efficacy of Glipizide can be decreased when used in combination with Butaperazine.,The therapeutic efficacy of can be decreased when used in combination with
DB01067,DB13952,The therapeutic efficacy of Glipizide can be decreased when used in combination with Estradiol acetate.,The therapeutic efficacy of can be decreased when used in combination with
DB01067,DB09091,The risk or severity of hyperglycemia can be increased when Tixocortol is combined with Glipizide.,The risk or severity of hyperglycemia can be increased when is combined with
DB01067,DB01234,The risk or severity of hyperglycemia can be increased when Dexamethasone is combined with Glipizide.,The risk or severity of hyperglycemia can be increased when is combined with
DB01067,DB14539,The risk or severity of hyperglycemia can be increased when Hydrocortisone acetate is combined with Glipizide.,The risk or severity of hyperglycemia can be increased when is combined with
DB01078,DB01167,The serum concentration of Deslanoside can be increased when it is combined with Itraconazole.,The serum concentration of can be increased when it is combined with
DB01078,DB01182,The serum concentration of Deslanoside can be increased when it is combined with Propafenone.,The serum concentration of can be increased when it is combined with
DB01078,DB01115,Deslanoside may increase the arrhythmogenic activities of Nifedipine.,may increase the arrhythmogenic activities of
DB01078,DB01244,Deslanoside may increase the arrhythmogenic activities of Bepridil.,may increase the arrhythmogenic activities of
DB01078,DB06712,Deslanoside may increase the arrhythmogenic activities of Nilvadipine.,may increase the arrhythmogenic activities of
DB01078,DB01234,The risk or severity of adverse effects can be increased when Dexamethasone is combined with Deslanoside.,The risk or severity of adverse effects can be increased when is combined with
DB01078,DB09091,The risk or severity of adverse effects can be increased when Tixocortol is combined with Deslanoside.,The risk or severity of adverse effects can be increased when is combined with
DB01078,DB14539,The risk or severity of adverse effects can be increased when Hydrocortisone acetate is combined with Deslanoside.,The risk or severity of adverse effects can be increased when is combined with
DB01101,DB01168,The risk or severity of adverse effects can be increased when Capecitabine is combined with Procarbazine.,The risk or severity of adverse effects can be increased when is combined with
DB01101,DB01234,The risk or severity of adverse effects can be increased when Capecitabine is combined with Dexamethasone.,The risk or severity of adverse effects can be increased when is combined with
DB01101,DB06813,The risk or severity of adverse effects can be increased when Capecitabine is combined with Pralatrexate.,The risk or severity of adverse effects can be increased when is combined with
DB01101,DB09091,The risk or severity of adverse effects can be increased when Capecitabine is combined with Tixocortol.,The risk or severity of adverse effects can be increased when is combined with
DB01101,DB14539,The risk or severity of adverse effects can be increased when Capecitabine is combined with Hydrocortisone acetate.,The risk or severity of adverse effects can be increased when is combined with
DB01101,DB08868,Capecitabine may increase the immunosuppressive activities of Fingolimod.,may increase the immunosuppressive activities of
DB01101,DB01428,Capecitabine may decrease the excretion rate of Oxybenzone which could result in a higher serum level.,may decrease the excretion rate of which could result in a higher serum level
DB01101,DB06228,Capecitabine may decrease the excretion rate of Rivaroxaban which could result in a higher serum level.,may decrease the excretion rate of which could result in a higher serum level
DB01101,DB06782,Capecitabine may decrease the excretion rate of Dimercaprol which could result in a higher serum level.,may decrease the excretion rate of which could result in a higher serum level
DB01101,DB11102,Capecitabine may decrease the excretion rate of N-acetyltyrosine which could result in a higher serum level.,may decrease the excretion rate of which could result in a higher serum level
DB01101,DB09401,Isosorbide may increase the excretion rate of Capecitabine which could result in a lower serum level and potentially a reduction in efficacy.,may increase the excretion rate of which could result in a lower serum level and potentially a reduction in efficacy
DB01101,DB01198,The serum concentration of Zopiclone can be increased when it is combined with Capecitabine.,The serum concentration of can be increased when it is combined with
DB01101,DB01274,The serum concentration of Arformoterol can be increased when it is combined with Capecitabine.,The serum concentration of can be increased when it is combined with
DB01101,DB01424,The serum concentration of Aminophenazone can be increased when it is combined with Capecitabine.,The serum concentration of can be increased when it is combined with
DB01101,DB13946,Capecitabine may decrease the excretion rate of Testosterone undecanoate which could result in a higher serum level.,may decrease the excretion rate of which could result in a higher serum level
DB01101,DB13952,The serum concentration of Estradiol acetate can be increased when it is combined with Capecitabine.,The serum concentration of can be increased when it is combined with
DB01101,DB01117,The metabolism of Capecitabine can be decreased when combined with Atovaquone.,The metabolism of can be decreased when combined with
DB01101,DB09063,The metabolism of Capecitabine can be decreased when combined with Ceritinib.,The metabolism of can be decreased when combined with
DB01101,DB01115,Capecitabine may decrease the excretion rate of Nifedipine which could result in a higher serum level.,may decrease the excretion rate of which could result in a higher serum level
DB01101,DB09009,The risk or severity of methemoglobinemia can be increased when Capecitabine is combined with Articaine.,The risk or severity of methemoglobinemia can be increased when is combined with
DB01112,DB01424,The risk or severity of nephrotoxicity can be increased when Cefuroxime is combined with Aminophenazone.,The risk or severity of nephrotoxicity can be increased when is combined with
DB01112,DB08976,The risk or severity of nephrotoxicity can be increased when Cefuroxime is combined with Floctafenine.,The risk or severity of nephrotoxicity can be increased when is combined with
DB01112,DB08981,The risk or severity of nephrotoxicity can be increased when Cefuroxime is combined with Fenbufen.,The risk or severity of nephrotoxicity can be increased when is combined with
DB01112,DB06736,The risk or severity of nephrotoxicity can be increased when Cefuroxime is combined with Aceclofenac.,The risk or severity of nephrotoxicity can be increased when is combined with
DB01112,DB01115,Cefuroxime may decrease the excretion rate of Nifedipine which could result in a higher serum level.,may decrease the excretion rate of which could result in a higher serum level
DB01112,DB01274,Cefuroxime may decrease the excretion rate of Arformoterol which could result in a higher serum level.,may decrease the excretion rate of which could result in a higher serum level
DB01112,DB01428,Cefuroxime may decrease the excretion rate of Oxybenzone which could result in a higher serum level.,may decrease the excretion rate of which could result in a higher serum level
DB01112,DB06228,Cefuroxime may decrease the excretion rate of Rivaroxaban which could result in a higher serum level.,may decrease the excretion rate of which could result in a higher serum level
DB01112,DB06782,Cefuroxime may decrease the excretion rate of Dimercaprol which could result in a higher serum level.,may decrease the excretion rate of which could result in a higher serum level
DB01112,DB06813,Cefuroxime may decrease the excretion rate of Pralatrexate which could result in a higher serum level.,may decrease the excretion rate of which could result in a higher serum level
DB01112,DB09091,Cefuroxime may decrease the excretion rate of Tixocortol which could result in a higher serum level.,may decrease the excretion rate of which could result in a higher serum level
DB01112,DB11102,Cefuroxime may decrease the excretion rate of N-acetyltyrosine which could result in a higher serum level.,may decrease the excretion rate of which could result in a higher serum level
DB01112,DB13946,Cefuroxime may decrease the excretion rate of Testosterone undecanoate which could result in a higher serum level.,may decrease the excretion rate of which could result in a higher serum level
DB01112,DB13952,Cefuroxime may decrease the excretion rate of Estradiol acetate which could result in a higher serum level.,may decrease the excretion rate of which could result in a higher serum level
DB01112,DB09009,The risk or severity of methemoglobinemia can be increased when Cefuroxime is combined with Articaine.,The risk or severity of methemoglobinemia can be increased when is combined with
DB01113,DB01244,The risk or severity of QTc prolongation can be increased when Papaverine is combined with Bepridil.,The risk or severity of QTc prolongation can be increased when is combined with
DB01113,DB06708,The risk or severity of QTc prolongation can be increased when Papaverine is combined with Lumefantrine.,The risk or severity of QTc prolongation can be increased when is combined with
DB01113,DB13074,The risk or severity of QTc prolongation can be increased when Papaverine is combined with Macimorelin.,The risk or severity of QTc prolongation can be increased when is combined with
DB01113,DB01115,The risk or severity of QTc prolongation can be increased when Papaverine is combined with Nifedipine.,The risk or severity of QTc prolongation can be increased when is combined with
DB01113,DB01182,The risk or severity of QTc prolongation can be increased when Papaverine is combined with Propafenone.,The risk or severity of QTc prolongation can be increased when is combined with
DB01113,DB06712,The risk or severity of QTc prolongation can be increased when Papaverine is combined with Nilvadipine.,The risk or severity of QTc prolongation can be increased when is combined with
DB01113,DB09063,The risk or severity of QTc prolongation can be increased when Papaverine is combined with Ceritinib.,The risk or severity of QTc prolongation can be increased when is combined with
DB01113,DB12877,The risk or severity of QTc prolongation can be increased when Papaverine is combined with Oxatomide.,The risk or severity of QTc prolongation can be increased when is combined with
DB01113,DB01167,The risk or severity of QTc prolongation can be increased when Itraconazole is combined with Papaverine.,The risk or severity of QTc prolongation can be increased when is combined with
DB01113,DB01274,The risk or severity of QTc prolongation can be increased when Arformoterol is combined with Papaverine.,The risk or severity of QTc prolongation can be increased when is combined with
DB01115,DB09063,Nifedipine may increase the bradycardic activities of Ceritinib.,may increase the bradycardic activities of
DB01115,DB01244,Nifedipine may increase the arrhythmogenic activities of Bepridil.,may increase the arrhythmogenic activities of
DB01115,DB06712,Nifedipine may increase the arrhythmogenic activities of Nilvadipine.,may increase the arrhythmogenic activities of
DB01115,DB13074,The risk or severity of QTc prolongation can be increased when Nifedipine is combined with Macimorelin.,The risk or severity of QTc prolongation can be increased when is combined with
DB01115,DB12877,The risk or severity of QTc prolongation can be increased when Nifedipine is combined with Oxatomide.,The risk or severity of QTc prolongation can be increased when is combined with
DB01115,DB06791,Nifedipine may increase the bradycardic activities of Lanreotide.,may increase the bradycardic activities of
DB01115,DB06708,The metabolism of Nifedipine can be decreased when combined with Lumefantrine.,The metabolism of can be decreased when combined with
DB01115,DB14627,The therapeutic efficacy of Oxyphenisatin acetate can be decreased when used in combination with Nifedipine.,The therapeutic efficacy of can be decreased when used in combination with
DB01115,DB06736,The risk or severity of hyperkalemia can be increased when Nifedipine is combined with Aceclofenac.,The risk or severity of hyperkalemia can be increased when is combined with
DB01115,DB08976,The risk or severity of hyperkalemia can be increased when Nifedipine is combined with Floctafenine.,The risk or severity of hyperkalemia can be increased when is combined with
DB01115,DB08981,The risk or severity of hyperkalemia can be increased when Nifedipine is combined with Fenbufen.,The risk or severity of hyperkalemia can be increased when is combined with
DB01115,DB01428,Nifedipine may decrease the excretion rate of Oxybenzone which could result in a higher serum level.,may decrease the excretion rate of which could result in a higher serum level
DB01115,DB06782,Nifedipine may decrease the excretion rate of Dimercaprol which could result in a higher serum level.,may decrease the excretion rate of which could result in a higher serum level
DB01115,DB06813,Nifedipine may decrease the excretion rate of Pralatrexate which could result in a higher serum level.,may decrease the excretion rate of which could result in a higher serum level
DB01115,DB11102,Nifedipine may decrease the excretion rate of N-acetyltyrosine which could result in a higher serum level.,may decrease the excretion rate of which could result in a higher serum level
DB01115,DB09091,Nifedipine may decrease the excretion rate of Tixocortol which could result in a higher serum level.,may decrease the excretion rate of which could result in a higher serum level
DB01115,DB11703,The metabolism of Nifedipine can be decreased when combined with Acalabrutinib.,The metabolism of can be decreased when combined with
DB01115,DB14539,The metabolism of Hydrocortisone acetate can be decreased when combined with Nifedipine.,The metabolism of can be decreased when combined with
DB01115,DB06228,Nifedipine may decrease the excretion rate of Rivaroxaban which could result in a higher serum level.,may decrease the excretion rate of which could result in a higher serum level
DB01115,DB01424,The metabolism of Aminophenazone can be decreased when combined with Nifedipine.,The metabolism of can be decreased when combined with
DB01115,DB13946,Nifedipine may decrease the excretion rate of Testosterone undecanoate which could result in a higher serum level.,may decrease the excretion rate of which could result in a higher serum level
DB01115,DB13952,The metabolism of Nifedipine can be decreased when combined with Estradiol acetate.,The metabolism of can be decreased when combined with
DB01115,DB08868,Nifedipine may increase the bradycardic activities of Fingolimod.,may increase the bradycardic activities of
DB01115,DB06144,The metabolism of Sertindole can be decreased when combined with Nifedipine.,The metabolism of can be decreased when combined with
DB01115,DB01274,The metabolism of Arformoterol can be decreased when combined with Nifedipine.,The metabolism of can be decreased when combined with
DB01115,DB11791,The serum concentration of Capmatinib can be decreased when it is combined with Nifedipine.,The serum concentration of can be decreased when it is combined with
DB01115,DB01167,The metabolism of Nifedipine can be decreased when combined with Itraconazole.,The metabolism of can be decreased when combined with
DB01115,DB01234,The metabolism of Nifedipine can be increased when combined with Dexamethasone.,The metabolism of can be increased when combined with
DB01115,DB11672,The metabolism of Nifedipine can be decreased when combined with Curcumin.,The metabolism of can be decreased when combined with
DB01115,DB12095,The serum concentration of Nifedipine can be decreased when it is combined with Telotristat ethyl.,The serum concentration of can be decreased when it is combined with
DB01117,DB06708,The risk or severity of QTc prolongation can be increased when Atovaquone is combined with Lumefantrine.,The risk or severity of QTc prolongation can be increased when is combined with
DB01117,DB13213,The risk or severity of QTc prolongation can be increased when Atovaquone is combined with Butaperazine.,The risk or severity of QTc prolongation can be increased when is combined with
DB01117,DB01198,The metabolism of Zopiclone can be decreased when combined with Atovaquone.,The metabolism of can be decreased when combined with
DB01117,DB01274,The metabolism of Arformoterol can be decreased when combined with Atovaquone.,The metabolism of can be decreased when combined with
DB01117,DB01424,The metabolism of Aminophenazone can be decreased when combined with Atovaquone.,The metabolism of can be decreased when combined with
DB01117,DB13952,The metabolism of Estradiol acetate can be decreased when combined with Atovaquone.,The metabolism of can be decreased when combined with
DB01117,DB06712,The metabolism of Atovaquone can be decreased when combined with Nilvadipine.,The metabolism of can be decreased when combined with
DB01117,DB01167,The metabolism of Atovaquone can be decreased when combined with Itraconazole.,The metabolism of can be decreased when combined with
DB01117,DB01234,The metabolism of Atovaquone can be increased when combined with Dexamethasone.,The metabolism of can be increased when combined with
DB01117,DB11672,The metabolism of Atovaquone can be decreased when combined with Curcumin.,The metabolism of can be decreased when combined with
DB01117,DB12095,The serum concentration of Atovaquone can be decreased when it is combined with Telotristat ethyl.,The serum concentration of can be decreased when it is combined with
DB01117,DB09009,The risk or severity of methemoglobinemia can be increased when Atovaquone is combined with Articaine.,The risk or severity of methemoglobinemia can be increased when is combined with
DB01167,DB01220,The serum concentration of Rifaximin can be increased when it is combined with Itraconazole.,The serum concentration of can be increased when it is combined with
DB01167,DB12877,The risk or severity of QTc prolongation can be increased when Itraconazole is combined with Oxatomide.,The risk or severity of QTc prolongation can be increased when is combined with
DB01167,DB06736,The risk or severity of hyperkalemia can be increased when Itraconazole is combined with Aceclofenac.,The risk or severity of hyperkalemia can be increased when is combined with
DB01167,DB08976,The risk or severity of hyperkalemia can be increased when Itraconazole is combined with Floctafenine.,The risk or severity of hyperkalemia can be increased when is combined with
DB01167,DB08981,The risk or severity of hyperkalemia can be increased when Itraconazole is combined with Fenbufen.,The risk or severity of hyperkalemia can be increased when is combined with
DB01167,DB01274,The risk or severity of QTc prolongation can be increased when Itraconazole is combined with Arformoterol.,The risk or severity of QTc prolongation can be increased when is combined with
DB01167,DB09063,The metabolism of Ceritinib can be decreased when combined with Itraconazole.,The metabolism of can be decreased when combined with
DB01167,DB06708,The metabolism of Lumefantrine can be decreased when combined with Itraconazole.,The metabolism of can be decreased when combined with
DB01167,DB13074,The metabolism of Macimorelin can be decreased when combined with Itraconazole.,The metabolism of can be decreased when combined with
DB01167,DB13952,The metabolism of Estradiol acetate can be decreased when combined with Itraconazole.,The metabolism of can be decreased when combined with
DB01167,DB14539,The metabolism of Hydrocortisone acetate can be decreased when combined with Itraconazole.,The metabolism of can be decreased when combined with
DB01167,DB01198,The metabolism of Zopiclone can be decreased when combined with Itraconazole.,The metabolism of can be decreased when combined with
DB01167,DB05239,The serum concentration of Cobimetinib can be increased when it is combined with Itraconazole.,The serum concentration of can be increased when it is combined with
DB01167,DB01234,The metabolism of Dexamethasone can be decreased when combined with Itraconazole.,The metabolism of can be decreased when combined with
DB01167,DB01424,The metabolism of Aminophenazone can be decreased when combined with Itraconazole.,The metabolism of can be decreased when combined with
DB01167,DB01244,The metabolism of Bepridil can be decreased when combined with Itraconazole.,The metabolism of can be decreased when combined with
DB01167,DB01182,The metabolism of Propafenone can be decreased when combined with Itraconazole.,The metabolism of can be decreased when combined with
DB01167,DB06228,The metabolism of Rivaroxaban can be decreased when combined with Itraconazole.,The metabolism of can be decreased when combined with
DB01167,DB11703,The metabolism of Acalabrutinib can be decreased when combined with Itraconazole.,The metabolism of can be decreased when combined with
DB01167,DB09143,The metabolism of Sonidegib can be decreased when combined with Itraconazole.,The metabolism of can be decreased when combined with
DB01167,DB06712,The metabolism of Nilvadipine can be decreased when combined with Itraconazole.,The metabolism of can be decreased when combined with
DB01167,DB01393,The metabolism of Bezafibrate can be decreased when combined with Itraconazole.,The metabolism of can be decreased when combined with
DB01167,DB06016,The metabolism of Cariprazine can be decreased when combined with Itraconazole.,The metabolism of can be decreased when combined with
DB01167,DB06144,The metabolism of Sertindole can be decreased when combined with Itraconazole.,The metabolism of can be decreased when combined with
DB01167,DB12329,The metabolism of Eravacycline can be decreased when combined with Itraconazole.,The metabolism of can be decreased when combined with
DB01167,DB11791,The serum concentration of Capmatinib can be increased when it is combined with Itraconazole.,The serum concentration of can be increased when it is combined with
DB01167,DB06813,Itraconazole may decrease the excretion rate of Pralatrexate which could result in a higher serum level.,may decrease the excretion rate of which could result in a higher serum level
DB01167,DB11672,The metabolism of Itraconazole can be decreased when combined with Curcumin.,The metabolism of can be decreased when combined with
DB01167,DB12095,The serum concentration of Itraconazole can be decreased when it is combined with Telotristat ethyl.,The serum concentration of can be decreased when it is combined with
DB01167,DB15149,The metabolism of Futibatinib can be decreased when combined with Itraconazole.,The metabolism of can be decreased when combined with
DB01168,DB01234,The risk or severity of adverse effects can be increased when Procarbazine is combined with Dexamethasone.,The risk or severity of adverse effects can be increased when is combined with
DB01168,DB06813,The risk or severity of adverse effects can be increased when Procarbazine is combined with Pralatrexate.,The risk or severity of adverse effects can be increased when is combined with
DB01168,DB09091,The risk or severity of adverse effects can be increased when Procarbazine is combined with Tixocortol.,The risk or severity of adverse effects can be increased when is combined with
DB01168,DB14539,The risk or severity of adverse effects can be increased when Procarbazine is combined with Hydrocortisone acetate.,The risk or severity of adverse effects can be increased when is combined with
DB01168,DB06701,Procarbazine may increase the hypertensive activities of Dexmethylphenidate.,may increase the hypertensive activities of
DB01168,DB08868,Procarbazine may increase the immunosuppressive activities of Fingolimod.,may increase the immunosuppressive activities of
DB01168,DB01198,The risk or severity of adverse effects can be increased when Procarbazine is combined with Zopiclone.,The risk or severity of adverse effects can be increased when is combined with
DB01168,DB01616,The risk or severity of CNS depression can be increased when Procarbazine is combined with Alverine.,The risk or severity of CNS depression can be increased when is combined with
DB01168,DB06144,The risk or severity of adverse effects can be increased when Procarbazine is combined with Sertindole.,The risk or severity of adverse effects can be increased when is combined with
DB01168,DB06797,The risk or severity of CNS depression can be increased when Procarbazine is combined with Mebutamate.,The risk or severity of CNS depression can be increased when is combined with
DB01168,DB09009,The risk or severity of methemoglobinemia can be increased when Procarbazine is combined with Articaine.,The risk or severity of methemoglobinemia can be increased when is combined with
DB01168,DB06016,The metabolism of Cariprazine can be decreased when combined with Procarbazine.,The metabolism of can be decreased when combined with
DB01168,DB01274,The risk or severity of adverse effects can be increased when Procarbazine is combined with Arformoterol.,The risk or severity of adverse effects can be increased when is combined with
DB01168,DB11609,The risk or severity of adverse effects can be increased when Normethadone is combined with Procarbazine.,The risk or severity of adverse effects can be increased when is combined with
DB01182,DB09063,Propafenone may increase the bradycardic activities of Ceritinib.,may increase the bradycardic activities of
DB01182,DB08868,Propafenone may increase the bradycardic activities of Fingolimod.,may increase the bradycardic activities of
DB01182,DB08976,The risk or severity of adverse effects can be increased when Propafenone is combined with Floctafenine.,The risk or severity of adverse effects can be increased when is combined with
DB01182,DB01220,The serum concentration of Rifaximin can be increased when it is combined with Propafenone.,The serum concentration of can be increased when it is combined with
DB01182,DB06701,The risk or severity of hypertension can be increased when Propafenone is combined with Dexmethylphenidate.,The risk or severity of hypertension can be increased when is combined with
DB01182,DB13213,The serum concentration of Propafenone can be increased when it is combined with Butaperazine.,The serum concentration of can be increased when it is combined with
DB01182,DB01424,Aminophenazone may decrease the antihypertensive activities of Propafenone.,may decrease the antihypertensive activities of
DB01182,DB06736,Aceclofenac may decrease the antihypertensive activities of Propafenone.,may decrease the antihypertensive activities of
DB01182,DB08981,Fenbufen may decrease the antihypertensive activities of Propafenone.,may decrease the antihypertensive activities of
DB01182,DB06712,Propafenone may increase the arrhythmogenic activities of Nilvadipine.,may increase the arrhythmogenic activities of
DB01182,DB01244,Propafenone may increase the arrhythmogenic activities of Bepridil.,may increase the arrhythmogenic activities of
DB01182,DB13074,The risk or severity of QTc prolongation can be increased when Propafenone is combined with Macimorelin.,The risk or severity of QTc prolongation can be increased when is combined with
DB01182,DB12877,The risk or severity of QTc prolongation can be increased when Propafenone is combined with Oxatomide.,The risk or severity of QTc prolongation can be increased when is combined with
DB01182,DB06791,Propafenone may increase the bradycardic activities of Lanreotide.,may increase the bradycardic activities of
DB01182,DB06708,The metabolism of Propafenone can be decreased when combined with Lumefantrine.,The metabolism of can be decreased when combined with
DB01182,DB06016,The risk or severity of hypertension can be increased when Propafenone is combined with Cariprazine.,The risk or severity of hypertension can be increased when is combined with
DB01182,DB06144,The metabolism of Sertindole can be decreased when combined with Propafenone.,The metabolism of can be decreased when combined with
DB01182,DB06228,The serum concentration of Rivaroxaban can be increased when it is combined with Propafenone.,The serum concentration of can be increased when it is combined with
DB01182,DB01274,The metabolism of Arformoterol can be decreased when combined with Propafenone.,The metabolism of can be decreased when combined with
DB01182,DB05239,The serum concentration of Cobimetinib can be increased when it is combined with Propafenone.,The serum concentration of can be increased when it is combined with
DB01182,DB13952,The metabolism of Estradiol acetate can be decreased when combined with Propafenone.,The metabolism of can be decreased when combined with
DB01182,DB11791,The metabolism of Propafenone can be decreased when combined with Capmatinib.,The metabolism of can be decreased when combined with
DB01182,DB13946,Testosterone undecanoate may increase the hypertensive activities of Propafenone.,may increase the hypertensive activities of
DB01182,DB01234,The metabolism of Propafenone can be increased when combined with Dexamethasone.,The metabolism of can be increased when combined with
DB01182,DB11672,The metabolism of Propafenone can be decreased when combined with Curcumin.,The metabolism of can be decreased when combined with
DB01182,DB11201,Menthyl salicylate may decrease the antihypertensive activities of Propafenone.,may decrease the antihypertensive activities of
DB01182,DB12095,The serum concentration of Propafenone can be decreased when it is combined with Telotristat ethyl.,The serum concentration of can be decreased when it is combined with
DB01182,DB15149,The serum concentration of Futibatinib can be increased when it is combined with Propafenone.,The serum concentration of can be increased when it is combined with
DB01198,DB01234,The metabolism of Zopiclone can be decreased when combined with Dexamethasone.,The metabolism of can be decreased when combined with
DB01198,DB06712,The metabolism of Zopiclone can be decreased when combined with Nilvadipine.,The metabolism of can be decreased when combined with
DB01198,DB06791,The metabolism of Zopiclone can be decreased when combined with Lanreotide.,The metabolism of can be decreased when combined with
DB01198,DB09063,The metabolism of Zopiclone can be decreased when combined with Ceritinib.,The metabolism of can be decreased when combined with
DB01198,DB11703,The metabolism of Zopiclone can be decreased when combined with Acalabrutinib.,The metabolism of can be decreased when combined with
DB01198,DB13946,The metabolism of Zopiclone can be decreased when combined with Testosterone undecanoate.,The metabolism of can be decreased when combined with
DB01198,DB01616,The risk or severity of adverse effects can be increased when Alverine is combined with Zopiclone.,The risk or severity of adverse effects can be increased when is combined with
DB01198,DB06016,The risk or severity of adverse effects can be increased when Cariprazine is combined with Zopiclone.,The risk or severity of adverse effects can be increased when is combined with
DB01198,DB06144,The risk or severity of adverse effects can be increased when Sertindole is combined with Zopiclone.,The risk or severity of adverse effects can be increased when is combined with
DB01198,DB06701,The risk or severity of adverse effects can be increased when Dexmethylphenidate is combined with Zopiclone.,The risk or severity of adverse effects can be increased when is combined with
DB01198,DB06797,The risk or severity of adverse effects can be increased when Mebutamate is combined with Zopiclone.,The risk or severity of adverse effects can be increased when is combined with
DB01198,DB11609,The risk or severity of adverse effects can be increased when Normethadone is combined with Zopiclone.,The risk or severity of adverse effects can be increased when is combined with
DB01198,DB13213,The risk or severity of adverse effects can be increased when Butaperazine is combined with Zopiclone.,The risk or severity of adverse effects can be increased when is combined with
DB01198,DB09009,The risk or severity of adverse effects can be increased when Articaine is combined with Zopiclone.,The risk or severity of adverse effects can be increased when is combined with
DB01198,DB01393,The metabolism of Zopiclone can be decreased when combined with Bezafibrate.,The metabolism of can be decreased when combined with
DB01198,DB01424,The metabolism of Aminophenazone can be decreased when combined with Zopiclone.,The metabolism of can be decreased when combined with
DB01198,DB13952,The metabolism of Estradiol acetate can be decreased when combined with Zopiclone.,The metabolism of can be decreased when combined with
DB01198,DB01274,The metabolism of Arformoterol can be decreased when combined with Zopiclone.,The metabolism of can be decreased when combined with
DB01198,DB11672,The metabolism of Zopiclone can be decreased when combined with Curcumin.,The metabolism of can be decreased when combined with
DB01198,DB12095,The serum concentration of Zopiclone can be decreased when it is combined with Telotristat ethyl.,The serum concentration of can be decreased when it is combined with
DB01198,DB11682,The metabolism of Daprodustat can be decreased when combined with Zopiclone.,The metabolism of can be decreased when combined with
DB01220,DB11791,The serum concentration of Capmatinib can be decreased when it is combined with Rifaximin.,The serum concentration of can be decreased when it is combined with
DB01220,DB11672,The serum concentration of Rifaximin can be increased when it is combined with Curcumin.,The serum concentration of can be increased when it is combined with
DB01220,DB09009,The risk or severity of methemoglobinemia can be increased when Rifaximin is combined with Articaine.,The risk or severity of methemoglobinemia can be increased when is combined with
DB01220,DB12095,The serum concentration of Rifaximin can be increased when it is combined with Telotristat ethyl.,The serum concentration of can be increased when it is combined with
DB01234,DB06813,The risk or severity of adverse effects can be increased when Dexamethasone is combined with Pralatrexate.,The risk or severity of adverse effects can be increased when is combined with
DB01234,DB09091,The risk or severity of adverse effects can be increased when Dexamethasone is combined with Tixocortol.,The risk or severity of adverse effects can be increased when is combined with
DB01234,DB14539,The risk or severity of adverse effects can be increased when Dexamethasone is combined with Hydrocortisone acetate.,The risk or severity of adverse effects can be increased when is combined with
DB01234,DB09063,The risk or severity of hyperglycemia can be increased when Dexamethasone is combined with Ceritinib.,The risk or severity of hyperglycemia can be increased when is combined with
DB01234,DB08868,Dexamethasone may increase the immunosuppressive activities of Fingolimod.,may increase the immunosuppressive activities of
DB01234,DB06736,The risk or severity of gastrointestinal irritation can be increased when Dexamethasone is combined with Aceclofenac.,The risk or severity of gastrointestinal irritation can be increased when is combined with
DB01234,DB08976,The risk or severity of gastrointestinal irritation can be increased when Dexamethasone is combined with Floctafenine.,The risk or severity of gastrointestinal irritation can be increased when is combined with
DB01234,DB08981,The risk or severity of gastrointestinal irritation can be increased when Dexamethasone is combined with Fenbufen.,The risk or severity of gastrointestinal irritation can be increased when is combined with
DB01234,DB01424,The risk or severity of gastrointestinal irritation can be increased when Dexamethasone is combined with Aminophenazone.,The risk or severity of gastrointestinal irritation can be increased when is combined with
DB01234,DB13952,The serum concentration of Dexamethasone can be increased when it is combined with Estradiol acetate.,The serum concentration of can be increased when it is combined with
DB01234,DB11791,The serum concentration of Capmatinib can be decreased when it is combined with Dexamethasone.,The serum concentration of can be decreased when it is combined with
DB01234,DB06712,The metabolism of Nilvadipine can be increased when combined with Dexamethasone.,The metabolism of can be increased when combined with
DB01234,DB01393,The metabolism of Bezafibrate can be increased when combined with Dexamethasone.,The metabolism of can be increased when combined with
DB01234,DB06228,The metabolism of Rivaroxaban can be increased when combined with Dexamethasone.,The metabolism of can be increased when combined with
DB01234,DB01244,The metabolism of Bepridil can be increased when combined with Dexamethasone.,The metabolism of can be increased when combined with
DB01234,DB06016,The metabolism of Cariprazine can be increased when combined with Dexamethasone.,The metabolism of can be increased when combined with
DB01234,DB06144,The metabolism of Sertindole can be increased when combined with Dexamethasone.,The metabolism of can be increased when combined with
DB01234,DB06708,The metabolism of Lumefantrine can be increased when combined with Dexamethasone.,The metabolism of can be increased when combined with
DB01234,DB12329,The metabolism of Eravacycline can be increased when combined with Dexamethasone.,The metabolism of can be increased when combined with
DB01234,DB13074,The metabolism of Macimorelin can be increased when combined with Dexamethasone.,The metabolism of can be increased when combined with
DB01234,DB05239,The serum concentration of Cobimetinib can be decreased when it is combined with Dexamethasone.,The serum concentration of can be decreased when it is combined with
DB01234,DB11703,The metabolism of Acalabrutinib can be increased when combined with Dexamethasone.,The metabolism of can be increased when combined with
DB01234,DB09143,The metabolism of Sonidegib can be increased when combined with Dexamethasone.,The metabolism of can be increased when combined with
DB01234,DB11672,The metabolism of Dexamethasone can be decreased when combined with Curcumin.,The metabolism of can be decreased when combined with
DB01234,DB11201,The risk or severity of gastrointestinal irritation can be increased when Dexamethasone is combined with Menthyl salicylate.,The risk or severity of gastrointestinal irritation can be increased when is combined with
DB01234,DB12095,The serum concentration of Dexamethasone can be decreased when it is combined with Telotristat ethyl.,The serum concentration of can be decreased when it is combined with
DB01234,DB15149,The metabolism of Futibatinib can be increased when combined with Dexamethasone.,The metabolism of can be increased when combined with
DB01234,DB09009,The risk or severity of methemoglobinemia can be increased when Dexamethasone is combined with Articaine.,The risk or severity of methemoglobinemia can be increased when is combined with
DB01234,DB11682,The metabolism of Daprodustat can be increased when combined with Dexamethasone.,The metabolism of can be increased when combined with
DB01244,DB09063,Bepridil may increase the bradycardic activities of Ceritinib.,may increase the bradycardic activities of
DB01244,DB06701,Dexmethylphenidate may decrease the antihypertensive activities of Bepridil.,may decrease the antihypertensive activities of
DB01244,DB06712,Bepridil may increase the arrhythmogenic activities of Nilvadipine.,may increase the arrhythmogenic activities of
DB01244,DB12877,The risk or severity of QTc prolongation can be increased when Oxatomide is combined with Bepridil.,The risk or severity of QTc prolongation can be increased when is combined with
DB01244,DB06791,Bepridil may increase the bradycardic activities of Lanreotide.,may increase the bradycardic activities of
DB01244,DB08868,Bepridil may increase the bradycardic activities of Fingolimod.,may increase the bradycardic activities of
DB01244,DB01274,The risk or severity of QTc prolongation can be increased when Arformoterol is combined with Bepridil.,The risk or severity of QTc prolongation can be increased when is combined with
DB01244,DB06708,The metabolism of Bepridil can be decreased when combined with Lumefantrine.,The metabolism of can be decreased when combined with
DB01244,DB13074,The risk or severity of QTc prolongation can be increased when Bepridil is combined with Macimorelin.,The risk or severity of QTc prolongation can be increased when is combined with
DB01244,DB01424,The therapeutic efficacy of Bepridil can be decreased when used in combination with Aminophenazone.,The therapeutic efficacy of can be decreased when used in combination with
DB01244,DB06736,The therapeutic efficacy of Bepridil can be decreased when used in combination with Aceclofenac.,The therapeutic efficacy of can be decreased when used in combination with
DB01244,DB08976,The therapeutic efficacy of Bepridil can be decreased when used in combination with Floctafenine.,The therapeutic efficacy of can be decreased when used in combination with
DB01244,DB08981,The therapeutic efficacy of Bepridil can be decreased when used in combination with Fenbufen.,The therapeutic efficacy of can be decreased when used in combination with
DB01244,DB14627,The therapeutic efficacy of Oxyphenisatin acetate can be decreased when used in combination with Bepridil.,The therapeutic efficacy of can be decreased when used in combination with
DB01244,DB06016,Cariprazine may decrease the antihypertensive activities of Bepridil.,may decrease the antihypertensive activities of
DB01244,DB06144,The metabolism of Sertindole can be decreased when combined with Bepridil.,The metabolism of can be decreased when combined with
DB01244,DB11672,The metabolism of Bepridil can be decreased when combined with Curcumin.,The metabolism of can be decreased when combined with
DB01244,DB11201,The therapeutic efficacy of Bepridil can be decreased when used in combination with Menthyl salicylate.,The therapeutic efficacy of can be decreased when used in combination with
DB01244,DB12095,The serum concentration of Bepridil can be decreased when it is combined with Telotristat ethyl.,The serum concentration of can be decreased when it is combined with
DB01274,DB06701,The risk or severity of hypertension can be increased when Arformoterol is combined with Dexmethylphenidate.,The risk or severity of hypertension can be increased when is combined with
DB01274,DB06712,Arformoterol may decrease the antihypertensive activities of Nilvadipine.,may decrease the antihypertensive activities of
DB01274,DB12877,The risk or severity of QTc prolongation can be increased when Arformoterol is combined with Oxatomide.,The risk or severity of QTc prolongation can be increased when is combined with
DB01274,DB13074,The risk or severity of QTc prolongation can be increased when Arformoterol is combined with Macimorelin.,The risk or severity of QTc prolongation can be increased when is combined with
DB01274,DB06708,The metabolism of Arformoterol can be decreased when combined with Lumefantrine.,The metabolism of can be decreased when combined with
DB01274,DB01424,The risk or severity of hypertension can be increased when Arformoterol is combined with Aminophenazone.,The risk or severity of hypertension can be increased when is combined with
DB01274,DB06736,The risk or severity of hypertension can be increased when Arformoterol is combined with Aceclofenac.,The risk or severity of hypertension can be increased when is combined with
DB01274,DB08976,The risk or severity of hypertension can be increased when Arformoterol is combined with Floctafenine.,The risk or severity of hypertension can be increased when is combined with
DB01274,DB08981,The risk or severity of hypertension can be increased when Arformoterol is combined with Fenbufen.,The risk or severity of hypertension can be increased when is combined with
DB01274,DB01428,Arformoterol may decrease the excretion rate of Oxybenzone which could result in a higher serum level.,may decrease the excretion rate of which could result in a higher serum level
DB01274,DB06228,Arformoterol may decrease the excretion rate of Rivaroxaban which could result in a higher serum level.,may decrease the excretion rate of which could result in a higher serum level
DB01274,DB06782,Arformoterol may decrease the excretion rate of Dimercaprol which could result in a higher serum level.,may decrease the excretion rate of which could result in a higher serum level
DB01274,DB06813,Arformoterol may decrease the excretion rate of Pralatrexate which could result in a higher serum level.,may decrease the excretion rate of which could result in a higher serum level
DB01274,DB11102,Arformoterol may decrease the excretion rate of N-acetyltyrosine which could result in a higher serum level.,may decrease the excretion rate of which could result in a higher serum level
DB01274,DB13952,Arformoterol may decrease the excretion rate of Estradiol acetate which could result in a higher serum level.,may decrease the excretion rate of which could result in a higher serum level
DB01274,DB09401,Isosorbide may increase the excretion rate of Arformoterol which could result in a lower serum level and potentially a reduction in efficacy.,may increase the excretion rate of which could result in a lower serum level and potentially a reduction in efficacy
DB01274,DB06016,The risk or severity of hypertension can be increased when Arformoterol is combined with Cariprazine.,The risk or severity of hypertension can be increased when is combined with
DB01274,DB06144,The metabolism of Sertindole can be decreased when combined with Arformoterol.,The metabolism of can be decreased when combined with
DB01274,DB09063,The metabolism of Arformoterol can be decreased when combined with Ceritinib.,The metabolism of can be decreased when combined with
DB01274,DB13946,Testosterone undecanoate may increase the hypertensive activities of Arformoterol.,may increase the hypertensive activities of
DB01274,DB11672,The metabolism of Arformoterol can be decreased when combined with Curcumin.,The metabolism of can be decreased when combined with
DB01393,DB01424,The metabolism of Aminophenazone can be decreased when combined with Bezafibrate.,The metabolism of can be decreased when combined with
DB01393,DB13952,The metabolism of Estradiol acetate can be decreased when combined with Bezafibrate.,The metabolism of can be decreased when combined with
DB01393,DB06712,The metabolism of Bezafibrate can be decreased when combined with Nilvadipine.,The metabolism of can be decreased when combined with
DB01393,DB11672,The metabolism of Bezafibrate can be decreased when combined with Curcumin.,The metabolism of can be decreased when combined with
DB01393,DB12095,The serum concentration of Bezafibrate can be decreased when it is combined with Telotristat ethyl.,The serum concentration of can be decreased when it is combined with
DB01393,DB11682,The metabolism of Daprodustat can be decreased when combined with Bezafibrate.,The metabolism of can be decreased when combined with
DB01424,DB06701,The risk or severity of hypertension can be increased when Aminophenazone is combined with Dexmethylphenidate.,The risk or severity of hypertension can be increased when is combined with
DB01424,DB06016,The risk or severity of hypertension can be increased when Aminophenazone is combined with Cariprazine.,The risk or severity of hypertension can be increased when is combined with
DB01424,DB06813,Aminophenazone may decrease the excretion rate of Pralatrexate which could result in a higher serum level.,may decrease the excretion rate of which could result in a higher serum level
DB01424,DB06708,The metabolism of Aminophenazone can be decreased when combined with Lumefantrine.,The metabolism of can be decreased when combined with
DB01424,DB09091,The risk or severity of gastrointestinal irritation can be increased when Tixocortol is combined with Aminophenazone.,The risk or severity of gastrointestinal irritation can be increased when is combined with
DB01424,DB14539,The risk or severity of gastrointestinal irritation can be increased when Hydrocortisone acetate is combined with Aminophenazone.,The risk or severity of gastrointestinal irritation can be increased when is combined with
DB01424,DB06712,The metabolism of Aminophenazone can be decreased when combined with Nilvadipine.,The metabolism of can be decreased when combined with
DB01424,DB06736,The risk or severity of adverse effects can be increased when Aminophenazone is combined with Aceclofenac.,The risk or severity of adverse effects can be increased when is combined with
DB01424,DB08976,The risk or severity of adverse effects can be increased when Aminophenazone is combined with Floctafenine.,The risk or severity of adverse effects can be increased when is combined with
DB01424,DB08981,The risk or severity of adverse effects can be increased when Aminophenazone is combined with Fenbufen.,The risk or severity of adverse effects can be increased when is combined with
DB01424,DB01428,Aminophenazone may decrease the excretion rate of Oxybenzone which could result in a higher serum level.,may decrease the excretion rate of which could result in a higher serum level
DB01424,DB06782,Aminophenazone may decrease the excretion rate of Dimercaprol which could result in a higher serum level.,may decrease the excretion rate of which could result in a higher serum level
DB01424,DB11102,Aminophenazone may decrease the excretion rate of N-acetyltyrosine which could result in a higher serum level.,may decrease the excretion rate of which could result in a higher serum level
DB01424,DB13952,The metabolism of Estradiol acetate can be decreased when combined with Aminophenazone.,The metabolism of can be decreased when combined with
DB01424,DB06144,The metabolism of Sertindole can be decreased when combined with Aminophenazone.,The metabolism of can be decreased when combined with
DB01424,DB11791,The metabolism of Aminophenazone can be decreased when combined with Capmatinib.,The metabolism of can be decreased when combined with
DB01424,DB09063,The metabolism of Aminophenazone can be decreased when combined with Ceritinib.,The metabolism of can be decreased when combined with
DB01424,DB13074,The therapeutic efficacy of Macimorelin can be decreased when used in combination with Aminophenazone.,The therapeutic efficacy of can be decreased when used in combination with
DB01424,DB13946,Testosterone undecanoate may increase the hypertensive activities of Aminophenazone.,may increase the hypertensive activities of
DB01424,DB11672,The metabolism of Aminophenazone can be decreased when combined with Curcumin.,The metabolism of can be decreased when combined with
DB01424,DB11201,The risk or severity of adverse effects can be increased when Aminophenazone is combined with Menthyl salicylate.,The risk or severity of adverse effects can be increased when is combined with
DB01424,DB12095,The serum concentration of Aminophenazone can be decreased when it is combined with Telotristat ethyl.,The serum concentration of can be decreased when it is combined with
DB01424,DB11682,The metabolism of Daprodustat can be decreased when combined with Aminophenazone.,The metabolism of can be decreased when combined with
DB01428,DB06736,Aceclofenac may decrease the excretion rate of Oxybenzone which could result in a higher serum level.,may decrease the excretion rate of which could result in a higher serum level
DB01428,DB08976,Floctafenine may decrease the excretion rate of Oxybenzone which could result in a higher serum level.,may decrease the excretion rate of which could result in a higher serum level
DB01428,DB08981,Fenbufen may decrease the excretion rate of Oxybenzone which could result in a higher serum level.,may decrease the excretion rate of which could result in a higher serum level
DB01428,DB06228,Oxybenzone may decrease the excretion rate of Rivaroxaban which could result in a higher serum level.,may decrease the excretion rate of which could result in a higher serum level
DB01428,DB06782,Oxybenzone may decrease the excretion rate of Dimercaprol which could result in a higher serum level.,may decrease the excretion rate of which could result in a higher serum level
DB01428,DB06813,Oxybenzone may decrease the excretion rate of Pralatrexate which could result in a higher serum level.,may decrease the excretion rate of which could result in a higher serum level
DB01428,DB09091,Oxybenzone may decrease the excretion rate of Tixocortol which could result in a higher serum level.,may decrease the excretion rate of which could result in a higher serum level
DB01428,DB11102,Oxybenzone may decrease the excretion rate of N-acetyltyrosine which could result in a higher serum level.,may decrease the excretion rate of which could result in a higher serum level
DB01428,DB13946,Oxybenzone may decrease the excretion rate of Testosterone undecanoate which could result in a higher serum level.,may decrease the excretion rate of which could result in a higher serum level
DB01428,DB13952,Oxybenzone may decrease the excretion rate of Estradiol acetate which could result in a higher serum level.,may decrease the excretion rate of which could result in a higher serum level
DB01428,DB09401,Isosorbide may increase the excretion rate of Oxybenzone which could result in a lower serum level and potentially a reduction in efficacy.,may increase the excretion rate of which could result in a lower serum level and potentially a reduction in efficacy
DB01616,DB06016,The risk or severity of CNS depression can be increased when Alverine is combined with Cariprazine.,The risk or severity of CNS depression can be increased when is combined with
DB01616,DB06144,The risk or severity of CNS depression can be increased when Alverine is combined with Sertindole.,The risk or severity of CNS depression can be increased when is combined with
DB01616,DB06701,The risk or severity of CNS depression can be increased when Alverine is combined with Dexmethylphenidate.,The risk or severity of CNS depression can be increased when is combined with
DB01616,DB06797,The risk or severity of CNS depression can be increased when Alverine is combined with Mebutamate.,The risk or severity of CNS depression can be increased when is combined with
DB01616,DB11609,The risk or severity of CNS depression can be increased when Alverine is combined with Normethadone.,The risk or severity of CNS depression can be increased when is combined with
DB01616,DB13213,The risk or severity of CNS depression can be increased when Alverine is combined with Butaperazine.,The risk or severity of CNS depression can be increased when is combined with
DB01616,DB09009,The risk or severity of CNS depression can be increased when Alverine is combined with Articaine.,The risk or severity of CNS depression can be increased when is combined with
DB05239,DB06712,The metabolism of Cobimetinib can be decreased when combined with Nilvadipine.,The metabolism of can be decreased when combined with
DB05239,DB14539,The metabolism of Cobimetinib can be increased when combined with Hydrocortisone acetate.,The metabolism of can be increased when combined with
DB05239,DB13952,The metabolism of Cobimetinib can be increased when combined with Estradiol acetate.,The metabolism of can be increased when combined with
DB05239,DB09063,The metabolism of Cobimetinib can be decreased when combined with Ceritinib.,The metabolism of can be decreased when combined with
DB05239,DB06791,The metabolism of Cobimetinib can be decreased when combined with Lanreotide.,The metabolism of can be decreased when combined with
DB05239,DB11703,The metabolism of Cobimetinib can be decreased when combined with Acalabrutinib.,The metabolism of can be decreased when combined with
DB05239,DB09143,The metabolism of Sonidegib can be decreased when combined with Cobimetinib.,The metabolism of can be decreased when combined with
DB05239,DB06228,The serum concentration of Cobimetinib can be increased when it is combined with Rivaroxaban.,The serum concentration of can be increased when it is combined with
DB05239,DB11791,The serum concentration of Cobimetinib can be increased when it is combined with Capmatinib.,The serum concentration of can be increased when it is combined with
DB05239,DB11672,The serum concentration of Cobimetinib can be increased when it is combined with Curcumin.,The serum concentration of can be increased when it is combined with
DB05239,DB12095,The serum concentration of Cobimetinib can be decreased when it is combined with Telotristat ethyl.,The serum concentration of can be decreased when it is combined with
DB05239,DB15149,The serum concentration of Cobimetinib can be increased when it is combined with Futibatinib.,The serum concentration of can be increased when it is combined with
DB05239,DB09009,The risk or severity of methemoglobinemia can be increased when Cobimetinib is combined with Articaine.,The risk or severity of methemoglobinemia can be increased when is combined with
DB06016,DB06736,The risk or severity of hypertension can be increased when Cariprazine is combined with Aceclofenac.,The risk or severity of hypertension can be increased when is combined with
DB06016,DB08976,The risk or severity of hypertension can be increased when Cariprazine is combined with Floctafenine.,The risk or severity of hypertension can be increased when is combined with
DB06016,DB08981,The risk or severity of hypertension can be increased when Cariprazine is combined with Fenbufen.,The risk or severity of hypertension can be increased when is combined with
DB06016,DB06701,The risk or severity of adverse effects can be increased when Cariprazine is combined with Dexmethylphenidate.,The risk or severity of adverse effects can be increased when is combined with
DB06016,DB06797,The risk or severity of CNS depression can be increased when Cariprazine is combined with Mebutamate.,The risk or severity of CNS depression can be increased when is combined with
DB06016,DB11609,The risk or severity of CNS depression can be increased when Cariprazine is combined with Normethadone.,The risk or severity of CNS depression can be increased when is combined with
DB06016,DB13213,The risk or severity of CNS depression can be increased when Cariprazine is combined with Butaperazine.,The risk or severity of CNS depression can be increased when is combined with
DB06016,DB09009,The risk or severity of CNS depression can be increased when Cariprazine is combined with Articaine.,The risk or severity of CNS depression can be increased when is combined with
DB06016,DB06144,The risk or severity of CNS depression can be increased when Cariprazine is combined with Sertindole.,The risk or severity of CNS depression can be increased when is combined with
DB06016,DB13946,Testosterone undecanoate may increase the hypertensive activities of Cariprazine.,may increase the hypertensive activities of
DB06016,DB06712,The metabolism of Cariprazine can be decreased when combined with Nilvadipine.,The metabolism of can be decreased when combined with
DB06016,DB11672,The metabolism of Cariprazine can be decreased when combined with Curcumin.,The metabolism of can be decreased when combined with
DB06016,DB12095,The serum concentration of Cariprazine can be decreased when it is combined with Telotristat ethyl.,The serum concentration of can be decreased when it is combined with
DB06144,DB06708,The metabolism of Sertindole can be decreased when combined with Lumefantrine.,The metabolism of can be decreased when combined with
DB06144,DB06701,The risk or severity of adverse effects can be increased when Sertindole is combined with Dexmethylphenidate.,The risk or severity of adverse effects can be increased when is combined with
DB06144,DB06797,The risk or severity of CNS depression can be increased when Sertindole is combined with Mebutamate.,The risk or severity of CNS depression can be increased when is combined with
DB06144,DB11609,The risk or severity of CNS depression can be increased when Sertindole is combined with Normethadone.,The risk or severity of CNS depression can be increased when is combined with
DB06144,DB13213,The risk or severity of CNS depression can be increased when Sertindole is combined with Butaperazine.,The risk or severity of CNS depression can be increased when is combined with
DB06144,DB09009,The risk or severity of CNS depression can be increased when Sertindole is combined with Articaine.,The risk or severity of CNS depression can be increased when is combined with
DB06144,DB06712,The metabolism of Sertindole can be decreased when combined with Nilvadipine.,The metabolism of can be decreased when combined with
DB06144,DB11672,The metabolism of Sertindole can be decreased when combined with Curcumin.,The metabolism of can be decreased when combined with
DB06144,DB12095,The serum concentration of Sertindole can be decreased when it is combined with Telotristat ethyl.,The serum concentration of can be decreased when it is combined with
DB06228,DB06782,Rivaroxaban may decrease the excretion rate of Dimercaprol which could result in a higher serum level.,may decrease the excretion rate of which could result in a higher serum level
DB06228,DB06813,Rivaroxaban may decrease the excretion rate of Pralatrexate which could result in a higher serum level.,may decrease the excretion rate of which could result in a higher serum level
DB06228,DB09091,Rivaroxaban may decrease the excretion rate of Tixocortol which could result in a higher serum level.,may decrease the excretion rate of which could result in a higher serum level
DB06228,DB11102,Rivaroxaban may decrease the excretion rate of N-acetyltyrosine which could result in a higher serum level.,may decrease the excretion rate of which could result in a higher serum level
DB06228,DB09401,Isosorbide may increase the excretion rate of Rivaroxaban which could result in a lower serum level and potentially a reduction in efficacy.,may increase the excretion rate of which could result in a lower serum level and potentially a reduction in efficacy
DB06228,DB11703,The metabolism of Rivaroxaban can be decreased when combined with Acalabrutinib.,The metabolism of can be decreased when combined with
DB06228,DB14539,The metabolism of Hydrocortisone acetate can be decreased when combined with Rivaroxaban.,The metabolism of can be decreased when combined with
DB06228,DB09063,The serum concentration of Ceritinib can be increased when it is combined with Rivaroxaban.,The serum concentration of can be increased when it is combined with
DB06228,DB11791,The serum concentration of Rivaroxaban can be increased when it is combined with Capmatinib.,The serum concentration of can be increased when it is combined with
DB06228,DB06712,The metabolism of Rivaroxaban can be decreased when combined with Nilvadipine.,The metabolism of can be decreased when combined with
DB06228,DB11672,The metabolism of Rivaroxaban can be decreased when combined with Curcumin.,The metabolism of can be decreased when combined with
DB06228,DB12095,The serum concentration of Rivaroxaban can be decreased when it is combined with Telotristat ethyl.,The serum concentration of can be decreased when it is combined with
DB06228,DB15149,The serum concentration of Futibatinib can be increased when it is combined with Rivaroxaban.,The serum concentration of can be increased when it is combined with
DB06701,DB06712,Dexmethylphenidate may decrease the antihypertensive activities of Nilvadipine.,may decrease the antihypertensive activities of
DB06701,DB06736,The risk or severity of hypertension can be increased when Dexmethylphenidate is combined with Aceclofenac.,The risk or severity of hypertension can be increased when is combined with
DB06701,DB08976,The risk or severity of hypertension can be increased when Dexmethylphenidate is combined with Floctafenine.,The risk or severity of hypertension can be increased when is combined with
DB06701,DB08981,The risk or severity of hypertension can be increased when Dexmethylphenidate is combined with Fenbufen.,The risk or severity of hypertension can be increased when is combined with
DB06701,DB13213,The risk or severity of adverse effects can be increased when Butaperazine is combined with Dexmethylphenidate.,The risk or severity of adverse effects can be increased when is combined with
DB06701,DB06797,The risk or severity of CNS depression can be increased when Dexmethylphenidate is combined with Mebutamate.,The risk or severity of CNS depression can be increased when is combined with
DB06701,DB11609,The risk or severity of CNS depression can be increased when Dexmethylphenidate is combined with Normethadone.,The risk or severity of CNS depression can be increased when is combined with
DB06701,DB09009,The risk or severity of CNS depression can be increased when Dexmethylphenidate is combined with Articaine.,The risk or severity of CNS depression can be increased when is combined with
DB06701,DB13946,Testosterone undecanoate may increase the hypertensive activities of Dexmethylphenidate.,may increase the hypertensive activities of
DB06708,DB13213,The risk or severity of QTc prolongation can be increased when Lumefantrine is combined with Butaperazine.,The risk or severity of QTc prolongation can be increased when is combined with
DB06708,DB06712,The risk or severity of QTc prolongation can be increased when Nilvadipine is combined with Lumefantrine.,The risk or severity of QTc prolongation can be increased when is combined with
DB06708,DB12877,The risk or severity of QTc prolongation can be increased when Oxatomide is combined with Lumefantrine.,The risk or severity of QTc prolongation can be increased when is combined with
DB06708,DB09063,The risk or severity of QTc prolongation can be increased when Ceritinib is combined with Lumefantrine.,The risk or severity of QTc prolongation can be increased when is combined with
DB06708,DB13074,The risk or severity of QTc prolongation can be increased when Lumefantrine is combined with Macimorelin.,The risk or severity of QTc prolongation can be increased when is combined with
DB06708,DB11672,The metabolism of Lumefantrine can be decreased when combined with Curcumin.,The metabolism of can be decreased when combined with
DB06708,DB12095,The serum concentration of Lumefantrine can be decreased when it is combined with Telotristat ethyl.,The serum concentration of can be decreased when it is combined with
DB06708,DB09009,The risk or severity of methemoglobinemia can be increased when Lumefantrine is combined with Articaine.,The risk or severity of methemoglobinemia can be increased when is combined with
DB06712,DB09063,Nilvadipine may increase the bradycardic activities of Ceritinib.,may increase the bradycardic activities of
DB06712,DB09143,The metabolism of Sonidegib can be decreased when combined with Nilvadipine.,The metabolism of can be decreased when combined with
DB06712,DB13074,The risk or severity of QTc prolongation can be increased when Nilvadipine is combined with Macimorelin.,The risk or severity of QTc prolongation can be increased when is combined with
DB06712,DB12877,The risk or severity of QTc prolongation can be increased when Nilvadipine is combined with Oxatomide.,The risk or severity of QTc prolongation can be increased when is combined with
DB06712,DB06791,Nilvadipine may increase the bradycardic activities of Lanreotide.,may increase the bradycardic activities of
DB06712,DB06736,The therapeutic efficacy of Nilvadipine can be decreased when used in combination with Aceclofenac.,The therapeutic efficacy of can be decreased when used in combination with
DB06712,DB08976,The therapeutic efficacy of Nilvadipine can be decreased when used in combination with Floctafenine.,The therapeutic efficacy of can be decreased when used in combination with
DB06712,DB08981,The therapeutic efficacy of Nilvadipine can be decreased when used in combination with Fenbufen.,The therapeutic efficacy of can be decreased when used in combination with
DB06712,DB14627,The therapeutic efficacy of Oxyphenisatin acetate can be decreased when used in combination with Nilvadipine.,The therapeutic efficacy of can be decreased when used in combination with
DB06712,DB11703,The metabolism of Acalabrutinib can be decreased when combined with Nilvadipine.,The metabolism of can be decreased when combined with
DB06712,DB13952,The metabolism of Estradiol acetate can be decreased when combined with Nilvadipine.,The metabolism of can be decreased when combined with
DB06712,DB08868,The metabolism of Fingolimod can be decreased when combined with Nilvadipine.,The metabolism of can be decreased when combined with
DB06712,DB11791,The metabolism of Capmatinib can be decreased when combined with Nilvadipine.,The metabolism of can be decreased when combined with
DB06712,DB12329,The metabolism of Eravacycline can be decreased when combined with Nilvadipine.,The metabolism of can be decreased when combined with
DB06712,DB14539,The metabolism of Hydrocortisone acetate can be decreased when combined with Nilvadipine.,The metabolism of can be decreased when combined with
DB06712,DB11672,The metabolism of Nilvadipine can be decreased when combined with Curcumin.,The metabolism of can be decreased when combined with
DB06712,DB11201,The therapeutic efficacy of Nilvadipine can be decreased when used in combination with Menthyl salicylate.,The therapeutic efficacy of can be decreased when used in combination with
DB06712,DB12095,The serum concentration of Nilvadipine can be decreased when it is combined with Telotristat ethyl.,The serum concentration of can be decreased when it is combined with
DB06712,DB15149,The metabolism of Futibatinib can be decreased when combined with Nilvadipine.,The metabolism of can be decreased when combined with
DB06712,DB11682,The metabolism of Daprodustat can be decreased when combined with Nilvadipine.,The metabolism of can be decreased when combined with
DB06736,DB06813,Aceclofenac may decrease the excretion rate of Pralatrexate which could result in a higher serum level.,may decrease the excretion rate of which could result in a higher serum level
DB06736,DB14539,The risk or severity of gastrointestinal irritation can be increased when Hydrocortisone acetate is combined with Aceclofenac.,The risk or severity of gastrointestinal irritation can be increased when is combined with
DB06736,DB09091,The risk or severity of gastrointestinal irritation can be increased when Tixocortol is combined with Aceclofenac.,The risk or severity of gastrointestinal irritation can be increased when is combined with
DB06736,DB08976,The risk or severity of adverse effects can be increased when Aceclofenac is combined with Floctafenine.,The risk or severity of adverse effects can be increased when is combined with
DB06736,DB08981,The risk or severity of adverse effects can be increased when Aceclofenac is combined with Fenbufen.,The risk or severity of adverse effects can be increased when is combined with
DB06736,DB06782,Aceclofenac may decrease the excretion rate of Dimercaprol which could result in a higher serum level.,may decrease the excretion rate of which could result in a higher serum level
DB06736,DB11102,Aceclofenac may decrease the excretion rate of N-acetyltyrosine which could result in a higher serum level.,may decrease the excretion rate of which could result in a higher serum level
DB06736,DB09401,Isosorbide may increase the excretion rate of Aceclofenac which could result in a lower serum level and potentially a reduction in efficacy.,may increase the excretion rate of which could result in a lower serum level and potentially a reduction in efficacy
DB06736,DB13074,The therapeutic efficacy of Macimorelin can be decreased when used in combination with Aceclofenac.,The therapeutic efficacy of can be decreased when used in combination with
DB06736,DB13946,Testosterone undecanoate may increase the hypertensive activities of Aceclofenac.,may increase the hypertensive activities of
DB06736,DB11201,The risk or severity of adverse effects can be increased when Aceclofenac is combined with Menthyl salicylate.,The risk or severity of adverse effects can be increased when is combined with
DB06782,DB08976,Floctafenine may decrease the excretion rate of Dimercaprol which could result in a higher serum level.,may decrease the excretion rate of which could result in a higher serum level
DB06782,DB08981,Fenbufen may decrease the excretion rate of Dimercaprol which could result in a higher serum level.,may decrease the excretion rate of which could result in a higher serum level
DB06782,DB06813,Dimercaprol may decrease the excretion rate of Pralatrexate which could result in a higher serum level.,may decrease the excretion rate of which could result in a higher serum level
DB06782,DB09091,Dimercaprol may decrease the excretion rate of Tixocortol which could result in a higher serum level.,may decrease the excretion rate of which could result in a higher serum level
DB06782,DB11102,Dimercaprol may decrease the excretion rate of N-acetyltyrosine which could result in a higher serum level.,may decrease the excretion rate of which could result in a higher serum level
DB06782,DB13946,Dimercaprol may decrease the excretion rate of Testosterone undecanoate which could result in a higher serum level.,may decrease the excretion rate of which could result in a higher serum level
DB06782,DB13952,Dimercaprol may decrease the excretion rate of Estradiol acetate which could result in a higher serum level.,may decrease the excretion rate of which could result in a higher serum level
DB06782,DB09401,Isosorbide may increase the excretion rate of Dimercaprol which could result in a lower serum level and potentially a reduction in efficacy.,may increase the excretion rate of which could result in a lower serum level and potentially a reduction in efficacy
DB06791,DB09063,Lanreotide may increase the bradycardic activities of Ceritinib.,may increase the bradycardic activities of
DB06791,DB08868,Lanreotide may increase the bradycardic activities of Fingolimod.,may increase the bradycardic activities of
DB06791,DB11703,The metabolism of Acalabrutinib can be decreased when combined with Lanreotide.,The metabolism of can be decreased when combined with
DB06791,DB09143,The metabolism of Sonidegib can be decreased when combined with Lanreotide.,The metabolism of can be decreased when combined with
DB06791,DB13074,The therapeutic efficacy of Macimorelin can be decreased when used in combination with Lanreotide.,The therapeutic efficacy of can be decreased when used in combination with
DB06791,DB09009,The risk or severity of methemoglobinemia can be increased when Lanreotide is combined with Articaine.,The risk or severity of methemoglobinemia can be increased when is combined with
DB06797,DB11609,The risk or severity of CNS depression can be increased when Mebutamate is combined with Normethadone.,The risk or severity of CNS depression can be increased when is combined with
DB06797,DB13213,The risk or severity of CNS depression can be increased when Mebutamate is combined with Butaperazine.,The risk or severity of CNS depression can be increased when is combined with
DB06797,DB09009,The risk or severity of CNS depression can be increased when Mebutamate is combined with Articaine.,The risk or severity of CNS depression can be increased when is combined with
DB06813,DB09091,The risk or severity of adverse effects can be increased when Pralatrexate is combined with Tixocortol.,The risk or severity of adverse effects can be increased when is combined with
DB06813,DB14539,The risk or severity of adverse effects can be increased when Pralatrexate is combined with Hydrocortisone acetate.,The risk or severity of adverse effects can be increased when is combined with
DB06813,DB08976,Floctafenine may decrease the excretion rate of Pralatrexate which could result in a higher serum level.,may decrease the excretion rate of which could result in a higher serum level
DB06813,DB08981,Fenbufen may decrease the excretion rate of Pralatrexate which could result in a higher serum level.,may decrease the excretion rate of which could result in a higher serum level
DB06813,DB08868,Pralatrexate may increase the immunosuppressive activities of Fingolimod.,may increase the immunosuppressive activities of
DB06813,DB13952,Estradiol acetate may decrease the excretion rate of Pralatrexate which could result in a higher serum level.,may decrease the excretion rate of which could result in a higher serum level
DB06813,DB11102,Pralatrexate may decrease the excretion rate of N-acetyltyrosine which could result in a higher serum level.,may decrease the excretion rate of which could result in a higher serum level
DB06813,DB13946,Pralatrexate may decrease the excretion rate of Testosterone undecanoate which could result in a higher serum level.,may decrease the excretion rate of which could result in a higher serum level
DB06813,DB09401,Isosorbide may increase the excretion rate of Pralatrexate which could result in a lower serum level and potentially a reduction in efficacy.,may increase the excretion rate of which could result in a lower serum level and potentially a reduction in efficacy
DB06813,DB11791,The serum concentration of Pralatrexate can be increased when it is combined with Capmatinib.,The serum concentration of can be increased when it is combined with
DB06813,DB11201,Menthyl salicylate may decrease the excretion rate of Pralatrexate which could result in a higher serum level.,may decrease the excretion rate of which could result in a higher serum level
DB06813,DB09009,The risk or severity of methemoglobinemia can be increased when Pralatrexate is combined with Articaine.,The risk or severity of methemoglobinemia can be increased when is combined with
DB08801,DB11609,The risk or severity of adverse effects can be increased when Dimetindene is combined with Normethadone.,The risk or severity of adverse effects can be increased when is combined with
DB08801,DB14627,The therapeutic efficacy of Oxyphenisatin acetate can be decreased when used in combination with Dimetindene.,The therapeutic efficacy of can be decreased when used in combination with
DB08801,DB13074,The therapeutic efficacy of Macimorelin can be decreased when used in combination with Dimetindene.,The therapeutic efficacy of can be decreased when used in combination with
DB08868,DB09063,Fingolimod may increase the bradycardic activities of Ceritinib.,may increase the bradycardic activities of
DB08868,DB09091,Tixocortol may increase the immunosuppressive activities of Fingolimod.,may increase the immunosuppressive activities of
DB08868,DB14539,Hydrocortisone acetate may increase the immunosuppressive activities of Fingolimod.,may increase the immunosuppressive activities of
DB08976,DB14539,The risk or severity of gastrointestinal irritation can be increased when Hydrocortisone acetate is combined with Floctafenine.,The risk or severity of gastrointestinal irritation can be increased when is combined with
DB08976,DB09091,The risk or severity of gastrointestinal irritation can be increased when Tixocortol is combined with Floctafenine.,The risk or severity of gastrointestinal irritation can be increased when is combined with
DB08976,DB08981,The risk or severity of adverse effects can be increased when Floctafenine is combined with Fenbufen.,The risk or severity of adverse effects can be increased when is combined with
DB08976,DB11102,Floctafenine may decrease the excretion rate of N-acetyltyrosine which could result in a higher serum level.,may decrease the excretion rate of which could result in a higher serum level
DB08976,DB13952,Floctafenine may decrease the excretion rate of Estradiol acetate which could result in a higher serum level.,may decrease the excretion rate of which could result in a higher serum level
DB08976,DB13074,The therapeutic efficacy of Macimorelin can be decreased when used in combination with Floctafenine.,The therapeutic efficacy of can be decreased when used in combination with
DB08976,DB13946,Testosterone undecanoate may increase the hypertensive activities of Floctafenine.,may increase the hypertensive activities of
DB08976,DB11201,The risk or severity of adverse effects can be increased when Floctafenine is combined with Menthyl salicylate.,The risk or severity of adverse effects can be increased when is combined with
DB08981,DB14539,The risk or severity of gastrointestinal irritation can be increased when Hydrocortisone acetate is combined with Fenbufen.,The risk or severity of gastrointestinal irritation can be increased when is combined with
DB08981,DB09091,The risk or severity of gastrointestinal irritation can be increased when Tixocortol is combined with Fenbufen.,The risk or severity of gastrointestinal irritation can be increased when is combined with
DB08981,DB11102,Fenbufen may decrease the excretion rate of N-acetyltyrosine which could result in a higher serum level.,may decrease the excretion rate of which could result in a higher serum level
DB08981,DB13952,Fenbufen may decrease the excretion rate of Estradiol acetate which could result in a higher serum level.,may decrease the excretion rate of which could result in a higher serum level
DB08981,DB13074,The therapeutic efficacy of Macimorelin can be decreased when used in combination with Fenbufen.,The therapeutic efficacy of can be decreased when used in combination with
DB08981,DB13946,Testosterone undecanoate may increase the hypertensive activities of Fenbufen.,may increase the hypertensive activities of
DB08981,DB11201,The risk or severity of adverse effects can be increased when Fenbufen is combined with Menthyl salicylate.,The risk or severity of adverse effects can be increased when is combined with
DB09009,DB11609,The risk or severity of CNS depression can be increased when Articaine is combined with Normethadone.,The risk or severity of CNS depression can be increased when is combined with
DB09009,DB13213,The risk or severity of CNS depression can be increased when Articaine is combined with Butaperazine.,The risk or severity of CNS depression can be increased when is combined with
DB09009,DB09063,The risk or severity of methemoglobinemia can be increased when Ceritinib is combined with Articaine.,The risk or severity of methemoglobinemia can be increased when is combined with
DB09009,DB09143,The risk or severity of methemoglobinemia can be increased when Sonidegib is combined with Articaine.,The risk or severity of methemoglobinemia can be increased when is combined with
DB09009,DB11672,The risk or severity of methemoglobinemia can be increased when Curcumin is combined with Articaine.,The risk or severity of methemoglobinemia can be increased when is combined with
DB09009,DB11791,The risk or severity of methemoglobinemia can be increased when Capmatinib is combined with Articaine.,The risk or severity of methemoglobinemia can be increased when is combined with
DB09009,DB15149,The risk or severity of methemoglobinemia can be increased when Futibatinib is combined with Articaine.,The risk or severity of methemoglobinemia can be increased when is combined with
DB09009,DB12329,The risk or severity of methemoglobinemia can be increased when Eravacycline is combined with Articaine.,The risk or severity of methemoglobinemia can be increased when is combined with
DB09063,DB09091,The risk or severity of hyperglycemia can be increased when Tixocortol is combined with Ceritinib.,The risk or severity of hyperglycemia can be increased when is combined with
DB09063,DB14539,The risk or severity of hyperglycemia can be increased when Hydrocortisone acetate is combined with Ceritinib.,The risk or severity of hyperglycemia can be increased when is combined with
DB09063,DB13074,The risk or severity of QTc prolongation can be increased when Ceritinib is combined with Macimorelin.,The risk or severity of QTc prolongation can be increased when is combined with
DB09063,DB12877,The risk or severity of QTc prolongation can be increased when Ceritinib is combined with Oxatomide.,The risk or severity of QTc prolongation can be increased when is combined with
DB09063,DB13952,The metabolism of Ceritinib can be increased when combined with Estradiol acetate.,The metabolism of can be increased when combined with
DB09063,DB11703,The metabolism of Acalabrutinib can be decreased when combined with Ceritinib.,The metabolism of can be decreased when combined with
DB09063,DB09143,The metabolism of Sonidegib can be decreased when combined with Ceritinib.,The metabolism of can be decreased when combined with
DB09063,DB11791,The serum concentration of Ceritinib can be increased when it is combined with Capmatinib.,The serum concentration of can be increased when it is combined with
DB09063,DB11672,The metabolism of Ceritinib can be decreased when combined with Curcumin.,The metabolism of can be decreased when combined with
DB09063,DB12095,The serum concentration of Ceritinib can be decreased when it is combined with Telotristat ethyl.,The serum concentration of can be decreased when it is combined with
DB09063,DB15149,The serum concentration of Ceritinib can be increased when it is combined with Futibatinib.,The serum concentration of can be increased when it is combined with
DB09091,DB14539,The risk or severity of adverse effects can be increased when Tixocortol is combined with Hydrocortisone acetate.,The risk or severity of adverse effects can be increased when is combined with
DB09091,DB11102,Tixocortol may decrease the excretion rate of N-acetyltyrosine which could result in a higher serum level.,may decrease the excretion rate of which could result in a higher serum level
DB09091,DB13952,Tixocortol may decrease the excretion rate of Estradiol acetate which could result in a higher serum level.,may decrease the excretion rate of which could result in a higher serum level
DB09091,DB09401,Isosorbide may increase the excretion rate of Tixocortol which could result in a lower serum level and potentially a reduction in efficacy.,may increase the excretion rate of which could result in a lower serum level and potentially a reduction in efficacy
DB09091,DB11201,The risk or severity of gastrointestinal irritation can be increased when Tixocortol is combined with Menthyl salicylate.,The risk or severity of gastrointestinal irritation can be increased when is combined with
DB09143,DB13952,The metabolism of Sonidegib can be increased when combined with Estradiol acetate.,The metabolism of can be increased when combined with
DB09143,DB14539,The metabolism of Sonidegib can be increased when combined with Hydrocortisone acetate.,The metabolism of can be increased when combined with
DB09143,DB11703,The metabolism of Sonidegib can be decreased when combined with Acalabrutinib.,The metabolism of can be decreased when combined with
DB09143,DB11672,The metabolism of Sonidegib can be decreased when combined with Curcumin.,The metabolism of can be decreased when combined with
DB09143,DB12095,The serum concentration of Sonidegib can be decreased when it is combined with Telotristat ethyl.,The serum concentration of can be decreased when it is combined with
DB09401,DB11102,Isosorbide may increase the excretion rate of N-acetyltyrosine which could result in a lower serum level and potentially a reduction in efficacy.,may increase the excretion rate of which could result in a lower serum level and potentially a reduction in efficacy
DB09401,DB13946,Isosorbide may increase the excretion rate of Testosterone undecanoate which could result in a lower serum level and potentially a reduction in efficacy.,may increase the excretion rate of which could result in a lower serum level and potentially a reduction in efficacy
DB09401,DB13952,Isosorbide may increase the excretion rate of Estradiol acetate which could result in a lower serum level and potentially a reduction in efficacy.,may increase the excretion rate of which could result in a lower serum level and potentially a reduction in efficacy
DB09401,DB11609,The therapeutic efficacy of Isosorbide can be decreased when used in combination with Normethadone.,The therapeutic efficacy of can be decreased when used in combination with
DB11102,DB13946,N-acetyltyrosine may decrease the excretion rate of Testosterone undecanoate which could result in a higher serum level.,may decrease the excretion rate of which could result in a higher serum level
DB11102,DB13952,N-acetyltyrosine may decrease the excretion rate of Estradiol acetate which could result in a higher serum level.,may decrease the excretion rate of which could result in a higher serum level
DB11201,DB14539,The risk or severity of gastrointestinal irritation can be increased when Hydrocortisone acetate is combined with Menthyl salicylate.,The risk or severity of gastrointestinal irritation can be increased when is combined with
DB11201,DB13074,The therapeutic efficacy of Macimorelin can be decreased when used in combination with Menthyl salicylate.,The therapeutic efficacy of can be decreased when used in combination with
DB11609,DB14627,The therapeutic efficacy of Oxyphenisatin acetate can be decreased when used in combination with Normethadone.,The therapeutic efficacy of can be decreased when used in combination with
DB11672,DB11703,The metabolism of Acalabrutinib can be decreased when combined with Curcumin.,The metabolism of can be decreased when combined with
DB11672,DB11791,The metabolism of Capmatinib can be decreased when combined with Curcumin.,The metabolism of can be decreased when combined with
DB11672,DB12329,The metabolism of Eravacycline can be decreased when combined with Curcumin.,The metabolism of can be decreased when combined with
DB11672,DB13074,The metabolism of Macimorelin can be decreased when combined with Curcumin.,The metabolism of can be decreased when combined with
DB11672,DB13952,The metabolism of Estradiol acetate can be decreased when combined with Curcumin.,The metabolism of can be decreased when combined with
DB11672,DB14539,The metabolism of Hydrocortisone acetate can be decreased when combined with Curcumin.,The metabolism of can be decreased when combined with
DB11672,DB15149,The metabolism of Futibatinib can be decreased when combined with Curcumin.,The metabolism of can be decreased when combined with
DB11672,DB12095,The serum concentration of Telotristat ethyl can be increased when it is combined with Curcumin.,The serum concentration of can be increased when it is combined with
DB11682,DB13952,The metabolism of Estradiol acetate can be decreased when combined with Daprodustat.,The metabolism of can be decreased when combined with
DB11703,DB13952,The metabolism of Acalabrutinib can be increased when combined with Estradiol acetate.,The metabolism of can be increased when combined with
DB11703,DB14539,The metabolism of Acalabrutinib can be increased when combined with Hydrocortisone acetate.,The metabolism of can be increased when combined with
DB11703,DB11791,The serum concentration of Capmatinib can be increased when it is combined with Acalabrutinib.,The serum concentration of can be increased when it is combined with
DB11703,DB12095,The serum concentration of Acalabrutinib can be decreased when it is combined with Telotristat ethyl.,The serum concentration of can be decreased when it is combined with
DB11791,DB13946,The serum concentration of Capmatinib can be decreased when it is combined with Testosterone undecanoate.,The serum concentration of can be decreased when it is combined with
DB11791,DB13952,The serum concentration of Capmatinib can be decreased when it is combined with Estradiol acetate.,The serum concentration of can be decreased when it is combined with
DB11791,DB14539,The serum concentration of Capmatinib can be decreased when it is combined with Hydrocortisone acetate.,The serum concentration of can be decreased when it is combined with
DB11791,DB12095,The serum concentration of Capmatinib can be decreased when it is combined with Telotristat ethyl.,The serum concentration of can be decreased when it is combined with
DB11791,DB15149,The serum concentration of Futibatinib can be increased when it is combined with Capmatinib.,The serum concentration of can be increased when it is combined with
DB12095,DB12329,The serum concentration of Eravacycline can be decreased when it is combined with Telotristat ethyl.,The serum concentration of can be decreased when it is combined with
DB12095,DB13074,The serum concentration of Macimorelin can be decreased when it is combined with Telotristat ethyl.,The serum concentration of can be decreased when it is combined with
DB12095,DB13952,The serum concentration of Estradiol acetate can be decreased when it is combined with Telotristat ethyl.,The serum concentration of can be decreased when it is combined with
DB12095,DB14539,The serum concentration of Hydrocortisone acetate can be decreased when it is combined with Telotristat ethyl.,The serum concentration of can be decreased when it is combined with
DB12095,DB15149,The serum concentration of Futibatinib can be decreased when it is combined with Telotristat ethyl.,The serum concentration of can be decreased when it is combined with
DB12877,DB13074,The risk or severity of QTc prolongation can be increased when Oxatomide is combined with Macimorelin.,The risk or severity of QTc prolongation can be increased when is combined with
DB13946,DB13952,Testosterone undecanoate may decrease the excretion rate of Estradiol acetate which could result in a higher serum level.,may decrease the excretion rate of which could result in a higher serum level
DB13952,DB14539,The metabolism of Hydrocortisone acetate can be decreased when combined with Estradiol acetate.,The metabolism of can be decreased when combined with
