pair_id,type_id,sampling_rule,drug_a_id,drug_a_name,drug_b_id,drug_b_name,ddi_type,drugbank_description,ddinter_mecddi,auto_pk_pd,auto_AorB,auto_key_entity_name,auto_key_entity_type,auto_action_drug_a,auto_action_drug_b,auto_chain,auto_has_key_entity
P0001,T37,PD_overlap,DB00091,Cyclosporine,DB00384,Triamterene,The risk or severity of hyperkalemia can be increased when is combined with,The risk or severity of hyperkalemia can be increased when Triamterene is combined with Cyclosporine.,Cyclosporine may cause hyperkalemia. The concurrent use of potassium-sparing diuretics and cyclosporine may result in or exacerbate hyperkalemia.,PD,B,,,,,,False
P0002,T08,PK_overlap,DB00246,Ziprasidone,DB00997,Doxorubicin,The serum concentration of can be increased when it is combined with,The serum concentration of Doxorubicin can be increased when it is combined with Ziprasidone.,"Ziprasidone can cause dose-related prolongation of the QT interval. Theoretically, coadministration with other agents that can prolong the QT interval may result in additive effects and increased risk of ventricular arrhythmias including torsade de pointes and sudden death. Excessive parasympatholytic effects may include paralytic ileus, hyperthermia, mydriasis, blurred vision, tachycardia, urinary retention, psychosis, and seizures.",PK,A,Cytochrome P450 3A4,enzyme,substrate,inhibitor,Doxorubicin --[inhibitor]--> Cytochrome P450 3A4 --[substrate: metabolizes]--> Ziprasidone,True
P0003,T38,PD_overlap,DB00273,Topiramate,DB00683,Midazolam,The risk or severity of sedation and CNS depression can be increased when is combined with,The risk or severity of sedation and CNS depression can be increased when Midazolam is combined with Topiramate.,"Central nervous system- and/or respiratory-depressant effects may be additively or synergistically increased in patients taking multiple drugs that cause these effects, especially in elderly or debilitated patients.",PD,B,,,,,,False
P0004,T16,PK_overlap,DB00774,Hydroflumethiazide,DB00842,Oxazepam,may increase the excretion rate of which could result in a lower serum level and potentially a reduction in efficacy,Hydroflumethiazide may increase the excretion rate of Oxazepam which could result in a lower serum level and potentially a reduction in efficacy.,"Many psychotherapeutic and CNS-active agents (e.g., anxiolytics, sedatives, hypnotics, antidepressants, antipsychotics, opioids, alcohol, muscle relaxants) exhibit hypotensive effects, especially during initiation of therapy and dose escalation. Coadministration with antihypertensives and other hypotensive agents, in particular vasodilators and alpha-blockers, may result in additive effects on blood pressure and orthostasis.",PK,B,,,,,,False
P0005,T11,PK_overlap,DB00295,Morphine,DB00758,Clopidogrel,The serum concentration of the active metabolites of can be decreased when is used in combination with,The serum concentration of the active metabolites of Clopidogrel can be decreased when Clopidogrel is used in combination with Morphine.,"Coadministration with opioid agonists may delay and reduce the absorption of orally administered P2Y12 inhibitors (e.g., clopidogrel, prasugrel, ticagrelor). The proposed mechanism may involve opioid-mediated slowed gastric emptying.",PK,A,Cytochrome P450 2C8,enzyme,substrate,inhibitor,Clopidogrel --[inhibitor]--> Cytochrome P450 2C8 --[substrate: metabolizes]--> Morphine,True
P0006,T40,PD_overlap,DB00612,Bisoprolol,DB00777,Propiomazine,may increase the orthostatic hypotensive activities of,Bisoprolol may increase the orthostatic hypotensive activities of Propiomazine.,"Phenothiazines and neuroleptic agents may potentiate the hypotensive effect of some medications secondary to their peripheral alpha-1 adrenergic blocking activity. Orthostatic hypotension and syncope associated with vasodilation may occur, particularly during initial dosing and/or parenteral administration of the phenothiazine or neuroleptic.",PD,B,,,,,,False
P0007,T38,PD_overlap,DB00683,Midazolam,DB00801,Halazepam,The risk or severity of sedation and CNS depression can be increased when is combined with,The risk or severity of sedation and CNS depression can be increased when Midazolam is combined with Halazepam.,"Central nervous system- and/or respiratory-depressant effects may be additively or synergistically increased in patients taking multiple drugs that cause these effects, especially in elderly or debilitated patients.",PD,A,GABA(A) Receptor,target,positive allosteric modulator,positive allosteric modulator,Midazolam --[positive allosteric modulator]--> GABA(A) Receptor <--[positive allosteric modulator]-- Halazepam,True
P0008,T13,PK_overlap,DB00625,Efavirenz,DB00701,Amprenavir,The serum concentration of the active metabolites of can be reduced when is used in combination with resulting in a loss in efficacy,The serum concentration of the active metabolites of Amprenavir can be reduced when Amprenavir is used in combination with Efavirenz resulting in a loss in efficacy.,"Coadministration with efavirenz may decrease the plasma concentrations of amprenavir. The mechanism is efavirenz induction of CYP450 3A4, the isoenzyme responsible for the metabolic clearance of amprenavir.",PK,A,Cytochrome P450 3A4,enzyme,substrate,inhibitor,Amprenavir --[inhibitor]--> Cytochrome P450 3A4 --[substrate: metabolizes]--> Efavirenz,True
P0009,T07,PK_overlap,DB09280,Lumacaftor,DB11689,Selumetinib,The serum concentration of can be decreased when it is combined with,The serum concentration of Selumetinib can be decreased when it is combined with Lumacaftor.,"Coadministration with potent or moderate inducers of CYP450 3A4 may decrease the plasma concentrations of selumetinib, which is primarily metabolized by CYP450 3A4 and to a lesser extent by CYP450 2C19, 1A2, 2C9, 2E1, and 3A5. Selumetinib also undergoes glucuronidation by UGT1A1 and UGT1A3.",PK,A,Cytochrome P450 3A4,enzyme,inducer,substrate,Lumacaftor --[inducer]--> Cytochrome P450 3A4 --[substrate: metabolizes]--> Selumetinib,True
P0010,T46,PD_overlap,DB01105,Sibutramine,DB13139,Levosalbutamol,may increase the tachycardic activities of,Sibutramine may increase the tachycardic activities of Levosalbutamol.,"Additive or synergistic effects on blood pressure and heart rate may occur when sibutramine is combined with sympathomimetic agents such as nasal decongestants, adrenergic bronchodilators, ophthalmic vasoconstrictors, and systemic vasopressors. Sibutramine is a potent inhibitor of norepinephrine and serotonin reuptake, and a less potent inhibitor of dopamine reuptake.",PD,B,,,,,,False
P0011,T01,PK_overlap,DB00209,Trospium,DB01235,Levodopa,The absorption of can be decreased when combined with,The absorption of Levodopa can be decreased when combined with Trospium.,"Anticholinergic agents may decrease the absorption and oral bioavailability of levodopa. The proposed mechanism involves increased gastrointestinal transit time due to reduction of stomach and intestinal motility by anticholinergic agents, thereby increasing the gastric degradation of levodopa and reducing the amount available for absorption in the small intestine.",PK,B,,,,,,False
P0012,T20,PK_supp,DB00927,Famotidine,DB06710,Methyltestosterone,The excretion of can be increased when combined with,The excretion of Famotidine can be increased when combined with Methyltestosterone.,,PK,A,Organic anion transporter 3,transporter,substrate,inducer,Methyltestosterone --[inducer]--> Organic anion transporter 3 --[substrate: transports]--> Famotidine,True
P0013,T41,PD_overlap,DB00387,Procyclidine,DB06204,Tapentadol,The risk or severity of urinary retention and constipation can be increased when is combined with,The risk or severity of urinary retention and constipation can be increased when Procyclidine is combined with Tapentadol.,"Central nervous system- and/or respiratory-depressant effects may be additively or synergistically increased in patients taking multiple drugs that cause these effects, especially in elderly or debilitated patients.",PD,B,,,,,,False
P0014,T09,PK_overlap,DB00623,Fluphenazine,DB01242,Clomipramine,"The serum concentration of desmethyl, an active metabolite of , can be increased when used in combination with","The serum concentration of desmethylclomipramine, an active metabolite of Clomipramine, can be increased when used in combination with Fluphenazine.","Coadministration of a phenothiazine with a tricyclic antidepressant (TCA) may result in elevated plasma concentrations of one or both drugs as well as additive adverse effects. Most phenothiazines and TCAs have been found to undergo metabolism by CYP450 2D6, thus competitive inhibition of the enzyme may occur when more than one of these agents are administered.",PK,A,Cytochrome P450 2D6,enzyme,inhibitor,substrate,Fluphenazine --[inhibitor]--> Cytochrome P450 2D6 --[substrate: metabolizes]--> Clomipramine,True
P0015,T38,PD_overlap,DB00679,Thioridazine,DB00683,Midazolam,The risk or severity of sedation and CNS depression can be increased when is combined with,The risk or severity of sedation and CNS depression can be increased when Midazolam is combined with Thioridazine.,"Central nervous system- and/or respiratory-depressant effects may be additively or synergistically increased in patients taking multiple drugs that cause these effects, especially in elderly or debilitated patients.",PD,B,,,,,,False
P0016,T39,PD_overlap,DB00880,Chlorothiazide,DB06292,Dapagliflozin,The therapeutic efficacy of can be decreased when used in combination with,The therapeutic efficacy of Dapagliflozin can be decreased when used in combination with Chlorothiazide.,"Sodium-glucose co-transporter 2 (SGLT-2) inhibitors may potentiate the diuretic and hypotensive effects of thiazides. Inhibition of glucose and sodium co-transport produces mild diuresis and transient natriuresis, resulting in intravascular volume contraction.",PD,B,,,,,,False
P0017,T50,PD_overlap,DB00176,Fluvoxamine,DB01247,Isocarboxazid,may increase the serotonergic activities of,Isocarboxazid may increase the serotonergic activities of Fluvoxamine.,"By inhibiting serotonin metabolism, monoamine oxidase inhibitors (MAOIs) may potentiate the pharmacologic activity of selective serotonin reuptake inhibitors (SSRIs) and increase the risk of serotonin syndrome, which is a rare but serious and potentially fatal condition thought to result from hyperstimulation of brainstem 5-HT1A and 2A receptors.",PD,B,,,,,,False
P0018,T04,PK_overlap,DB00243,Ranolazine,DB01096,Oxamniquine,The metabolism of can be decreased when combined with,The metabolism of Ranolazine can be decreased when combined with Oxamniquine.,"Coadministration with ranolazine may increase the plasma concentrations of drugs that are substrates of the CYP450 2D6 isoenzyme. Ranolazine has been shown in vitro to be an inhibitor of CYP450 2D6. However, concomitant use of ranolazine with other drugs that are metabolized by CYP450 2D6 such as tricyclic antidepressants and antipsychotics has not been studied.",PK,A,Cytochrome P450 2D6,enzyme,substrate,inhibitor,Oxamniquine --[inhibitor]--> Cytochrome P450 2D6 --[substrate: metabolizes]--> Ranolazine,True
P0019,T32,PD_overlap,DB00881,Quinapril,DB06207,Silodosin,The risk or severity of orthostatic hypotension and dizziness can be increased when is combined with,The risk or severity of orthostatic hypotension and dizziness can be increased when Quinapril is combined with Silodosin.,"Additive hypotensive effects may occur when ACE inhibitors are used in combination with alpha-blockers. In the presence of ACE inhibition, the risk and/or severity of first-dose effects associated with alpha-blockers such as postural hypotension and syncope may be increased.",PD,B,,,,,,False
P0020,T41,PD_overlap,DB01591,Solifenacin,DB06204,Tapentadol,The risk or severity of urinary retention and constipation can be increased when is combined with,The risk or severity of urinary retention and constipation can be increased when Solifenacin is combined with Tapentadol.,"Coadministration of opioids with anticholinergic agents may result in additive central nervous system (CNS), gastrointestinal, and genitourinary effects. The risk and/or severity of adverse effects such as sedation, dizziness, confusion, cognitive and psychomotor impairment, dry mouth, constipation, and urinary retention may increase. Severe constipation may lead to paralytic ileus in some cases.",PD,B,,,,,,False
P0021,T50,PD_overlap,DB00321,Amitriptyline,DB00780,Phenelzine,may increase the serotonergic activities of,Phenelzine may increase the serotonergic activities of Amitriptyline.,"Coadministration of monoamine oxidase inhibitors (MAOIs) and dibenzazepine derivatives (e.g., tricyclic and tetracyclic antidepressants, cyclobenzaprine, carbamazepine) may produce significant adverse reactions including nausea, vomiting, flushing, dizziness, tremor, myoclonus, rigidity, diaphoresis, hyperthermia, autonomic instability, hypertensive crises, disseminated intravascular coagulation, severe convulsive seizures, coma, and death. The exact mechanism of interaction is unknown, but may involve excessive serotonergic activity in the central nervous system (i.e., serotonin syndrome).",PD,B,,,,,,False
P0022,T50,PD_overlap,DB00370,Mirtazapine,DB01403,Methotrimeprazine,may increase the serotonergic activities of,Methotrimeprazine may increase the serotonergic activities of Mirtazapine.,"Coadministration of mirtazapine with drugs that inhibit one or more of its metabolic pathways may result in increased plasma concentrations of mirtazapine. In vitro data from human liver microsomes indicate that CYP450 2D6 and 1A2 are involved in the formation of the 8-hydroxy metabolite, while CYP450 3A4 is primarily responsible for the formation of the N-desmethyl and N-oxide metabolites.",PD,A,5-hydroxytryptamine receptor 2C,target,antagonist,antagonist,Mirtazapine --[antagonist]--> 5-hydroxytryptamine receptor 2C <--[antagonist]-- Methotrimeprazine,True
P0023,T29,PD_overlap,DB00476,Duloxetine,DB01037,Selegiline,The risk or severity of serotonin syndrome can be increased when is combined with,The risk or severity of serotonin syndrome can be increased when Selegiline is combined with Duloxetine.,"By inhibiting serotonin metabolism, monoamine oxidase inhibitors (MAOIs) may potentiate the pharmacologic activity of serotonergic agents such as serotonin reuptake inhibitors, 5-HT1 receptor agonists, ergot alkaloids, buspirone, dextromethorphan, and most antidepressants. The result may be an increased risk of serotonin syndrome, which is a rare but serious and potentially fatal condition thought to result from hyperstimulation of brainstem 5-HT1A and 2A receptors.",PD,B,,,,,,False
P0024,T36,PD_overlap,DB00539,Toremifene,DB00880,Chlorothiazide,The risk or severity of hypercalcemia can be increased when is combined with,The risk or severity of hypercalcemia can be increased when Chlorothiazide is combined with Toremifene.,"Drugs that decrease renal calcium excretion, such as the thiazide diuretics, may increase the risk of hypercalcemia in patients receiving toremifene.",PD,B,,,,,,False
P0025,T08,PK_overlap,DB06448,Lonafarnib,DB12825,Lefamulin,The serum concentration of can be increased when it is combined with,The serum concentration of Lefamulin can be increased when it is combined with Lonafarnib.,Coadministration with potent or moderate inhibitors of CYP450 3A4 may significantly increase the plasma concentrations of lonafarnib.,PK,A,Cytochrome P450 3A4,enzyme,inhibitor,substrate,Lonafarnib --[inhibitor]--> Cytochrome P450 3A4 --[substrate: metabolizes]--> Lefamulin,True
P0026,T47,PD_overlap,DB00322,Floxuridine,DB00363,Clozapine,The risk or severity of neutropenia can be increased when is combined with,The risk or severity of neutropenia can be increased when Floxuridine is combined with Clozapine.,Coadministration of clozapine with other agents that can cause neutropenia or agranulocytosis may increase the risk and/or severity of hematologic toxicity.,PD,B,,,,,,False
P0027,T50,PD_overlap,DB00813,Fentanyl,DB09241,Methylene blue,may increase the serotonergic activities of,Fentanyl may increase the serotonergic activities of Methylene blue.,"Coadministration of monoamine oxidase inhibitors (MAOIs) with certain opioids has been associated with rare reports of severe and fatal adverse reactions. There appear to be two types of interaction, an excitatory and a depressive one. Symptoms of the excitatory reaction may include agitation, headache, diaphoresis, hyperpyrexia, flushing, shivering, myoclonus, rigidity, tremor, diarrhea, hypertension, tachycardia, seizures, and coma. The exact mechanism of interaction is unknown, but may involve excessive serotonergic activity in the central nervous system (i.e., serotonin syndrome). The interaction is unpredictable and has been reported primarily with meperidine or fentanyl and various MAOIs including phenelzine, tranylcypromine, linezolid, moclobemide, and selegiline. Fatal hyperpyrexia and hypertension have also been observed in animal studies with meperidine and phenelzine or furazolidone. In contrast, symptoms of the depressive reaction probably stem from potentiation of CNS effects by MAOIs and include respiratory depression, cyanosis, hypotension, and coma.",PD,B,,,,,,False
P0028,T22,PK_supp,DB00570,Vinblastine,DB01045,Rifampin,The serum concentration of can be decreased when it is combined with Rifampicin,The serum concentration of Vinblastine can be decreased when it is combined with Rifampicin.,,PK,A,Cytochrome P450 3A4,enzyme,substrate,inducer,Rifampin --[inducer]--> Cytochrome P450 3A4 --[substrate: metabolizes]--> Vinblastine,True
P0029,T11,PK_overlap,DB00762,Irinotecan,DB08873,Boceprevir,The serum concentration of the active metabolites of can be decreased when is used in combination with,The serum concentration of the active metabolites of Irinotecan can be decreased when Irinotecan is used in combination with Boceprevir.,"Coadministration with potent inhibitors of CYP450 3A4 may significantly increase the plasma concentrations of irinotecan and its active metabolite, SN-38. CYP450 3A4 is the isoenzyme responsible for the metabolic conversion of irinotecan to its inactive metabolite, APC. Inhibition of APC formation results in more irinotecan metabolism to SN-38, an active and toxic metabolite. High plasma levels of irinotecan and SN-38 may increase the risk of potentially fatal toxicities such as severe diarrhea, neutropenia, sepsis, and thromboembolism.",PK,A,Cytochrome P450 3A5,enzyme,substrate,inhibitor,Boceprevir --[inhibitor]--> Cytochrome P450 3A5 --[substrate: metabolizes]--> Irinotecan,True
P0030,T34,PD_overlap,DB00261,Anagrelide,DB09082,Vilanterol,The risk or severity of QTc prolongation and ventricular arrhythmias can be increased when is combined with,The risk or severity of QTc prolongation and ventricular arrhythmias can be increased when Vilanterol is combined with Anagrelide.,"Beta-2 adrenergic agonists can cause dose-related prolongation of the QT interval and potassium loss.  Theoretically, coadministration with other agents that can prolong the QT interval may result in additive effects and increased risk of ventricular arrhythmias including torsade de pointes and sudden death.",PD,B,,,,,,False
P0031,T48,PD_overlap,DB00741,Hydrocortisone,DB11827,Ertugliflozin,The risk or severity of hyperglycemia can be increased when is combined with,The risk or severity of hyperglycemia can be increased when Hydrocortisone is combined with Ertugliflozin.,"The efficacy of insulin and other antidiabetic agents may be diminished by certain drugs, including atypical antipsychotics, corticosteroids, diuretics, estrogens, gonadotropin-releasing hormone agonists, human growth hormone, phenothiazines, progestins, protease inhibitors, sympathomimetic amines, thyroid hormones, L-asparaginase, alpelisib, copanlisib, danazol, diazoxide, isoniazid, megestrol, omacetaxine, phenytoin, tagraxofusp, temsirolimus, as well as pharmacologic dosages of nicotinic acid and adrenocorticotropic agents. These drugs may interfere with blood glucose control because they can cause hyperglycemia, glucose intolerance, new-onset diabetes mellitus, and/or exacerbation of preexisting diabetes.",PD,B,,,,,,False
P0032,T34,PD_overlap,DB09082,Vilanterol,DB12141,Gilteritinib,The risk or severity of QTc prolongation and ventricular arrhythmias can be increased when is combined with,The risk or severity of QTc prolongation and ventricular arrhythmias can be increased when Vilanterol is combined with Gilteritinib.,"Beta-2 adrenergic agonists can cause dose-related prolongation of the QT interval and potassium loss. Theoretically, coadministration with other agents that can prolong the QT interval may result in additive effects and increased risk of ventricular arrhythmias including torsade de pointes and sudden death. Clinically significant prolongation of QT interval and hypokalemia occur infrequently when beta-2 agonists are inhaled at normally recommended dosages. However, these effects may be more common when the drugs are administered systemically or when recommended dosages are exceeded.",PD,B,,,,,,False
P0033,T45,PD_overlap,DB00246,Ziprasidone,DB00925,Phenoxybenzamine,may increase the antihypertensive activities of,Ziprasidone may increase the antihypertensive activities of Phenoxybenzamine.,"Phenothiazines and neuroleptic agents may potentiate the hypotensive effect of some medications secondary to their peripheral alpha-1 adrenergic blocking activity. Orthostatic hypotension and syncope associated with vasodilation may occur, particularly during initial dosing and/or parenteral administration of the phenothiazine or neuroleptic.",PD,A,Alpha-1B adrenergic receptor,target,antagonist,antagonist,Ziprasidone --[antagonist]--> Alpha-1B adrenergic receptor <--[antagonist]-- Phenoxybenzamine,True
P0034,T18,PK_supp,DB01035,Procainamide,DB09149,Florbetapir F-18,Florbetapir (18F) may decrease the excretion rate of which could result in a higher serum level,Florbetapir (18F) may decrease the excretion rate of Procainamide which could result in a higher serum level.,,PK,B,,,,,,False
P0035,T01,PK_overlap,DB01142,Doxepin,DB01235,Levodopa,The absorption of can be decreased when combined with,The absorption of Levodopa can be decreased when combined with Doxepin.,"Tricyclic antidepressants may slightly reduce the serum concentrations of levodopa and carbidopa and reduce their effects. The mechanism may be related to slowed gastric emptying and increased gastric degradation. Anecdotal reports also suggest that coadministration of tricyclic antidepressants and levodopa or carbidopa may occasionally result in hypertensive episodes; however, causality was not clearly established. The mechanism is unknown. Until more information is available, it may be prudent to monitor patients for altered efficacy and safety.",PK,B,,,,,,False
P0036,T34,PD_overlap,DB00757,Dolasetron,DB09082,Vilanterol,The risk or severity of QTc prolongation and ventricular arrhythmias can be increased when is combined with,The risk or severity of QTc prolongation and ventricular arrhythmias can be increased when Vilanterol is combined with Dolasetron.,"Beta-2 adrenergic agonists can cause dose-related prolongation of the QT interval and potassium loss.  Theoretically, coadministration with other agents that can prolong the QT interval may result in additive effects and increased risk of ventricular arrhythmias including torsade de pointes and sudden death.",PD,B,,,,,,False
P0037,T41,PD_overlap,DB06204,Tapentadol,DB11315,Methscopolamine,The risk or severity of urinary retention and constipation can be increased when is combined with,The risk or severity of urinary retention and constipation can be increased when Methscopolamine is combined with Tapentadol.,"Coadministration of opioids with anticholinergic agents may result in additive central nervous system (CNS), gastrointestinal, and genitourinary effects. The risk and/or severity of adverse effects such as sedation, dizziness, confusion, cognitive and psychomotor impairment, dry mouth, constipation, and urinary retention may increase. Severe constipation may lead to paralytic ileus in some cases.",PD,B,,,,,,False
P0038,T08,PK_overlap,DB08865,Crizotinib,DB14975,Voxelotor,The serum concentration of can be increased when it is combined with,The serum concentration of Crizotinib can be increased when it is combined with Voxelotor.,"Coadministration with inhibitors of CYP450 3A4 may increase the systemic exposure (AUC) to voxelotor, which has been shown to be a substrate of this isoenzyme.",PK,A,Cytochrome P450 3A4,enzyme,inhibitor,substrate,Crizotinib --[inhibitor]--> Cytochrome P450 3A4 --[substrate: metabolizes]--> Voxelotor,True
P0039,T21,PK_supp,DB00213,Pantoprazole,DB00847,Cysteamine,The bioavailability of can be decreased when combined with,The bioavailability of Cysteamine can be decreased when combined with Pantoprazole.,,PK,B,,,,,,False
P0040,T07,PK_overlap,DB00472,Fluoxetine,DB09330,Osimertinib,The serum concentration of can be decreased when it is combined with,The serum concentration of Fluoxetine can be decreased when it is combined with Osimertinib.,"Osimertinib may cause dose-related prolongation of the QT interval. Theoretically, coadministration with other agents that can prolong the QT interval may result in additive effects and increased risk of ventricular arrhythmias including torsade de pointes and sudden death.",PK,A,Cytochrome P450 1A2,enzyme,substrate,inducer,Osimertinib --[inducer]--> Cytochrome P450 1A2 --[substrate: metabolizes]--> Fluoxetine,True
P0041,T39,PD_overlap,DB00372,Thiethylperazine,DB00800,Fenoldopam,The therapeutic efficacy of can be decreased when used in combination with,The therapeutic efficacy of Fenoldopam can be decreased when used in combination with Thiethylperazine.,"Phenothiazines and neuroleptic agents may potentiate the hypotensive effect of some medications secondary to their peripheral alpha-1 adrenergic blocking activity. Orthostatic hypotension and syncope associated with vasodilation may occur, particularly during initial dosing and/or parenteral administration of the phenothiazine or neuroleptic.",PD,B,,,,,,False
P0042,T10,PK_overlap,DB01232,Saquinavir,DB01255,Lisdexamfetamine,"The serum concentration of dextroamphetamine, an active metabolite of , can be increased when used in combination with","The serum concentration of dextroamphetamine, an active metabolite of Lisdexamfetamine, can be increased when used in combination with Saquinavir.","Saquinavir in combination with ritonavir may cause dose-related prolongation of the QT interval. Theoretically, coadministration with other agents that can prolong the QT interval may result in additive effects and increased risk of ventricular arrhythmias including torsade de pointes and sudden death.",PK,B,,,,,,False
P0043,T49,PD_overlap,DB00755,Tretinoin,DB00759,Tetracycline,The risk or severity of pseudotumor cerebri can be increased when is combined with,The risk or severity of pseudotumor cerebri can be increased when Tretinoin is combined with Tetracycline.,"Concomitant use of vitamin A or related compounds (i.e., retinoids) with tetracyclines may increase the risk of pseudotumor cerebri, also known as benign intracranial hypertension. These agents individually have been associated with the development of pseudotumor cerebri and may have additive effects during coadministration. The interaction has been suspected in reported cases involving the use of isotretinoin or vitamin A in combination with a tetracycline.",PD,B,,,,,,False
P0044,T19,PK_supp,DB09148,Florbetaben F-18,DB12615,Plazomicin,Florbetaben (18F) may decrease the excretion rate of which could result in a higher serum level,Florbetaben (18F) may decrease the excretion rate of Plazomicin which could result in a higher serum level.,,PK,B,,,,,,False
P0045,T04,PK_overlap,DB00586,Diclofenac,DB00779,Nalidixic acid,The metabolism of can be decreased when combined with,The metabolism of Diclofenac can be decreased when combined with Nalidixic acid.,Coadministration with nonsteroidal anti-inflammatory drugs (NSAIDs) may potentiate the risk of central nervous system toxicity sometimes associated with fluoroquinolone use. Some investigators suggest that the piperazine ring of fluoroquinolones may inhibit the binding of gamma-aminobutyric acid (GABA) to brain receptors and that NSAIDs may synergistically add to this effect. Patients with a history of seizures may be at greater risk.,PK,A,Cytochrome P450 1A2,enzyme,substrate,inhibitor,Nalidixic acid --[inhibitor]--> Cytochrome P450 1A2 --[substrate: metabolizes]--> Diclofenac,True
P0046,T08,PK_overlap,DB00976,Telithromycin,DB08931,Riociguat,The serum concentration of can be increased when it is combined with,The serum concentration of Riociguat can be increased when it is combined with Telithromycin.,"Coadministration with potent inhibitors of CYP450 3A4 or moderate to potent inhibitors of P-glycoprotein (P-gp) or breast cancer resistant protein (BCRP) may increase the plasma concentrations of riociguat, which is partially metabolized by CYP450 3A and also a substrate of the P-gp and BCRP efflux transporters. Increased levels of riociguat may increase the risk for hypotension.",PK,A,Cytochrome P450 3A4,enzyme,inhibitor,substrate,Telithromycin --[inhibitor]--> Cytochrome P450 3A4 --[substrate: metabolizes]--> Riociguat,True
P0047,T01,PK_overlap,DB01235,Levodopa,DB01591,Solifenacin,The absorption of can be decreased when combined with,The absorption of Levodopa can be decreased when combined with Solifenacin.,"Anticholinergic agents may decrease the absorption and oral bioavailability of levodopa. The proposed mechanism involves increased gastrointestinal transit time due to reduction of stomach and intestinal motility by anticholinergic agents, thereby increasing the gastric degradation of levodopa and reducing the amount available for absorption in the small intestine.",PK,B,,,,,,False
P0048,T02,PK_overlap,DB00727,Nitroglycerin,DB01253,Ergometrine,The bioavailability of can be increased when combined with,The bioavailability of Ergometrine can be increased when combined with Nitroglycerin.,"Ergot alkaloids, by causing vasoconstriction, may theoretically antagonize the effects of nitrates. In addition, nitrates may increase splanchnic blood flow, resulting in decreased first-pass metabolism of dihydroergotamine and increased bioavailability.",PK,B,,,,,,False
P0049,T42,PD_overlap,DB00861,Diflunisal,DB00959,Methylprednisolone,The risk or severity of gastrointestinal irritation can be increased when is combined with,The risk or severity of gastrointestinal irritation can be increased when Methylprednisolone is combined with Diflunisal.,"The combined use of corticosteroids and nonsteroidal anti-inflammatory drugs (NSAIDs) may increase the potential for serious gastrointestinal (GI) toxicity, including inflammation, bleeding, ulceration, and perforation.",PD,B,,,,,,False
P0050,T03,PK_overlap,DB00213,Pantoprazole,DB00641,Simvastatin,The excretion of can be decreased when combined with,The excretion of Simvastatin can be decreased when combined with Pantoprazole.,"A case report suggests that coadministration with esomeprazole may increase the plasma concentrations of atorvastatin and the associated risk of myopathy. The proposed mechanism is competitive inhibition of intestinal P-glycoprotein, resulting in decreased drug secretion into the intestinal lumen and increased drug bioavailability. Another, perhaps minor mechanism is competitive inhibition of CYP450 3A4 metabolism.",PK,A,ATP-dependent translocase ABCB1,transporter,substrate,inhibitor,Simvastatin --[inhibitor]--> ATP-dependent translocase ABCB1 --[substrate: transports]--> Pantoprazole,True
P0051,T08,PK_overlap,DB01058,Praziquantel,DB08881,Vemurafenib,The serum concentration of can be increased when it is combined with,The serum concentration of Praziquantel can be increased when it is combined with Vemurafenib.,"Coadministration with inducers of CYP450 3A4 may decrease the plasma concentrations of praziquantel, which is a substrate of the isoenzyme.",PK,A,Cytochrome P450 1A2,enzyme,substrate,inhibitor,Vemurafenib --[inhibitor]--> Cytochrome P450 1A2 --[substrate: metabolizes]--> Praziquantel,True
P0052,T19,PK_supp,DB09148,Florbetaben F-18,DB09488,Acrivastine,Florbetaben (18F) may decrease the excretion rate of which could result in a higher serum level,Florbetaben (18F) may decrease the excretion rate of Acrivastine which could result in a higher serum level.,,PK,B,,,,,,False
P0053,T14,PK_overlap,DB00501,Cimetidine,DB06616,Bosutinib,can cause a decrease in the absorption of resulting in a reduced serum concentration and potentially a decrease in efficacy,Cimetidine can cause a decrease in the absorption of Bosutinib resulting in a reduced serum concentration and potentially a decrease in efficacy.,"INTERVAL: Concurrent administration of agents that increase gastric pH such as H2-receptor antagonists or antacids may decrease the oral bioavailability of bosutinib and reduce its concentrations in plasma. The solubility of bosutinib decreases rapidly when the pH is above 5, resulting in reduced absorption.",PK,A,Cytochrome P450 3A4,enzyme,inhibitor,substrate,Cimetidine --[inhibitor]--> Cytochrome P450 3A4 --[substrate: metabolizes]--> Bosutinib,True
P0054,T42,PD_overlap,DB00959,Methylprednisolone,DB01399,Salsalate,The risk or severity of gastrointestinal irritation can be increased when is combined with,The risk or severity of gastrointestinal irritation can be increased when Methylprednisolone is combined with Salsalate.,"Coadministration with corticosteroids may decrease the serum concentrations and therapeutic effects of salicylates. Likewise, serum salicylate levels may increase following withdrawal of corticosteroid therapy, potentially resulting in salicylate toxicity. Pharmacologically, the potential for increased gastrointestinal (GI) toxicity, including inflammation, bleeding, ulceration and perforation, should be considered due to additive ulcerogenic effects of these agents (especially aspirin) on the GI mucosa.",PD,B,,,,,,False
P0055,T20,PK_supp,DB00595,Oxytetracycline,DB13944,Testosterone enanthate,The excretion of can be increased when combined with,The excretion of Oxytetracycline can be increased when combined with Testosterone enanthate.,,PK,A,Solute carrier family 22 member 7,transporter,substrate,inducer,Testosterone enanthate --[inducer]--> Solute carrier family 22 member 7 --[substrate: transports]--> Oxytetracycline,True
P0056,T06,PK_overlap,DB00812,Phenylbutazone,DB01067,Glipizide,The protein binding of can be decreased when combined with,The protein binding of Glipizide can be decreased when combined with Phenylbutazone.,"The concomitant administration of pyrazolones may increase the hypoglycemic effects of sulfonylureas. The proposed mechanisms include pyrazolone inhibition of sulfonylurea metabolism, inhibition of renal clearance and/or displacement from protein binding sites.",PK,B,,,,,,False
P0057,T15,PK_overlap,DB00688,Mycophenolate mofetil,DB01413,Cefepime,may decrease the excretion rate of which could result in a higher serum level,Cefepime may decrease the excretion rate of Mycophenolate mofetil which could result in a higher serum level.,"Theoretically, drugs that alter the gastrointestinal flora (e.g., antibiotics) may reduce the oral bioavailability of mycophenolic acid products. Some investigators believe that antimicrobials may interfere with the enterohepatic recirculation of mycophenolic acid by decreasing bacterial hydrolytic enzymes in the gastrointestinal tract that are responsible for regenerating mycophenolic acid from its glucuronide metabolite following first-pass metabolism.",PK,B,,,,,,False
P0058,T02,PK_overlap,DB00957,Norgestimate,DB01037,Selegiline,The bioavailability of can be increased when combined with,The bioavailability of Selegiline can be increased when combined with Norgestimate.,The use of oral contraceptives or hormone replacement therapy may significantly increase selegiline bioavailability.The proposed mechanism is inhibition of CYP450 3A hepatic metabolism. Increased concentrations of selegiline may result in loss of MAO-B selectivity and potentially severe adverse effects such as the serotonin syndrome.,PK,A,Cytochrome P450 3A4,enzyme,inducer,substrate,Norgestimate --[inducer]--> Cytochrome P450 3A4 --[substrate: metabolizes]--> Selegiline,True
P0059,T21,PK_supp,DB00847,Cysteamine,DB11739,Vonoprazan,The bioavailability of can be decreased when combined with,The bioavailability of Cysteamine can be decreased when combined with Vonoprazan.,,PK,B,,,,,,False
P0060,T08,PK_overlap,DB08864,Rilpivirine,DB09054,Idelalisib,The serum concentration of can be increased when it is combined with,The serum concentration of Rilpivirine can be increased when it is combined with Idelalisib.,Coadministration of idelalisib with other agents known to induce hepatotoxicity may potentiate the risk of liver injury. The use of idelalisib has been associated with elevations in alanine aminotransferase (ALT) and aspartate aminotransferase (AST) greater than 5 times the upper limit of normal.,PK,A,Cytochrome P450 3A4,enzyme,substrate,inhibitor,Idelalisib --[inhibitor]--> Cytochrome P450 3A4 --[substrate: metabolizes]--> Rilpivirine,True
P0061,T50,PD_overlap,DB00574,Fenfluramine,DB09241,Methylene blue,may increase the serotonergic activities of,Fenfluramine may increase the serotonergic activities of Methylene blue.,"Coadministration of methylene blue with serotonergic agents may potentiate the risk of serotonin syndrome, which is a rare but serious and potentially fatal condition thought to result from hyperstimulation of brainstem 5-HT1A and 2A receptors. Current research suggests that methylene blue has structural properties similar to monoamine oxidase inhibitors (MAOIs). As such, it may enhance serotonergic effects by inhibiting serotonin metabolism.",PD,B,,,,,,False
P0062,T27,PD_overlap,DB00195,Betaxolol,DB06709,Methacholine,may increase the bronchoconstrictory activities of,Betaxolol may increase the bronchoconstrictory activities of Methacholine.,"Patients who are concurrently receiving beta blockers may have exaggerated or prolonged responses (i.e., bronchoconstriction) to methacholine challenge and may not respond readily to treatment. Beta-2-adrenergic blockade increases airway resistance. Ophthalmically applied beta blockers undergo some systemic absorption and potentially may also interact.",PD,B,,,,,,False
P0063,T33,PD_overlap,DB00358,Mefloquine,DB00489,Sotalol,The risk or severity of QTc prolongation can be decreased when is combined with,The risk or severity of QTc prolongation can be decreased when Mefloquine is combined with Sotalol.,"Class IA (e.g., disopyramide, quinidine, procainamide) and class III (e.g., amiodarone, dofetilide, sotalol) antiarrhythmic agents can cause dose-related prolongation of the QT interval. Theoretically, coadministration with other agents that can prolong the QT interval may result in additive effects and increased risk of ventricular arrhythmias including torsade de pointes and sudden death.",PD,B,,,,,,False
P0064,T49,PD_overlap,DB00755,Tretinoin,DB12035,Sarecycline,The risk or severity of pseudotumor cerebri can be increased when is combined with,The risk or severity of pseudotumor cerebri can be increased when Tretinoin is combined with Sarecycline.,"Concomitant use of vitamin A or related compounds (i.e., retinoids) with tetracyclines may increase the risk of pseudotumor cerebri, also known as benign intracranial hypertension. These agents individually have been associated with the development of pseudotumor cerebri and may have additive effects during coadministration. The interaction has been suspected in reported cases involving the use of isotretinoin or vitamin A in combination with a tetracycline.",PD,B,,,,,,False
P0065,T08,PK_overlap,DB01100,Pimozide,DB14975,Voxelotor,The serum concentration of can be increased when it is combined with,The serum concentration of Pimozide can be increased when it is combined with Voxelotor.,"Coadministration with potent inhibitors of CYP450 3A4 may significantly increase the plasma concentrations of pimozide, which is partially metabolized by the isoenzyme. The use of pimozide has been associated with dose-related prolongation of the QT interval, thus elevated plasma levels of the drug may potentiate the risk of ventricular arrhythmias such as ventricular tachycardia and torsade de pointes as well as cardiac arrest and sudden death.",PK,B,,,,,,False
P0066,T04,PK_overlap,DB00224,Indinavir,DB00346,Alfuzosin,The metabolism of can be decreased when combined with,The metabolism of Alfuzosin can be decreased when combined with Indinavir.,"Coadministration with potent inhibitors of CYP450 3A4 may significantly increase the plasma concentrations of alfuzosin, which is primarily metabolized by the isoenzyme. Severe hypotension and priapism may occur.",PK,A,Cytochrome P450 3A4,enzyme,inhibitor,substrate,Indinavir --[inhibitor]--> Cytochrome P450 3A4 --[substrate: metabolizes]--> Alfuzosin,True
P0067,T46,PD_overlap,DB00285,Venlafaxine,DB09080,Olodaterol,may increase the tachycardic activities of,Venlafaxine may increase the tachycardic activities of Olodaterol.,"Additive or synergistic effects on blood pressure and heart rate may occur when serotonin-norepinephrine reuptake inhibitors (SNRIs) are combined with sympathomimetic agents such as nasal decongestants, adrenergic bronchodilators, ophthalmic vasoconstrictors, and systemic vasopressors. The use of SNRIs alone has been associated with sustained increases in blood pressure and heart rate, and cases of elevated blood pressure requiring immediate treatment have been reported in postmarketing experience.",PD,B,,,,,,False
P0068,T05,PK_overlap,DB00361,Vinorelbine,DB01351,Amobarbital,The metabolism of can be increased when combined with,The metabolism of Vinorelbine can be increased when combined with Amobarbital.,"Coadministration with potent inducers of CYP450 3A4 and/or P-glycoprotein may significantly decrease the plasma concentrations of vinca alkaloids, which are substrates of both the hepatic microsomal isoenzyme and intracellular efflux transporter.",PK,B,,,,,,False
P0069,T24,PK_supp,DB01045,Rifampin,DB09053,Ibrutinib,The metabolism of can be increased when combined with Rifampicin,The metabolism of Ibrutinib can be increased when combined with Rifampicin.,,PK,A,Cytochrome P450 3A5,enzyme,inducer,substrate,Rifampin --[inducer]--> Cytochrome P450 3A5 --[substrate: metabolizes]--> Ibrutinib,True
P0070,T40,PD_overlap,DB00187,Esmolol,DB04946,Iloperidone,may increase the orthostatic hypotensive activities of,Esmolol may increase the orthostatic hypotensive activities of Iloperidone.,"Phenothiazines and neuroleptic agents may potentiate the hypotensive effect of some medications secondary to their peripheral alpha-1 adrenergic blocking activity. Orthostatic hypotension and syncope associated with vasodilation may occur, particularly during initial dosing and/or parenteral administration of the phenothiazine or neuroleptic.",PD,A,Beta-1 adrenergic receptor,target,antagonist,antagonist,Esmolol --[antagonist]--> Beta-1 adrenergic receptor <--[antagonist]-- Iloperidone,True
P0071,T36,PD_overlap,DB00539,Toremifene,DB00562,Benzthiazide,The risk or severity of hypercalcemia can be increased when is combined with,The risk or severity of hypercalcemia can be increased when Benzthiazide is combined with Toremifene.,"Drugs that decrease renal calcium excretion, such as the thiazide diuretics, may increase the risk of hypercalcemia in patients receiving toremifene.",PD,B,,,,,,False
P0072,T35,PD_overlap,DB00841,Dobutamine,DB00983,Formoterol,may increase the sympathomimetic activities of,Dobutamine may increase the sympathomimetic activities of Formoterol.,"Coadministration of beta-2 adrenergic agonists with other adrenergic agents may potentiate the risk of cardiovascular side effects. Beta-2 adrenergic agonists can produce clinically significant cardiovascular effects including increases in pulse rate and systolic or diastolic blood pressure as well as ECG changes such as flattening of the T wave, prolongation of the QTc interval, and ST segment depression. The risk is lower when beta-2 adrenergic agonists are inhaled at normally recommended dosages.",PD,A,Beta-1 adrenergic receptor,target,agonist,agonist,Dobutamine --[agonist]--> Beta-1 adrenergic receptor <--[agonist]-- Formoterol,True
P0073,T28,PD_overlap,DB00834,Mifepristone,DB01041,Thalidomide,may increase the thrombogenic activities of,Mifepristone may increase the thrombogenic activities of Thalidomide.,"Thalidomide can cause bradycardia and may have additive effects with other drugs that decrease heart rate. Cases of bradycardia have been associated with thalidomide use, some requiring medical interventions. The clinical significance and underlying etiology of the bradycardia observed with thalidomide treatment have not been established. However, the potential for additive bradycardic effects should be considered when used with other drugs that slow cardiac conduction such as beta-blockers, calcium channel blockers, digitalis, flecainide, moricizine, and propafenone. Non-cardiac drugs that may also cause bradycardia include atazanavir, lacosamide, lithium, mefloquine, succinylcholine, H2-receptor antagonists, tricyclic antidepressants, and anticholinesterase or cholinergic agents. Because bradycardia is a risk factor for torsade de pointes arrhythmia, concerns also exist when thalidomide is used with drugs that prolong the QT interval or cause torsade de pointes.",PD,B,,,,,,False
P0074,T30,PD_overlap,DB03619,Deoxycholic acid,DB09075,Edoxaban,The risk or severity of bleeding and bruising can be increased when is combined with,The risk or severity of bleeding and bruising can be increased when Edoxaban is combined with Deoxycholic acid.,"Coadministration with agents that alter hemostasis such as anticoagulants, platelet inhibitors, thrombin inhibitors, thrombolytics, or agents that commonly cause thrombocytopenia may increase the risk of submental hematoma or bruising in association with deoxycholic acid administration.",PD,B,,,,,,False
P0075,T32,PD_overlap,DB00584,Enalapril,DB06207,Silodosin,The risk or severity of orthostatic hypotension and dizziness can be increased when is combined with,The risk or severity of orthostatic hypotension and dizziness can be increased when Enalapril is combined with Silodosin.,"Additive hypotensive effects may occur when ACE inhibitors are used in combination with alpha-blockers. In the presence of ACE inhibition, the risk and/or severity of first-dose effects associated with alpha-blockers such as postural hypotension and syncope may be increased.",PD,B,,,,,,False
P0076,T31,PD_overlap,DB00146,Calcifediol,DB01396,Digitoxin,The risk or severity of ventricular arrhythmias and Cardiac Arrhythmia can be increased when is combined with,The risk or severity of ventricular arrhythmias and Cardiac Arrhythmia can be increased when Calcifediol is combined with Digitoxin.,"Excessive dosing of vitamin D can induce hypercalcemia, which may increase the risk of digitalis toxicity and serious arrhythmias due to additive inotropic effects.",PD,B,,,,,,False
P0077,T27,PD_overlap,DB00489,Sotalol,DB06709,Methacholine,may increase the bronchoconstrictory activities of,Sotalol may increase the bronchoconstrictory activities of Methacholine.,"Patients who are concurrently receiving beta blockers may have exaggerated or prolonged responses (i.e., bronchoconstriction) to methacholine challenge and may not respond readily to treatment. Beta-2-adrenergic blockade increases airway resistance. Ophthalmically applied beta blockers undergo some systemic absorption and potentially may also interact.",PD,B,,,,,,False
P0078,T07,PK_overlap,DB06016,Cariprazine,DB06119,Cenobamate,The serum concentration of can be decreased when it is combined with,The serum concentration of Cariprazine can be decreased when it is combined with Cenobamate.,"Coadministration with potent or moderate inducers of CYP450 3A4 is expected to alter the pharmacokinetics of cariprazine and its major active metabolites. Cariprazine is primarily metabolized by CYP450 3A4 and, to a lesser extent, by CYP450 2D6 to desmethyl cariprazine (DCAR) and didesmethyl cariprazine (DDCAR). DCAR is further metabolized to DDCAR by CYP450 3A4 and 2D6, and DDCAR is then metabolized by CYP450 3A4 to a hydroxylated metabolite. Both DCAR and DDCAR have in vitro receptor binding profiles similar to the parent drug and are considered pharmacologically equipotent to cariprazine.",PK,A,Cytochrome P450 3A5,enzyme,inducer,substrate,Cariprazine --[inducer]--> Cytochrome P450 3A5 --[substrate: metabolizes]--> Cenobamate,True
P0079,T46,PD_overlap,DB06700,Desvenlafaxine,DB09082,Vilanterol,may increase the tachycardic activities of,Desvenlafaxine may increase the tachycardic activities of Vilanterol.,"Additive or synergistic effects on blood pressure and heart rate may occur when serotonin-norepinephrine reuptake inhibitors (SNRIs) are combined with sympathomimetic agents such as nasal decongestants, adrenergic bronchodilators, ophthalmic vasoconstrictors, and systemic vasopressors.",PD,B,,,,,,False
P0080,T47,PD_overlap,DB00762,Irinotecan,DB08896,Regorafenib,The risk or severity of neutropenia can be increased when is combined with,The risk or severity of neutropenia can be increased when Regorafenib is combined with Irinotecan.,"Coadministration with inhibitors of CYP450 3A4 and/or UGT1A1 may increase the plasma concentrations of irinotecan and its active metabolite, SN-38. CYP450 3A4 and UGT1A1 are the isoenzymes responsible for the metabolic conversion of irinotecan to its inactive metabolite, APC. Inhibition of APC formation results in more irinotecan metabolism to SN-38, an active and toxic metabolite. High plasma levels of irinotecan and SN-38 may increase the risk of potentially fatal toxicities such as severe diarrhea, neutropenia, sepsis, and thromboembolism.",PD,B,,,,,,False
P0081,T16,PK_overlap,DB00277,Theophylline,DB00754,Ethotoin,may increase the excretion rate of which could result in a lower serum level and potentially a reduction in efficacy,Ethotoin may increase the excretion rate of Theophylline which could result in a lower serum level and potentially a reduction in efficacy.,"Phenytoin has been reported to increase the clearance of theophylline by 40% to 50%, presumably by enhancing the hepatic CYP450 metabolism of theophylline. Also, coadministration of theophylline has been reported to lower serum phenytoin concentrations. Other hydantoins and hepatically metabolized methylxanthines may also interact.",PK,B,,,,,,False
P0082,T09,PK_overlap,DB00372,Thiethylperazine,DB01242,Clomipramine,"The serum concentration of desmethyl, an active metabolite of , can be increased when used in combination with","The serum concentration of desmethylclomipramine, an active metabolite of Clomipramine, can be increased when used in combination with Thiethylperazine.","Coadministration of a phenothiazine with a tricyclic antidepressant (TCA) may result in elevated plasma concentrations of one or both drugs as well as additive adverse effects. Most phenothiazines and TCAs have been found to undergo metabolism by CYP450 2D6, thus competitive inhibition of the enzyme may occur when more than one of these agents are administered.",PK,B,,,,,,False
P0083,T48,PD_overlap,DB00443,Betamethasone,DB01016,Glyburide,The risk or severity of hyperglycemia can be increased when is combined with,The risk or severity of hyperglycemia can be increased when Betamethasone is combined with Glyburide.,"The efficacy of insulin and other antidiabetic agents may be diminished by certain drugs, including atypical antipsychotics, corticosteroids, diuretics, estrogens, gonadotropin-releasing hormone agonists, human growth hormone, phenothiazines, progestins, protease inhibitors, sympathomimetic amines, thyroid hormones, L-asparaginase, alpelisib, copanlisib, danazol, diazoxide, isoniazid, megestrol, omacetaxine, phenytoin, tagraxofusp, temsirolimus, as well as pharmacologic dosages of nicotinic acid and adrenocorticotropic agents. These drugs may interfere with blood glucose control because they can cause hyperglycemia, glucose intolerance, new-onset diabetes mellitus, and/or exacerbation of preexisting diabetes.",PD,B,,,,,,False
P0084,T18,PK_supp,DB09149,Florbetapir F-18,DB09488,Acrivastine,Florbetapir (18F) may decrease the excretion rate of which could result in a higher serum level,Florbetapir (18F) may decrease the excretion rate of Acrivastine which could result in a higher serum level.,,PK,B,,,,,,False
P0085,T33,PD_overlap,DB00358,Mefloquine,DB01359,Penbutolol,The risk or severity of QTc prolongation can be decreased when is combined with,The risk or severity of QTc prolongation can be decreased when Mefloquine is combined with Penbutolol.,"Mefloquine is a myocardial depressant and can cause ECG abnormalities. Theoretically, coadministration with other agents that can affect cardiac conduction (e.g., antiarrhythmic agents, beta blockers, calcium channel blockers, certain antihistamines, tricyclic antidepressants, phenothiazines, some neuroleptics) may result in additive effects and increased risk of ventricular arrhythmias including ventricular tachycardia and torsade de pointes.",PD,B,,,,,,False
P0086,T10,PK_overlap,DB01255,Lisdexamfetamine,DB06708,Lumefantrine,"The serum concentration of dextroamphetamine, an active metabolite of , can be increased when used in combination with","The serum concentration of dextroamphetamine, an active metabolite of Lisdexamfetamine, can be increased when used in combination with Lumefantrine.","Artemether-lumefantrine may cause prolongation of the QT interval.  Theoretically, coadministration with other agents that can prolong the QT interval may result in additive effects and increased risk of ventricular arrhythmias including torsade de pointes and sudden death.",PK,B,,,,,,False
P0087,T19,PK_supp,DB09148,Florbetaben F-18,DB09477,Enalaprilat,Florbetaben (18F) may decrease the excretion rate of which could result in a higher serum level,Florbetaben (18F) may decrease the excretion rate of Enalaprilat which could result in a higher serum level.,,PK,B,,,,,,False
P0088,T42,PD_overlap,DB00443,Betamethasone,DB00573,Fenoprofen,The risk or severity of gastrointestinal irritation can be increased when is combined with,The risk or severity of gastrointestinal irritation can be increased when Betamethasone is combined with Fenoprofen.,"The combined use of corticosteroids and nonsteroidal anti-inflammatory drugs (NSAIDs) may increase the potential for serious gastrointestinal (GI) toxicity, including inflammation, bleeding, ulceration, and perforation.",PD,B,,,,,,False
P0089,T32,PD_overlap,DB01193,Acebutolol,DB06207,Silodosin,The risk or severity of orthostatic hypotension and dizziness can be increased when is combined with,The risk or severity of orthostatic hypotension and dizziness can be increased when Acebutolol is combined with Silodosin.,"Additive hypotensive effects may occur when beta-blockers are used in combination with alpha-blockers. In the presence of beta-blockade, the risk and/or severity of first-dose effects associated with alpha-blockers such as postural hypotension and syncope may be increased. Beta-blockers may also blunt the reflex tachycardia that occurs in response to postural hypotension. Theoretically, the interaction may also occur with beta-blocker ophthalmic preparations, since they may be systemically absorbed and can produce clinically significant systemic effects even at low or undetectable plasma levels.",PD,B,,,,,,False
P0090,T28,PD_overlap,DB00302,Tranexamic acid,DB09389,Norgestrel,may increase the thrombogenic activities of,Norgestrel may increase the thrombogenic activities of Tranexamic acid.,"There are no clinical data on the use of tranexamic acid in combination with hormonal contraceptives. Because tranexamic acid is an antifibrinolytic agent, concomitant use may further exacerbate the risk of thrombotic events, including venous thromboembolism as well as arterial thromboses such as stroke and myocardial infarction, associated with hormonal contraceptives. The risk is of particular concern in women who are obese or cigarette smokers, especially smokers over the age of 35. Women using hormonal contraception were generally excluded from clinical trials supporting the safety and efficacy of tranexamic acid for the treatment of menorrhagia (heavy menstrual bleeding). However, there have been postmarketing reports of venous and arterial thrombotic events in women who have used tranexamic acid during treatment with combination hormonal contraceptives.",PD,B,,,,,,False
P0091,T39,PD_overlap,DB00414,Acetohexamide,DB00451,Levothyroxine,The therapeutic efficacy of can be decreased when used in combination with,The therapeutic efficacy of Acetohexamide can be decreased when used in combination with Levothyroxine.,"The efficacy of insulin and other antidiabetic agents may be diminished by certain drugs, including atypical antipsychotics, corticosteroids, diuretics, estrogens, gonadotropin-releasing hormone agonists, human growth hormone, phenothiazines, progestins, protease inhibitors, sympathomimetic amines, thyroid hormones, L-asparaginase, alpelisib, copanlisib, danazol, diazoxide, isoniazid, megestrol, omacetaxine, phenytoin, tagraxofusp, temsirolimus, as well as pharmacologic dosages of nicotinic acid and adrenocorticotropic agents. These drugs may interfere with blood glucose control because they can cause hyperglycemia, glucose intolerance, new-onset diabetes mellitus, and/or exacerbation of preexisting diabetes.",PD,B,,,,,,False
P0092,T48,PD_overlap,DB00491,Miglitol,DB00687,Fludrocortisone,The risk or severity of hyperglycemia can be increased when is combined with,The risk or severity of hyperglycemia can be increased when Fludrocortisone is combined with Miglitol.,"The efficacy of insulin and other antidiabetic agents may be diminished by certain drugs, including atypical antipsychotics, corticosteroids, diuretics, estrogens, gonadotropin-releasing hormone agonists, human growth hormone, phenothiazines, progestins, protease inhibitors, sympathomimetic amines, thyroid hormones, L-asparaginase, alpelisib, copanlisib, danazol, diazoxide, isoniazid, megestrol, omacetaxine, phenytoin, tagraxofusp, temsirolimus, as well as pharmacologic dosages of nicotinic acid and adrenocorticotropic agents. These drugs may interfere with blood glucose control because they can cause hyperglycemia, glucose intolerance, new-onset diabetes mellitus, and/or exacerbation of preexisting diabetes.",PD,B,,,,,,False
P0093,T37,PD_overlap,DB00421,Spironolactone,DB00580,Valdecoxib,The risk or severity of hyperkalemia can be increased when is combined with,The risk or severity of hyperkalemia can be increased when Valdecoxib is combined with Spironolactone.,"Concomitant use of nonsteroidal anti-inflammatory drugs (NSAIDs) and diuretics may adversely affect renal function due to NSAID inhibition of the renal synthesis of prostaglandins that help maintain renal perfusion in dehydrated states. The risk may be increased in patients on dietary sodium restriction. At the same time, hypotensive effect of the diuretics may be reduced because inhibition of prostaglandins can lead to unopposed pressor activity and, consequently, elevation in blood pressure. Natriuretic and diuretic effects may also be reduced, as NSAIDs have been reported to cause sodium and water retention, which may account for the increased risk of congestive heart failure associated with the combination. NSAIDs may also increase the risk of hyperkalemia associated with potassium-sparing diuretics.",PD,B,,,,,,False
P0094,T33,PD_overlap,DB00358,Mefloquine,DB00612,Bisoprolol,The risk or severity of QTc prolongation can be decreased when is combined with,The risk or severity of QTc prolongation can be decreased when Mefloquine is combined with Bisoprolol.,"Mefloquine is a myocardial depressant and can cause ECG abnormalities. Theoretically, coadministration with other agents that can affect cardiac conduction (e.g., antiarrhythmic agents, beta blockers, calcium channel blockers, certain antihistamines, tricyclic antidepressants, phenothiazines, some neuroleptics) may result in additive effects and increased risk of ventricular arrhythmias including ventricular tachycardia and torsade de pointes.",PD,B,,,,,,False
P0095,T44,PD_overlap,DB00508,Triflupromazine,DB01255,Lisdexamfetamine,may decrease the stimulatory activities of,Triflupromazine may decrease the stimulatory activities of Lisdexamfetamine.,"Phenothiazines may antagonize the pharmacologic effects of amphetamine, amphetamine derivatives, and other centrally-acting sympathomimetic agents (i.e., CNS stimulants). Conversely, these agents may diminish the neuroleptic efficacy of phenothiazines. The exact mechanism of interaction is unknown but may involve opposing effects on dopaminergic activity.",PD,B,,,,,,False
P0096,T35,PD_overlap,DB00816,Orciprenaline,DB00983,Formoterol,may increase the sympathomimetic activities of,Orciprenaline may increase the sympathomimetic activities of Formoterol.,"Coadministration of beta-2 adrenergic agonists with other adrenergic agents may potentiate the risk of cardiovascular side effects. Beta-2 adrenergic agonists can produce clinically significant cardiovascular effects including increases in pulse rate and systolic or diastolic blood pressure as well as ECG changes such as flattening of the T wave, prolongation of the QTc interval, and ST segment depression. The risk is lower when beta-2 adrenergic agonists are inhaled at normally recommended dosages.",PD,A,Beta-2 adrenergic receptor,target,agonist,agonist,Orciprenaline --[agonist]--> Beta-2 adrenergic receptor <--[agonist]-- Formoterol,True
P0097,T09,PK_overlap,DB00420,Promazine,DB01242,Clomipramine,"The serum concentration of desmethyl, an active metabolite of , can be increased when used in combination with","The serum concentration of desmethylclomipramine, an active metabolite of Clomipramine, can be increased when used in combination with Promazine.","Coadministration of a phenothiazine with a tricyclic antidepressant (TCA) may result in elevated plasma concentrations of one or both drugs as well as additive adverse effects. Most phenothiazines and TCAs have been found to undergo metabolism by CYP450 2D6, thus competitive inhibition of the enzyme may occur when more than one of these agents are administered.",PK,A,Cytochrome P450 2D6,enzyme,substrate,inhibitor,Clomipramine --[inhibitor]--> Cytochrome P450 2D6 --[substrate: metabolizes]--> Promazine,True
P0098,T08,PK_overlap,DB00502,Haloperidol,DB09065,Cobicistat,The serum concentration of can be increased when it is combined with,The serum concentration of Haloperidol can be increased when it is combined with Cobicistat.,Coadministration with cobicistat may increase the plasma concentrations of drugs that are substrates of the CYP450 3A4 or 2D6 isoenzymes and/or P-glycoprotein (P-gp) efflux transporter.,PK,A,Cytochrome P450 2D6,enzyme,substrate,inhibitor,Cobicistat --[inhibitor]--> Cytochrome P450 2D6 --[substrate: metabolizes]--> Haloperidol,True
P0099,T44,PD_overlap,DB00191,Phentermine,DB00623,Fluphenazine,may decrease the stimulatory activities of,Fluphenazine may decrease the stimulatory activities of Phentermine.,"Phenothiazines may antagonize the pharmacologic effects of amphetamine, amphetamine derivatives, and other centrally-acting sympathomimetic agents (i.e., CNS stimulants). Conversely, these agents may diminish the neuroleptic efficacy of phenothiazines. The exact mechanism of interaction is unknown but may involve opposing effects on dopaminergic activity.",PD,B,,,,,,False
P0100,T02,PK_overlap,DB00196,Fluconazole,DB01395,Drospirenone,The bioavailability of can be increased when combined with,The bioavailability of Drospirenone can be increased when combined with Fluconazole.,Azole antifungal agents may increase the plasma concentrations of estrogens and progestins. The mechanism is decreased clearance of the hormones due to inhibition of CYP450 3A4 activity by azole antifungals.,PK,A,Cytochrome P450 3A4,enzyme,inhibitor,substrate,Fluconazole --[inhibitor]--> Cytochrome P450 3A4 --[substrate: metabolizes]--> Drospirenone,True
P0101,T25,PK_supp,DB00384,Triamterene,DB09149,Florbetapir F-18,may decrease the excretion rate of Florbetapir (18F) which could result in a higher serum level,Triamterene may decrease the excretion rate of Florbetapir (18F) which could result in a higher serum level.,,PK,B,,,,,,False
P0102,T44,PD_overlap,DB00933,Mesoridazine,DB01579,Phendimetrazine,may decrease the stimulatory activities of,Mesoridazine may decrease the stimulatory activities of Phendimetrazine.,"Phenothiazines may antagonize the pharmacologic effects of amphetamine, amphetamine derivatives, and other centrally-acting sympathomimetic agents (i.e., CNS stimulants). Conversely, these agents may diminish the neuroleptic efficacy of phenothiazines. The exact mechanism of interaction is unknown but may involve opposing effects on dopaminergic activity.",PD,B,,,,,,False
P0103,T02,PK_overlap,DB00727,Nitroglycerin,DB01200,Bromocriptine,The bioavailability of can be increased when combined with,The bioavailability of Bromocriptine can be increased when combined with Nitroglycerin.,"Ergot alkaloids, by causing vasoconstriction, may theoretically antagonize the effects of nitrates. In addition, nitrates may increase splanchnic blood flow, resulting in decreased first-pass metabolism of dihydroergotamine and increased bioavailability.",PK,B,,,,,,False
P0104,T33,PD_overlap,DB00187,Esmolol,DB00358,Mefloquine,The risk or severity of QTc prolongation can be decreased when is combined with,The risk or severity of QTc prolongation can be decreased when Mefloquine is combined with Esmolol.,"Mefloquine is a myocardial depressant and can cause ECG abnormalities. Theoretically, coadministration with other agents that can affect cardiac conduction (e.g., antiarrhythmic agents, beta blockers, calcium channel blockers, certain antihistamines, tricyclic antidepressants, phenothiazines, some neuroleptics) may result in additive effects and increased risk of ventricular arrhythmias including ventricular tachycardia and torsade de pointes.",PD,B,,,,,,False
P0105,T34,PD_overlap,DB00818,Propofol,DB09082,Vilanterol,The risk or severity of QTc prolongation and ventricular arrhythmias can be increased when is combined with,The risk or severity of QTc prolongation and ventricular arrhythmias can be increased when Vilanterol is combined with Propofol.,"Beta-2 adrenergic agonists can cause dose-related prolongation of the QT interval and potassium loss.  Theoretically, coadministration with other agents that can prolong the QT interval may result in additive effects and increased risk of ventricular arrhythmias including torsade de pointes and sudden death.",PD,B,,,,,,False
P0106,T06,PK_overlap,DB00839,Tolazamide,DB01050,Ibuprofen,The protein binding of can be decreased when combined with,The protein binding of Tolazamide can be decreased when combined with Ibuprofen.,"The hypoglycemic effect of insulin secretagogues (e.g., sulfonylureas, meglitinides) may be potentiated by certain drugs, including ACE inhibitors, 4-aminoquinolines, amylin analogs, anabolic steroids, fibrates, monoamine oxidase inhibitors (MAOIs, including linezolid), nonsteroidal anti-inflammatory drugs (NSAIDs), salicylates, selective serotonin reuptake inhibitors (SSRIs), sulfonamides, disopyramide, propoxyphene, quinine, quinidine, and ginseng. These drugs may increase the risk of hypoglycemia by enhancing insulin sensitivity (ACE inhibitors, fibrates, ginseng); stimulating insulin secretion (salicylates, NSAIDs, disopyramide, quinine, quinidine, MAOIs, ginseng); decreasing insulin clearance and resistance (4-aminoquinolines); increasing peripheral glucose utilization (SSRIs, insulin-like growth factor); inhibiting gluconeogenesis (SSRIs, MAOIs, insulin-like growth factor); slowing the rate of gastric emptying (amylin analogs); and/or suppressing postprandial glucagon secretion (amylin analogs). Or, they may increase plasma concentration of insulin secretagogues by displacing them from plasma protein binding sites and/or inhibiting their metabolism (fibrates, NSAIDs, salicylates, sulfonamides).",PK,B,,,,,,False
P0107,T31,PD_overlap,DB00136,Calcitriol,DB00390,Digoxin,The risk or severity of ventricular arrhythmias and Cardiac Arrhythmia can be increased when is combined with,The risk or severity of ventricular arrhythmias and Cardiac Arrhythmia can be increased when Calcitriol is combined with Digoxin.,"Excessive dosing of vitamin D can induce hypercalcemia, which may increase the risk of digitalis toxicity and serious arrhythmias due to additive inotropic effects.",PD,B,,,,,,False
P0108,T23,PK_supp,DB01001,Albuterol,DB13954,Estradiol cypionate,Salbutamol may decrease the excretion rate of which could result in a higher serum level,Salbutamol may decrease the excretion rate of Estradiol cypionate which could result in a higher serum level.,,PK,B,,,,,,False
P0109,T34,PD_overlap,DB00207,Azithromycin,DB01100,Pimozide,The risk or severity of QTc prolongation and ventricular arrhythmias can be increased when is combined with,The risk or severity of QTc prolongation and ventricular arrhythmias can be increased when Azithromycin is combined with Pimozide.,"Coadministration with the ketolide, telithromycin, as well as certain macrolide antibiotics may increase the plasma concentrations of pimozide. The mechanism is inhibition of pimozide metabolism via CYP450 3A4. High plasma levels of pimozide have been associated with prolongation of the QT interval on the ECG; ventricular arrhythmias including ventricular tachycardia, ventricular fibrillation, and torsade de pointes; cardiac arrest; and sudden death. Macrolides that may significantly inhibit CYP450 3A4 include clarithromycin, erythromycin, and troleandomycin.",PD,B,,,,,,False
P0110,T14,PK_overlap,DB00338,Omeprazole,DB01319,Fosamprenavir,can cause a decrease in the absorption of resulting in a reduced serum concentration and potentially a decrease in efficacy,Omeprazole can cause a decrease in the absorption of Fosamprenavir resulting in a reduced serum concentration and potentially a decrease in efficacy.,"Coadministration with H2-receptor antagonists or proton pump inhibitors may decrease the oral bioavailability of amprenavir from its prodrug, fosamprenavir. It is possible that fosamprenavir solubility decreases with increasing pH, thus inhibition of gastric acid secretion may interfere with dissolution of the drug. Subtherapeutic antiretroviral drug levels may lead to reduced viral susceptibility and development of resistance.",PK,A,Cytochrome P450 3A4,enzyme,substrate,inhibitor,Fosamprenavir --[inhibitor]--> Cytochrome P450 3A4 --[substrate: metabolizes]--> Omeprazole,True
P0111,T14,PK_overlap,DB00705,Delavirdine,DB01129,Rabeprazole,can cause a decrease in the absorption of resulting in a reduced serum concentration and potentially a decrease in efficacy,Rabeprazole can cause a decrease in the absorption of Delavirdine resulting in a reduced serum concentration and potentially a decrease in efficacy.,"Theoretically, H2 antagonists and proton pump inhibitors may decrease the gastrointestinal absorption of delavirdine. The proposed mechanism is a pH-dependent reduction in drug dissolution or absorption.",PK,A,Cytochrome P450 2D6,enzyme,substrate,inhibitor,Rabeprazole --[inhibitor]--> Cytochrome P450 2D6 --[substrate: metabolizes]--> Delavirdine,True
P0112,T43,PD_overlap,DB04946,Iloperidone,DB06288,Amisulpride,may increase the antipsychotic activities of,Iloperidone may increase the antipsychotic activities of Amisulpride.,"Iloperidone may cause dose-related prolongation of the QT interval. Theoretically, coadministration with other agents that can prolong the QT interval may result in additive effects and increased risk of ventricular arrhythmias including torsade de pointes and sudden death.",PD,A,5-hydroxytryptamine receptor 7,target,antagonist,antagonist,Iloperidone --[antagonist]--> 5-hydroxytryptamine receptor 7 <--[antagonist]-- Amisulpride,True
P0113,T34,PD_overlap,DB00889,Granisetron,DB09082,Vilanterol,The risk or severity of QTc prolongation and ventricular arrhythmias can be increased when is combined with,The risk or severity of QTc prolongation and ventricular arrhythmias can be increased when Vilanterol is combined with Granisetron.,"Beta-2 adrenergic agonists can cause dose-related prolongation of the QT interval and potassium loss.  Theoretically, coadministration with other agents that can prolong the QT interval may result in additive effects and increased risk of ventricular arrhythmias including torsade de pointes and sudden death.",PD,B,,,,,,False
P0114,T03,PK_overlap,DB00879,Emtricitabine,DB12978,Pexidartinib,The excretion of can be decreased when combined with,The excretion of Emtricitabine can be decreased when combined with Pexidartinib.,"Serious cases of hepatotoxicity, some fatal, have occurred in patients treated with pexidartinib. Concomitant use of other potentially hepatotoxic agents may potentiate the risk of liver injury. The mechanism of hepatotoxicity is unknown, its occurrence cannot be predicted, and it is unknown whether liver injury occurs in the absence of increased transaminases.",PK,A,Multidrug and toxin extrusion protein 1,transporter,substrate,inhibitor,Pexidartinib --[inhibitor]--> Multidrug and toxin extrusion protein 1 --[substrate: transports]--> Emtricitabine,True
P0115,T47,PD_overlap,DB00363,Clozapine,DB00859,Penicillamine,The risk or severity of neutropenia can be increased when is combined with,The risk or severity of neutropenia can be increased when Penicillamine is combined with Clozapine.,Coadministration of clozapine with other agents that can cause neutropenia or agranulocytosis may increase the risk and/or severity of hematologic toxicity.,PD,B,,,,,,False
P0116,T29,PD_overlap,DB00285,Venlafaxine,DB00313,Valproic acid,The risk or severity of serotonin syndrome can be increased when is combined with,The risk or severity of serotonin syndrome can be increased when Valproic acid is combined with Venlafaxine.,"The efficacy of anticonvulsants may be diminished during coadministration with selective serotonin reuptake inhibitors (SSRIs) or serotonin-norepinephrine reuptake inhibitor (SNRIs). Antidepressants including SSRIs and SNRIs can reduce seizure threshold.Coadministration of SSRIs or SNRIs with some anticonvulsants, particularly carbamazepine, eslicarbazepine, oxcarbazepine and valproic acid, may increase the risk of hyponatremia. The risk appears to be dose-related, and elderly patients and patients who are volume depleted (e.g., diuretic use) may be at greater risk.",PD,B,,,,,,False
P0117,T25,PK_supp,DB00635,Prednisone,DB09149,Florbetapir F-18,may decrease the excretion rate of Florbetapir (18F) which could result in a higher serum level,Prednisone may decrease the excretion rate of Florbetapir (18F) which could result in a higher serum level.,,PK,B,,,,,,False
P0118,T24,PK_supp,DB00916,Metronidazole,DB01045,Rifampin,The metabolism of can be increased when combined with Rifampicin,The metabolism of Metronidazole can be increased when combined with Rifampicin.,,PK,A,UDP-glucuronosyltransferase 1A1,enzyme,substrate,inducer,Rifampin --[inducer]--> UDP-glucuronosyltransferase 1A1 --[substrate: metabolizes]--> Metronidazole,True
P0119,T12,PK_overlap,DB01026,Ketoconazole,DB06287,Temsirolimus,The serum concentration of the active metabolites of can be increased when is used in combination with,The serum concentration of the active metabolites of Temsirolimus can be increased when Temsirolimus is used in combination with Ketoconazole.,"Coadministration of temsirolimus with potent inhibitors of CYP450 3A4 may significantly increase the plasma concentrations of sirolimus, a major active metabolite of temsirolimus and known substrate of CYP450 3A4.",PK,A,Cytochrome P450 2D6,enzyme,inhibitor,inhibitor,Ketoconazole --[inhibitor]--> Cytochrome P450 2D6 <--[inhibitor]-- Temsirolimus,True
P0120,T05,PK_overlap,DB00564,Carbamazepine,DB08816,Ticagrelor,The metabolism of can be increased when combined with,The metabolism of Ticagrelor can be increased when combined with Carbamazepine.,"Coadministration with potent inducers of CYP450 3A4 may significantly decrease the plasma concentrations of ticagrelor, which is primarily metabolized by the isoenzyme.",PK,A,Cytochrome P450 3A5,enzyme,inducer,substrate,Carbamazepine --[inducer]--> Cytochrome P450 3A5 --[substrate: metabolizes]--> Ticagrelor,True
P0121,T23,PK_supp,DB01001,Albuterol,DB09136,Isosulfan blue,Salbutamol may decrease the excretion rate of which could result in a higher serum level,Salbutamol may decrease the excretion rate of Isosulfan blue which could result in a higher serum level.,,PK,B,,,,,,False
P0122,T18,PK_supp,DB09149,Florbetapir F-18,DB09320,Procaine benzylpenicillin,Florbetapir (18F) may decrease the excretion rate of which could result in a higher serum level,Florbetapir (18F) may decrease the excretion rate of Procaine benzylpenicillin which could result in a higher serum level.,,PK,B,,,,,,False
P0123,T33,PD_overlap,DB00358,Mefloquine,DB01193,Acebutolol,The risk or severity of QTc prolongation can be decreased when is combined with,The risk or severity of QTc prolongation can be decreased when Mefloquine is combined with Acebutolol.,"Mefloquine is a myocardial depressant and can cause ECG abnormalities. Theoretically, coadministration with other agents that can affect cardiac conduction (e.g., antiarrhythmic agents, beta blockers, calcium channel blockers, certain antihistamines, tricyclic antidepressants, phenothiazines, some neuroleptics) may result in additive effects and increased risk of ventricular arrhythmias including ventricular tachycardia and torsade de pointes.",PD,B,,,,,,False
P0124,T16,PK_overlap,DB00321,Amitriptyline,DB00594,Amiloride,may increase the excretion rate of which could result in a lower serum level and potentially a reduction in efficacy,Amiloride may increase the excretion rate of Amitriptyline which could result in a lower serum level and potentially a reduction in efficacy.,"Many psychotherapeutic and CNS-active agents (e.g., anxiolytics, sedatives, hypnotics, antidepressants, antipsychotics, opioids, alcohol, muscle relaxants) exhibit hypotensive effects, especially during initiation of therapy and dose escalation. Coadministration with antihypertensives and other hypotensive agents, in particular vasodilators and alpha-blockers, may result in additive effects on blood pressure and orthostasis.",PK,B,,,,,,False
P0125,T24,PK_supp,DB01045,Rifampin,DB11636,Nomegestrol,The metabolism of can be increased when combined with Rifampicin,The metabolism of Nomegestrol can be increased when combined with Rifampicin.,,PK,A,Cytochrome P450 3A4,enzyme,inducer,substrate,Rifampin --[inducer]--> Cytochrome P450 3A4 --[substrate: metabolizes]--> Nomegestrol,True
P0126,T23,PK_supp,DB01001,Albuterol,DB13156,Inosine pranobex,Salbutamol may decrease the excretion rate of which could result in a higher serum level,Salbutamol may decrease the excretion rate of Inosine pranobex which could result in a higher serum level.,,PK,B,,,,,,False
P0127,T42,PD_overlap,DB00860,Prednisolone,DB00991,Oxaprozin,The risk or severity of gastrointestinal irritation can be increased when is combined with,The risk or severity of gastrointestinal irritation can be increased when Prednisolone is combined with Oxaprozin.,"The combined use of corticosteroids and nonsteroidal anti-inflammatory drugs (NSAIDs) may increase the potential for serious gastrointestinal (GI) toxicity, including inflammation, bleeding, ulceration, and perforation.",PD,B,,,,,,False
P0128,T21,PK_supp,DB00091,Cyclosporine,DB06791,Lanreotide,The bioavailability of can be decreased when combined with,The bioavailability of Cyclosporine can be decreased when combined with Lanreotide.,Coadministration with somatostatin analogs may decrease the blood concentrations of cyclosporine. The mechanism of interaction is unknown but may involve reduction of intestinal absorption of cyclosporine.,PK,A,Cytochrome P450 3A4,enzyme,substrate,inhibitor,Lanreotide --[inhibitor]--> Cytochrome P450 3A4 --[substrate: metabolizes]--> Cyclosporine,True
P0129,T13,PK_overlap,DB00703,Methazolamide,DB06799,Methenamine,The serum concentration of the active metabolites of can be reduced when is used in combination with resulting in a loss in efficacy,The serum concentration of the active metabolites of Methenamine can be reduced when Methenamine is used in combination with Methazolamide resulting in a loss in efficacy.,"Agents that can alkalinize the urine such as thiazide diuretics, carbonic anhydrase inhibitors, and antacids may decrease the antibacterial effectiveness of methenamine by inhibiting its conversion to formaldehyde. Methenamine is most effectively converted in an acidic milieu of pH less than 5.5.",PK,B,,,,,,False
P0130,T33,PD_overlap,DB00358,Mefloquine,DB00598,Labetalol,The risk or severity of QTc prolongation can be decreased when is combined with,The risk or severity of QTc prolongation can be decreased when Mefloquine is combined with Labetalol.,"Mefloquine is a myocardial depressant and can cause ECG abnormalities. Theoretically, coadministration with other agents that can affect cardiac conduction (e.g., antiarrhythmic agents, beta blockers, calcium channel blockers, certain antihistamines, tricyclic antidepressants, phenothiazines, some neuroleptics) may result in additive effects and increased risk of ventricular arrhythmias including ventricular tachycardia and torsade de pointes.",PD,B,,,,,,False
P0131,T04,PK_overlap,DB00705,Delavirdine,DB12267,Brigatinib,The metabolism of can be decreased when combined with,The metabolism of Brigatinib can be decreased when combined with Delavirdine.,"Coadministration with potent inhibitors of CYP450 3A4 may significantly increase the plasma concentrations of brigatinib, which is partially metabolized by the isoenzyme.",PK,A,Cytochrome P450 3A4,enzyme,inhibitor,substrate,Delavirdine --[inhibitor]--> Cytochrome P450 3A4 --[substrate: metabolizes]--> Brigatinib,True
P0132,T12,PK_overlap,DB01012,Cinacalcet,DB12161,Deutetrabenazine,The serum concentration of the active metabolites of can be increased when is used in combination with,The serum concentration of the active metabolites of Deutetrabenazine can be increased when Deutetrabenazine is used in combination with Cinacalcet.,"Deutetrabenazine has been associated with modest QT prolongation. Coadministration with a strong CYP450 2D6 inhibitor may increase the plasma concentrations of the pharmacologically active dihydro-metabolites of deutetrabenazine, alfa- and beta-HTBZ (dihydrotetrabenazine), which may increase the risk of adverse effects, including somnolence, clinically relevant QT interval prolongation, parkinsonism, akathisia, neuroleptic malignant syndrome, depression, and suicidality.",PK,A,Cytochrome P450 2D6,enzyme,inhibitor,substrate,Cinacalcet --[inhibitor]--> Cytochrome P450 2D6 --[substrate: metabolizes]--> Deutetrabenazine,True
P0133,T48,PD_overlap,DB00280,Disopyramide,DB00687,Fludrocortisone,The risk or severity of hyperglycemia can be increased when is combined with,The risk or severity of hyperglycemia can be increased when Fludrocortisone is combined with Disopyramide.,"Disopyramide can cause dose-related prolongation of the QT interval. Theoretically, coadministration with agents that can produce hypokalemia and/or hypomagnesemia (e.g., potassium-wasting diuretics, amphotericin B, cation exchange resins, stimulant laxatives) may result in elevated risk of ventricular arrhythmias, including ventricular tachycardia and torsades de pointes, because of additive arrhythmogenic potential.",PD,B,,,,,,False
P0134,T28,PD_overlap,DB01041,Thalidomide,DB01395,Drospirenone,may increase the thrombogenic activities of,Drospirenone may increase the thrombogenic activities of Thalidomide.,"Concomitant treatment with agents that can cause thrombosis such as estrogens may potentiate the risk of venous thromboembolic events associated with the use of thalidomide. When used in multiple myeloma, there is an increased risk of venous thromboembolism such as deep venous thrombosis and pulmonary embolism. This risk increases significantly when thalidomide is combined with standard chemotherapeutic agents and/or steroids.",PD,B,,,,,,False
P0135,T15,PK_overlap,DB00186,Lorazepam,DB00887,Bumetanide,may decrease the excretion rate of which could result in a higher serum level,Bumetanide may decrease the excretion rate of Lorazepam which could result in a higher serum level.,"Many psychotherapeutic and CNS-active agents (e.g., anxiolytics, sedatives, hypnotics, antidepressants, antipsychotics, opioids, alcohol, muscle relaxants) exhibit hypotensive effects, especially during initiation of therapy and dose escalation. Coadministration with antihypertensives and other hypotensive agents, in particular vasodilators and alpha-blockers, may result in additive effects on blood pressure and orthostasis.",PK,B,,,,,,False
P0136,T06,PK_overlap,DB00749,Etodolac,DB01067,Glipizide,The protein binding of can be decreased when combined with,The protein binding of Glipizide can be decreased when combined with Etodolac.,"The hypoglycemic effect of insulin secretagogues (e.g., sulfonylureas, meglitinides) may be potentiated by certain drugs, including ACE inhibitors, 4-aminoquinolines, amylin analogs, anabolic steroids, fibrates, monoamine oxidase inhibitors (MAOIs, including linezolid), nonsteroidal anti-inflammatory drugs (NSAIDs), salicylates, selective serotonin reuptake inhibitors (SSRIs), sulfonamides, disopyramide, propoxyphene, quinine, quinidine, and ginseng. These drugs may increase the risk of hypoglycemia by enhancing insulin sensitivity (ACE inhibitors, fibrates, ginseng); stimulating insulin secretion (salicylates, NSAIDs, disopyramide, quinine, quinidine, MAOIs, ginseng); decreasing insulin clearance and resistance (4-aminoquinolines); increasing peripheral glucose utilization (SSRIs, insulin-like growth factor); inhibiting gluconeogenesis (SSRIs, MAOIs, insulin-like growth factor); slowing the rate of gastric emptying (amylin analogs); and/or suppressing postprandial glucagon secretion (amylin analogs). Or, they may increase plasma concentration of insulin secretagogues by displacing them from plasma protein binding sites and/or inhibiting their metabolism (fibrates, NSAIDs, salicylates, sulfonamides).",PK,B,,,,,,False
P0137,T20,PK_supp,DB01327,Cefazolin,DB06710,Methyltestosterone,The excretion of can be increased when combined with,The excretion of Cefazolin can be increased when combined with Methyltestosterone.,,PK,B,,,,,,False
P0138,T03,PK_overlap,DB00703,Methazolamide,DB00908,Quinidine,The excretion of can be decreased when combined with,The excretion of Quinidine can be decreased when combined with Methazolamide.,"Coadministration with drugs that can increase urinary pH such as antacids, carbonic anhydrase inhibitors, or urinary alkalinizers may decrease the urinary excretion of quinidine. The proposed mechanism is increased renal tubular reabsorption due to reduced ionization of quinidine in alkaline urine.",PK,B,,,,,,False
P0139,T02,PK_overlap,DB00196,Fluconazole,DB00783,Estradiol,The bioavailability of can be increased when combined with,The bioavailability of Estradiol can be increased when combined with Fluconazole.,Azole antifungal agents may increase the plasma concentrations of estrogens and progestins. The mechanism is decreased clearance of the hormones due to inhibition of CYP450 3A4 activity by azole antifungals.,PK,A,Cytochrome P450 3A5,enzyme,inhibitor,substrate,Fluconazole --[inhibitor]--> Cytochrome P450 3A5 --[substrate: metabolizes]--> Estradiol,True
P0140,T27,PD_overlap,DB00335,Atenolol,DB06709,Methacholine,may increase the bronchoconstrictory activities of,Atenolol may increase the bronchoconstrictory activities of Methacholine.,"Patients who are concurrently receiving beta blockers may have exaggerated or prolonged responses (i.e., bronchoconstriction) to methacholine challenge and may not respond readily to treatment. Beta-2-adrenergic blockade increases airway resistance. Ophthalmically applied beta blockers undergo some systemic absorption and potentially may also interact.",PD,B,,,,,,False
P0141,T07,PK_overlap,DB00270,Isradipine,DB08912,Dabrafenib,The serum concentration of can be decreased when it is combined with,The serum concentration of Isradipine can be decreased when it is combined with Dabrafenib.,Coadministration with dabrafenib may decrease the plasma concentrations of drugs that are primarily metabolized by CYP450 3A4 and/or 2C9. Dabrafenib has been found in vitro to be an inducer of these isoenzymes.,PK,A,Cytochrome P450 3A4,enzyme,substrate,inhibitor,Dabrafenib --[inhibitor]--> Cytochrome P450 3A4 --[substrate: metabolizes]--> Isradipine,True
P0142,T21,PK_supp,DB00196,Fluconazole,DB00501,Cimetidine,The bioavailability of can be decreased when combined with,The bioavailability of Fluconazole can be decreased when combined with Cimetidine.,,PK,A,Cytochrome P450 3A5,enzyme,inhibitor,inhibitor,Fluconazole --[inhibitor]--> Cytochrome P450 3A5 <--[inhibitor]-- Cimetidine,True
P0143,T48,PD_overlap,DB00687,Fludrocortisone,DB00912,Repaglinide,The risk or severity of hyperglycemia can be increased when is combined with,The risk or severity of hyperglycemia can be increased when Fludrocortisone is combined with Repaglinide.,"The efficacy of insulin and other antidiabetic agents may be diminished by certain drugs, including atypical antipsychotics, corticosteroids, diuretics, estrogens, gonadotropin-releasing hormone agonists, human growth hormone, phenothiazines, progestins, protease inhibitors, sympathomimetic amines, thyroid hormones, L-asparaginase, alpelisib, copanlisib, danazol, diazoxide, isoniazid, megestrol, omacetaxine, phenytoin, tagraxofusp, temsirolimus, as well as pharmacologic dosages of nicotinic acid and adrenocorticotropic agents. These drugs may interfere with blood glucose control because they can cause hyperglycemia, glucose intolerance, new-onset diabetes mellitus, and/or exacerbation of preexisting diabetes.",PD,B,,,,,,False
P0144,T10,PK_overlap,DB01087,Primaquine,DB01255,Lisdexamfetamine,"The serum concentration of dextroamphetamine, an active metabolite of , can be increased when used in combination with","The serum concentration of dextroamphetamine, an active metabolite of Lisdexamfetamine, can be increased when used in combination with Primaquine.","Limited data suggests the lisdexamfetamine may rarely prolong the QT interval of the electrocardiogram in some patients. Theoretically, coadministration with other agents that can prolong the QT interval may result in additive effects and increased risk of ventricular arrhythmias including ventricular tachycardia, torsade de pointes, and sudden death.",PK,B,,,,,,False
P0145,T26,PD_overlap,DB00193,Tramadol,DB01579,Phendimetrazine,may increase the analgesic activities of,Phendimetrazine may increase the analgesic activities of Tramadol.,"The risk of seizures may be increased during coadministration of tramadol with any substance that can reduce the seizure threshold, such as selective serotonin reuptake inhibitors (SSRI antidepressants or anorectics), monoamine oxidase inhibitors, neuroleptic agents, central nervous system stimulants, opioids, tricyclic antidepressants, other tricyclic compounds (e.g., cyclobenzaprine, phenothiazines), carbapenems, cholinergic agents, fluoroquinolones, interferons, chloroquine, mefloquine, lindane, and theophylline. These agents are often individually epileptogenic and may have additive effects when combined. Many of these agents also exhibit CNS- and/or respiratory-depressant effects, which may be enhanced during their concomitant use with tramadol.",PD,B,,,,,,False
P0146,T27,PD_overlap,DB00264,Metoprolol,DB06709,Methacholine,may increase the bronchoconstrictory activities of,Metoprolol may increase the bronchoconstrictory activities of Methacholine.,"Patients who are concurrently receiving beta blockers may have exaggerated or prolonged responses (i.e., bronchoconstriction) to methacholine challenge and may not respond readily to treatment. Beta-2-adrenergic blockade increases airway resistance. Ophthalmically applied beta blockers undergo some systemic absorption and potentially may also interact.",PD,B,,,,,,False
P0147,T03,PK_overlap,DB01072,Atazanavir,DB11979,Elagolix,The excretion of can be decreased when combined with,The excretion of Elagolix can be decreased when combined with Atazanavir.,"Coadministration with potent inhibitors of CYP450 3A4 may significantly increase the plasma concentrations of elagolix, which is a substrate of the isoenzyme. Increased exposure to elagolix may increase the risk of serious adverse effects such as bone loss, suicidal ideation and behavior, exacerbation of mood disorders, and hepatic transaminase elevations.",PK,A,ATP-dependent translocase ABCB1,transporter,substrate,inhibitor,Elagolix --[inhibitor]--> ATP-dependent translocase ABCB1 --[substrate: transports]--> Atazanavir,True
P0148,T23,PK_supp,DB01001,Albuterol,DB08910,Pomalidomide,Salbutamol may decrease the excretion rate of which could result in a higher serum level,Salbutamol may decrease the excretion rate of Pomalidomide which could result in a higher serum level.,,PK,B,,,,,,False
P0149,T27,PD_overlap,DB01136,Carvedilol,DB06709,Methacholine,may increase the bronchoconstrictory activities of,Carvedilol may increase the bronchoconstrictory activities of Methacholine.,"Patients who are concurrently receiving beta blockers may have exaggerated or prolonged responses (i.e., bronchoconstriction) to methacholine challenge and may not respond readily to treatment. Beta-2-adrenergic blockade increases airway resistance. Ophthalmically applied beta blockers undergo some systemic absorption and potentially may also interact.",PD,B,,,,,,False
P0150,T43,PD_overlap,DB00831,Trifluoperazine,DB06288,Amisulpride,may increase the antipsychotic activities of,Trifluoperazine may increase the antipsychotic activities of Amisulpride.,"Amisulpride can cause dose- and concentration-dependent prolongation of the QT interval. Theoretically, coadministration with other agents that can prolong the QT interval may result in additive effects and increased risk of ventricular arrhythmias including torsade de pointes and sudden death.",PD,A,D(2) dopamine receptor,target,antagonist,antagonist,Trifluoperazine --[antagonist]--> D(2) dopamine receptor <--[antagonist]-- Amisulpride,True
P0151,T01,PK_overlap,DB00508,Triflupromazine,DB01235,Levodopa,The absorption of can be decreased when combined with,The absorption of Levodopa can be decreased when combined with Triflupromazine.,"Agents with central antidopaminergic activity such as phenothiazines, neuroleptics, and certain antiemetics may antagonize the pharmacologic effects of dopaminergic drugs, and vice versa. In addition, the central nervous system depressant and hypotensive effects of these agents may be additively or synergistically increased when taken together.",PK,B,,,,,,False
P0152,T12,PK_overlap,DB01403,Methotrimeprazine,DB12161,Deutetrabenazine,The serum concentration of the active metabolites of can be increased when is used in combination with,The serum concentration of the active metabolites of Deutetrabenazine can be increased when Deutetrabenazine is used in combination with Methotrimeprazine.,"Deutetrabenazine has been associated with modest QT prolongation. Coadministration with a strong CYP450 2D6 inhibitor may increase the plasma concentrations of the pharmacologically active dihydro-metabolites of deutetrabenazine, alfa- and beta-HTBZ (dihydrotetrabenazine), which may increase the risk of adverse effects, including somnolence, clinically relevant QT interval prolongation, parkinsonism, akathisia, neuroleptic malignant syndrome, depression, and suicidality.",PK,A,Cytochrome P450 2D6,enzyme,inhibitor,substrate,Methotrimeprazine --[inhibitor]--> Cytochrome P450 2D6 --[substrate: metabolizes]--> Deutetrabenazine,True
P0153,T05,PK_overlap,DB01174,Phenobarbital,DB11800,Tivozanib,The metabolism of can be increased when combined with,The metabolism of Tivozanib can be increased when combined with Phenobarbital.,"Coadministration of tivozanib with strong CYP450 3A4 inducers may decrease the plasma concentrations and therapeutic effects of tivozanib, which has been shown to be a substrate of the isoenzyme.",PK,A,Cytochrome P450 3A4,enzyme,inducer,substrate,Phenobarbital --[inducer]--> Cytochrome P450 3A4 --[substrate: metabolizes]--> Tivozanib,True
P0154,T02,PK_overlap,DB00353,Methylergometrine,DB00727,Nitroglycerin,The bioavailability of can be increased when combined with,The bioavailability of Methylergometrine can be increased when combined with Nitroglycerin.,"Ergot alkaloids, by causing vasoconstriction, may theoretically antagonize the effects of nitrates. In addition, nitrates may increase splanchnic blood flow, resulting in decreased first-pass metabolism of dihydroergotamine and increased bioavailability.",PK,B,,,,,,False
P0155,T47,PD_overlap,DB00363,Clozapine,DB01262,Decitabine,The risk or severity of neutropenia can be increased when is combined with,The risk or severity of neutropenia can be increased when Decitabine is combined with Clozapine.,Coadministration of clozapine with other agents that can cause neutropenia or agranulocytosis may increase the risk and/or severity of hematologic toxicity.,PD,B,,,,,,False
P0156,T36,PD_overlap,DB00169,Cholecalciferol,DB01021,Trichlormethiazide,The risk or severity of hypercalcemia can be increased when is combined with,The risk or severity of hypercalcemia can be increased when Trichlormethiazide is combined with Cholecalciferol.,"Coadministration of thiazide diuretics with high dosages of calcium and/or vitamin D has been associated with reports of hypercalcemia in some patients. Thiazide diuretics inhibit the renal excretion of calcium and may also enhance responsiveness of bone and renal tubule to parathyroid hormone, thus concurrent use of large amounts of calcium or vitamin D can lead to excessively high plasma levels of calcium. Patients who are particularly susceptible include those with hyperparathyroidism, those being treated for osteoporosis, and those receiving high dosages of vitamin D for hypoparathyroidism. Metabolic alkalosis and the milk-alkali syndrome have been reported during prolonged therapy with thiazide diuretics and calcium.",PD,B,,,,,,False
P0157,T01,PK_overlap,DB00804,Dicyclomine,DB01235,Levodopa,The absorption of can be decreased when combined with,The absorption of Levodopa can be decreased when combined with Dicyclomine.,"Anticholinergic agents may decrease the absorption and oral bioavailability of levodopa. The proposed mechanism involves increased gastrointestinal transit time due to reduction of stomach and intestinal motility by anticholinergic agents, thereby increasing the gastric degradation of levodopa and reducing the amount available for absorption in the small intestine.",PK,B,,,,,,False
P0158,T22,PK_supp,DB01045,Rifampin,DB11757,Istradefylline,The serum concentration of can be decreased when it is combined with Rifampicin,The serum concentration of Istradefylline can be decreased when it is combined with Rifampicin.,,PK,A,Cytochrome P450 1A2,enzyme,inducer,substrate,Rifampin --[inducer]--> Cytochrome P450 1A2 --[substrate: metabolizes]--> Istradefylline,True
P0159,T41,PD_overlap,DB04843,Mepenzolate,DB06204,Tapentadol,The risk or severity of urinary retention and constipation can be increased when is combined with,The risk or severity of urinary retention and constipation can be increased when Mepenzolate is combined with Tapentadol.,"Coadministration of opioids with anticholinergic agents may result in additive central nervous system (CNS), gastrointestinal, and genitourinary effects. The risk and/or severity of adverse effects such as sedation, dizziness, confusion, cognitive and psychomotor impairment, dry mouth, constipation, and urinary retention may increase. Severe constipation may lead to paralytic ileus in some cases.",PD,B,,,,,,False
P0160,T07,PK_overlap,DB00651,Dyphylline,DB01064,Isoprenaline,The serum concentration of can be decreased when it is combined with,The serum concentration of Dyphylline can be decreased when it is combined with Isoprenaline.,"Concomitant use of beta-2 adrenergic agonists with theophylline may increase the risk and/or severity of hypokalemia and adverse cardiovascular effects such as palpitation, tachycardia, and blood pressure elevation. Adverse events, especially hypokalemia, may be more likely with systemic or nebulized formulations of beta-2 agonists or high dosages of theophylline. Beta-2 agonists can cause clinically significant but usually transient decreases in serum potassium concentrations, while hypokalemia associated with theophylline often occurs in toxicity. Pharmacokinetically, some beta-2 agonists given systemically may decrease the plasma concentrations of theophylline.",PK,B,,,,,,False
P0161,T12,PK_overlap,DB00701,Amprenavir,DB06414,Etravirine,The serum concentration of the active metabolites of can be increased when is used in combination with,The serum concentration of the active metabolites of Amprenavir can be increased when Amprenavir is used in combination with Etravirine.,"Coadministration of etravirine and protease inhibitors without concomitant ritonavir as a pharmacokinetic booster may produce significant alterations in plasma concentrations of the protease inhibitor. Etravirine is an inducer of CYP450 3A4 and inhibitor of CYP450 2C19 and 2C9, thus it may variously affect the metabolism and clearance of protease inhibitors. In unboosted pharmacokinetic regimens, etravirine has reduced plasma levels of atazanavir and indinavir and increased levels of amprenavir and nelfinavir. However, significant interactions affecting either etravirine and/or protease inhibitor plasma concentrations have also been observed with boosted regimens, including atazanavir/ritonavir, fosamprenavir/ritonavir, and tipranavir/ritonavir.",PK,A,Cytochrome P450 3A4,enzyme,substrate,inducer,Etravirine --[inducer]--> Cytochrome P450 3A4 --[substrate: metabolizes]--> Amprenavir,True
P0162,T32,PD_overlap,DB04861,Nebivolol,DB06207,Silodosin,The risk or severity of orthostatic hypotension and dizziness can be increased when is combined with,The risk or severity of orthostatic hypotension and dizziness can be increased when Nebivolol is combined with Silodosin.,"Additive hypotensive effects may occur when beta-blockers are used in combination with alpha-blockers. In the presence of beta-blockade, the risk and/or severity of first-dose effects associated with alpha-blockers such as postural hypotension and syncope may be increased. Beta-blockers may also blunt the reflex tachycardia that occurs in response to postural hypotension. Theoretically, the interaction may also occur with beta-blocker ophthalmic preparations, since they may be systemically absorbed and can produce clinically significant systemic effects even at low or undetectable plasma levels.",PD,B,,,,,,False
P0163,T43,PD_overlap,DB01403,Methotrimeprazine,DB06288,Amisulpride,may increase the antipsychotic activities of,Methotrimeprazine may increase the antipsychotic activities of Amisulpride.,"Amisulpride can cause dose- and concentration-dependent prolongation of the QT interval. Theoretically, coadministration with other agents that can prolong the QT interval may result in additive effects and increased risk of ventricular arrhythmias including torsade de pointes and sudden death.",PD,A,D(3) dopamine receptor,target,antagonist,antagonist,Methotrimeprazine --[antagonist]--> D(3) dopamine receptor <--[antagonist]-- Amisulpride,True
P0164,T03,PK_overlap,DB00319,Piperacillin,DB01032,Probenecid,The excretion of can be decreased when combined with,The excretion of Piperacillin can be decreased when combined with Probenecid.,"Probenecid may increase the plasma concentrations and half-lives of penicillins. The mechanism is competitive inhibition by probenecid of the renal tubular secretion of penicillins. While this interaction is often exploited to enhance the antibacterial effect of penicillins, toxicity may occur and should be considered if high penicillin dosages are administered intravenously.",PK,A,Organic anion transporter 3,transporter,substrate,inhibitor,Probenecid --[inhibitor]--> Organic anion transporter 3 --[substrate: transports]--> Piperacillin,True
P0165,T44,PD_overlap,DB00372,Thiethylperazine,DB00937,Diethylpropion,may decrease the stimulatory activities of,Thiethylperazine may decrease the stimulatory activities of Diethylpropion.,"Phenothiazines may antagonize the pharmacologic effects of amphetamine, amphetamine derivatives, and other centrally-acting sympathomimetic agents (i.e., CNS stimulants). Conversely, these agents may diminish the neuroleptic efficacy of phenothiazines. The exact mechanism of interaction is unknown but may involve opposing effects on dopaminergic activity.",PD,B,,,,,,False
P0166,T48,PD_overlap,DB00197,Troglitazone,DB00860,Prednisolone,The risk or severity of hyperglycemia can be increased when is combined with,The risk or severity of hyperglycemia can be increased when Prednisolone is combined with Troglitazone.,"The efficacy of insulin and other antidiabetic agents may be diminished by certain drugs, including atypical antipsychotics, corticosteroids, diuretics, estrogens, gonadotropin-releasing hormone agonists, human growth hormone, phenothiazines, progestins, protease inhibitors, sympathomimetic amines, thyroid hormones, L-asparaginase, alpelisib, copanlisib, danazol, diazoxide, isoniazid, megestrol, omacetaxine, phenytoin, tagraxofusp, temsirolimus, as well as pharmacologic dosages of nicotinic acid and adrenocorticotropic agents. These drugs may interfere with blood glucose control because they can cause hyperglycemia, glucose intolerance, new-onset diabetes mellitus, and/or exacerbation of preexisting diabetes.",PD,B,,,,,,False
P0167,T03,PK_overlap,DB00595,Oxytetracycline,DB00695,Furosemide,The excretion of can be decreased when combined with,The excretion of Oxytetracycline can be decreased when combined with Furosemide.,"The coadministration of diuretics and tetracyclines may result in decreased renal function manifested by increases in serum creatinine and blood urea nitrogen (BUN). Usually, no clinical intervention is necessary, unless decreases in renal function occur. If renal function deteriorates, discontinuation of one or both agents may be necessary.",PK,A,Organic anion transporter 3,transporter,substrate,inhibitor,Furosemide --[inhibitor]--> Organic anion transporter 3 --[substrate: transports]--> Oxytetracycline,True
P0168,T01,PK_overlap,DB01148,Flavoxate,DB01235,Levodopa,The absorption of can be decreased when combined with,The absorption of Levodopa can be decreased when combined with Flavoxate.,"Anticholinergic agents may decrease the absorption and oral bioavailability of levodopa. The proposed mechanism involves increased gastrointestinal transit time due to reduction of stomach and intestinal motility by anticholinergic agents, thereby increasing the gastric degradation of levodopa and reducing the amount available for absorption in the small intestine.",PK,B,,,,,,False
P0169,T46,PD_overlap,DB00285,Venlafaxine,DB06707,Levonordefrin,may increase the tachycardic activities of,Venlafaxine may increase the tachycardic activities of Levonordefrin.,"Additive or synergistic effects on blood pressure and heart rate may occur when serotonin-norepinephrine reuptake inhibitors (SNRIs) are combined with sympathomimetic agents such as nasal decongestants, adrenergic bronchodilators, ophthalmic vasoconstrictors, and systemic vasopressors.",PD,B,,,,,,False
P0170,T11,PK_overlap,DB00762,Irinotecan,DB01118,Amiodarone,The serum concentration of the active metabolites of can be decreased when is used in combination with,The serum concentration of the active metabolites of Irinotecan can be decreased when Irinotecan is used in combination with Amiodarone.,"Coadministration with inhibitors of CYP450 3A4 and/or UGT1A1 may increase the plasma concentrations of irinotecan and its active metabolite, SN-38. CYP450 3A4 and UGT1A1 are the isoenzymes responsible for the metabolic conversion of irinotecan to its inactive metabolite, APC. Inhibition of APC formation results in more irinotecan metabolism to SN-38, an active and toxic metabolite. High plasma levels of irinotecan and SN-38 may increase the risk of potentially fatal toxicities such as severe diarrhea, neutropenia, sepsis, and thromboembolism.",PK,A,Cytochrome P450 3A4,enzyme,substrate,inhibitor,Amiodarone --[inhibitor]--> Cytochrome P450 3A4 --[substrate: metabolizes]--> Irinotecan,True
P0171,T04,PK_overlap,DB01062,Oxybutynin,DB01203,Nadolol,The metabolism of can be decreased when combined with,The metabolism of Nadolol can be decreased when combined with Oxybutynin.,"Anticholinergic agents frequently cause drowsiness and other central nervous system-depressant effects that may be additive with those induced by beta blockers. In addition, these agents may increase heart rate and theoretically may counteract the bradycardic effects of beta blockers. Pharmacokinetically, anticholinergic agents may delay the gastrointestinal absorption of beta blockers and other drugs that are administered orally. The proposed mechanism involves increased gastrointestinal transit time due to reduction of stomach and intestinal motility by anticholinergic agents.",PK,B,,,,,,False
P0172,T16,PK_overlap,DB00285,Venlafaxine,DB00562,Benzthiazide,may increase the excretion rate of which could result in a lower serum level and potentially a reduction in efficacy,Benzthiazide may increase the excretion rate of Venlafaxine which could result in a lower serum level and potentially a reduction in efficacy.,"Coadministration with diuretics may potentiate the risk of hyponatremia associated with the use of selective serotonin reuptake inhibitors (SSRIs) and serotonin-norepinephrine reuptake inhibitors (SNRIs). Elderly patients and patients taking diuretics or who are otherwise volume-depleted may be at greater risk of developing hyponatremia with SSRIs and SNRIs. Antihypertensive agents such as diuretics may potentiate the orthostatic effect that is occasionally observed upon the initiation of SSRI or SNRI therapy. Syncope and orthostatic hypotension tend to occur within the first week of SNRI/SSRI therapy but can occur at any time during treatment, particularly after a dosage increase. The use of SSRIs or SNRIs may also cause sustained increases in blood pressure and heart rate, which may antagonize the therapeutic effects of antihypertensive medications.",PK,B,,,,,,False
P0173,T49,PD_overlap,DB00254,Doxycycline,DB00755,Tretinoin,The risk or severity of pseudotumor cerebri can be increased when is combined with,The risk or severity of pseudotumor cerebri can be increased when Tretinoin is combined with Doxycycline.,"Concomitant use of vitamin A or related compounds (i.e., retinoids) with tetracyclines may increase the risk of pseudotumor cerebri, also known as benign intracranial hypertension. These agents individually have been associated with the development of pseudotumor cerebri and may have additive effects during coadministration. The interaction has been suspected in reported cases involving the use of isotretinoin or vitamin A in combination with a tetracycline.",PD,B,,,,,,False
P0174,T12,PK_overlap,DB11963,Dacomitinib,DB12161,Deutetrabenazine,The serum concentration of the active metabolites of can be increased when is used in combination with,The serum concentration of the active metabolites of Deutetrabenazine can be increased when Deutetrabenazine is used in combination with Dacomitinib.,"Deutetrabenazine has been associated with modest QT prolongation. Coadministration with a strong CYP450 2D6 inhibitor may increase the plasma concentrations of the pharmacologically active dihydro-metabolites of deutetrabenazine, alfa- and beta-HTBZ (dihydrotetrabenazine), which may increase the risk of adverse effects, including somnolence, clinically relevant QT interval prolongation, parkinsonism, akathisia, neuroleptic malignant syndrome, depression, and suicidality.",PK,A,Cytochrome P450 2D6,enzyme,inhibitor,substrate,Dacomitinib --[inhibitor]--> Cytochrome P450 2D6 --[substrate: metabolizes]--> Deutetrabenazine,True
P0175,T12,PK_overlap,DB00273,Topiramate,DB01320,Fosphenytoin,The serum concentration of the active metabolites of can be increased when is used in combination with,The serum concentration of the active metabolites of Fosphenytoin can be increased when Fosphenytoin is used in combination with Topiramate.,"Topiramate administered with phenytoin has been reported to have led to a 25% increase in phenytoin plasma concentrations, particularly in those patients receiving phenytoin twice a day. Additionally, the concentration of topiramate decreased by 48%. Topiramate may decrease the metabolism of phenytoin (or other hydantoins) while hydantoins may increase the metabolism of topiramate.",PK,A,Cytochrome P450 3A4,enzyme,inducer,substrate,Topiramate --[inducer]--> Cytochrome P450 3A4 --[substrate: metabolizes]--> Fosphenytoin,True
P0176,T18,PK_supp,DB09149,Florbetapir F-18,DB12615,Plazomicin,Florbetapir (18F) may decrease the excretion rate of which could result in a higher serum level,Florbetapir (18F) may decrease the excretion rate of Plazomicin which could result in a higher serum level.,,PK,B,,,,,,False
P0177,T38,PD_overlap,DB00683,Midazolam,DB01221,Ketamine,The risk or severity of sedation and CNS depression can be increased when is combined with,The risk or severity of sedation and CNS depression can be increased when Midazolam is combined with Ketamine.,"Central nervous system- and/or respiratory-depressant effects may be additively or synergistically increased in patients taking multiple drugs that cause these effects, especially in elderly or debilitated patients.",PD,B,,,,,,False
P0178,T19,PK_supp,DB00314,Capreomycin,DB09148,Florbetaben F-18,Florbetaben (18F) may decrease the excretion rate of which could result in a higher serum level,Florbetaben (18F) may decrease the excretion rate of Capreomycin which could result in a higher serum level.,,PK,B,,,,,,False
P0179,T15,PK_overlap,DB00243,Ranolazine,DB01015,Sulfamethoxazole,may decrease the excretion rate of which could result in a higher serum level,Ranolazine may decrease the excretion rate of Sulfamethoxazole which could result in a higher serum level.,"Limited data suggest that sulfamethoxazole-trimethoprim (SMX-TMP) may rarely prolong the QT interval of the electrocardiogram. Theoretically, coadministration with other agents that can prolong the QT interval may result in additive effects and increased risk of ventricular arrhythmias including torsade de pointes and sudden death. There have been isolated reports of QT prolongation and ventricular arrhythmias occurring in patients treated with SMX-TMP intravenously. Patients should be advised to seek prompt medical attention if they experience symptoms that could indicate the occurrence of torsade de pointes such as dizziness, lightheadedness, fainting, palpitation, irregular heart rhythm, shortness of breath, or syncope.",PK,A,Bile salt export pump,transporter,substrate,inhibitor,Sulfamethoxazole --[inhibitor]--> Bile salt export pump --[substrate: transports]--> Ranolazine,True
P0180,T37,PD_overlap,DB00421,Spironolactone,DB00812,Phenylbutazone,The risk or severity of hyperkalemia can be increased when is combined with,The risk or severity of hyperkalemia can be increased when Phenylbutazone is combined with Spironolactone.,"Concomitant use of nonsteroidal anti-inflammatory drugs (NSAIDs) and diuretics may adversely affect renal function due to NSAID inhibition of the renal synthesis of prostaglandins that help maintain renal perfusion in dehydrated states. The risk may be increased in patients on dietary sodium restriction. At the same time, hypotensive effect of the diuretics may be reduced because inhibition of prostaglandins can lead to unopposed pressor activity and, consequently, elevation in blood pressure. Natriuretic and diuretic effects may also be reduced, as NSAIDs have been reported to cause sodium and water retention, which may account for the increased risk of congestive heart failure associated with the combination. NSAIDs may also increase the risk of hyperkalemia associated with potassium-sparing diuretics.",PD,B,,,,,,False
P0181,T40,PD_overlap,DB01088,Iloprost,DB01247,Isocarboxazid,may increase the orthostatic hypotensive activities of,Isocarboxazid may increase the orthostatic hypotensive activities of Iloprost.,"Monoamine oxidase inhibitors (MAOIs) may potentiate the hypotensive effect of some medications. MAOIs alone quite commonly produce orthostatic hypotension. This effect may stem from a gradual MAOI-induced accumulation of false neurotransmitters in peripheral adrenergic neurons that have minimal activity at alpha- and beta-adrenergic receptors, resulting in a functional block of sympathetic neurotransmission. The interaction has been reported with the concomitant use of beta-blockers.",PD,B,,,,,,False
P0182,T20,PK_supp,DB01324,Polythiazide,DB06710,Methyltestosterone,The excretion of can be increased when combined with,The excretion of Polythiazide can be increased when combined with Methyltestosterone.,,PK,A,Organic anion transporter 3,transporter,substrate,inducer,Methyltestosterone --[inducer]--> Organic anion transporter 3 --[substrate: transports]--> Polythiazide,True
P0183,T41,PD_overlap,DB00782,Propantheline,DB06204,Tapentadol,The risk or severity of urinary retention and constipation can be increased when is combined with,The risk or severity of urinary retention and constipation can be increased when Propantheline is combined with Tapentadol.,"Coadministration of opioids with anticholinergic agents may result in additive central nervous system (CNS), gastrointestinal, and genitourinary effects. The risk and/or severity of adverse effects such as sedation, dizziness, confusion, cognitive and psychomotor impairment, dry mouth, constipation, and urinary retention may increase. Severe constipation may lead to paralytic ileus in some cases.",PD,B,,,,,,False
P0184,T28,PD_overlap,DB00351,Megestrol acetate,DB01041,Thalidomide,may increase the thrombogenic activities of,Megestrol acetate may increase the thrombogenic activities of Thalidomide.,Coadministration of thalidomide with glucocorticoids and/or antineoplastic agents in the treatment of malignancy may potentiate the risk of thromboembolism. The exact mechanism is unknown but likely multifactorial.,PD,B,,,,,,False
P0185,T46,PD_overlap,DB01291,Pirbuterol,DB04896,Milnacipran,may increase the tachycardic activities of,Milnacipran may increase the tachycardic activities of Pirbuterol.,"Additive or synergistic effects on blood pressure and heart rate may occur when serotonin-norepinephrine reuptake inhibitors (SNRIs) are combined with sympathomimetic agents such as nasal decongestants, adrenergic bronchodilators, ophthalmic vasoconstrictors, and systemic vasopressors. The use of SNRIs alone has been associated with sustained increases in blood pressure and heart rate, and cases of elevated blood pressure requiring immediate treatment have been reported in postmarketing experience.",PD,B,,,,,,False
P0186,T15,PK_overlap,DB00580,Valdecoxib,DB00829,Diazepam,may decrease the excretion rate of which could result in a higher serum level,Valdecoxib may decrease the excretion rate of Diazepam which could result in a higher serum level.,"Coadministration with valdecoxib may increase the plasma concentrations of diazepam. The mechanism is valdecoxib inhibition of CYP450 2C19 and 3A4, the isoenzymes responsible for the metabolic clearance of diazepam. The pharmacokinetics of valdecoxib were not significantly affected.",PK,B,,,,,,False
P0187,T37,PD_overlap,DB00594,Amiloride,DB00722,Lisinopril,The risk or severity of hyperkalemia can be increased when is combined with,The risk or severity of hyperkalemia can be increased when Amiloride is combined with Lisinopril.,"Concomitant use of angiotensin converting enzyme (ACE) inhibitors and potassium-sparing diuretics may increase the risk of hyperkalemia. Inhibition of ACE results in decreased aldosterone secretion, which can lead to increases in serum potassium that may be additive with that induced by potassium-sparing diuretics. ACE inhibitors may also cause deterioration of renal function in patients with chronic heart failure, and the risk is increased if they are sodium-depleted or dehydrated after excessive diuresis.",PD,B,,,,,,False
P0188,T07,PK_overlap,DB06119,Cenobamate,DB12941,Darolutamide,The serum concentration of can be decreased when it is combined with,The serum concentration of Darolutamide can be decreased when it is combined with Cenobamate.,"Coadministration with inducers of CYP450 3A4 and/or P-glycoprotein (P-gp) may decrease the plasma concentrations of darolutamide, which is a substrate of both the isoenzyme and the efflux transporter.",PK,A,Cytochrome P450 3A4,enzyme,inhibitor,substrate,Cenobamate --[inhibitor]--> Cytochrome P450 3A4 --[substrate: metabolizes]--> Darolutamide,True
P0189,T22,PK_supp,DB01045,Rifampin,DB12548,Sparsentan,The serum concentration of can be decreased when it is combined with Rifampicin,The serum concentration of Sparsentan can be decreased when it is combined with Rifampicin.,,PK,A,Cytochrome P450 3A4,enzyme,inducer,substrate,Rifampin --[inducer]--> Cytochrome P450 3A4 --[substrate: metabolizes]--> Sparsentan,True
P0190,T17,PK_supp,DB00804,Dicyclomine,DB09148,Florbetaben F-18,may decrease the excretion rate of Florbetaben (18F) which could result in a higher serum level,Dicyclomine may decrease the excretion rate of Florbetaben (18F) which could result in a higher serum level.,,PK,B,,,,,,False
P0191,T50,PD_overlap,DB01242,Clomipramine,DB06654,Safinamide,may increase the serotonergic activities of,Safinamide may increase the serotonergic activities of Clomipramine.,"By inhibiting serotonin metabolism, monoamine oxidase inhibitors (MAOIs), including safinamide, may potentiate the pharmacologic activity of serotonergic agents including serotonin norepinephrine reuptake inhibitors (SNRIs), St. John's wort, cyclobenzaprine, trazodone, and tricyclic and tetracyclic antidepressants. The result may be an increased risk of serotonin syndrome, which is a rare but serious and potentially fatal condition thought to result from hyperstimulation of brainstem 5-HT1A and 2A receptors. Clinically, the interaction has been reported primarily in patients treated with MAOIs (including reversible, irreversible, selective, and nonselective) and tricyclic antidepressants, especially imipramine and clomipramine, which are the most potent serotonin reuptake inhibitors of the class. Symptoms of the serotonin syndrome may include mental status changes such as irritability, altered consciousness, confusion, hallucinations, and coma; autonomic dysfunction such as tachycardia, hyperthermia, diaphoresis, shivering, blood pressure lability, and mydriasis; neuromuscular abnormalities such as hyperreflexia, myoclonus, tremor, rigidity, and ataxia; and gastrointestinal symptoms such as abdominal cramping, nausea, vomiting, and diarrhea.",PD,B,,,,,,False
P0192,T38,PD_overlap,DB00628,Clorazepic acid,DB00683,Midazolam,The risk or severity of sedation and CNS depression can be increased when is combined with,The risk or severity of sedation and CNS depression can be increased when Midazolam is combined with Clorazepic acid.,"Central nervous system- and/or respiratory-depressant effects may be additively or synergistically increased in patients taking multiple drugs that cause these effects, especially in elderly or debilitated patients.",PD,A,GABA(A) Receptor,target,positive allosteric modulator,positive allosteric modulator,Clorazepic acid --[positive allosteric modulator]--> GABA(A) Receptor <--[positive allosteric modulator]-- Midazolam,True
P0193,T41,PD_overlap,DB00209,Trospium,DB06204,Tapentadol,The risk or severity of urinary retention and constipation can be increased when is combined with,The risk or severity of urinary retention and constipation can be increased when Trospium is combined with Tapentadol.,"Coadministration of opioids with anticholinergic agents may result in additive central nervous system (CNS), gastrointestinal, and genitourinary effects. The risk and/or severity of adverse effects such as sedation, dizziness, confusion, cognitive and psychomotor impairment, dry mouth, constipation, and urinary retention may increase. Severe constipation may lead to paralytic ileus in some cases.",PD,B,,,,,,False
P0194,T28,PD_overlap,DB00302,Tranexamic acid,DB00977,Ethinylestradiol,may increase the thrombogenic activities of,Ethinylestradiol may increase the thrombogenic activities of Tranexamic acid.,"There are no clinical data on the use of tranexamic acid in combination with hormonal contraceptives. Because tranexamic acid is an antifibrinolytic agent, concomitant use may further exacerbate the risk of thrombotic events, including venous thromboembolism as well as arterial thromboses such as stroke and myocardial infarction, associated with hormonal contraceptives. The risk is of particular concern in women who are obese or cigarette smokers, especially smokers over the age of 35. Women using hormonal contraception were generally excluded from clinical trials supporting the safety and efficacy of tranexamic acid for the treatment of menorrhagia (heavy menstrual bleeding). However, there have been postmarketing reports of venous and arterial thrombotic events in women who have used tranexamic acid during treatment with combination hormonal contraceptives.",PD,B,,,,,,False
P0195,T11,PK_overlap,DB00503,Ritonavir,DB00762,Irinotecan,The serum concentration of the active metabolites of can be decreased when is used in combination with,The serum concentration of the active metabolites of Irinotecan can be decreased when Irinotecan is used in combination with Ritonavir.,"Coadministration with potent inhibitors of CYP450 3A4 may significantly increase the plasma concentrations of irinotecan and its active metabolite, SN-38. CYP450 3A4 is the isoenzyme responsible for the metabolic conversion of irinotecan to its inactive metabolite, APC. Inhibition of APC formation results in more irinotecan metabolism to SN-38, an active and toxic metabolite. High plasma levels of irinotecan and SN-38 may increase the risk of potentially fatal toxicities such as severe diarrhea, neutropenia, sepsis, and thromboembolism.",PK,A,Cytochrome P450 3A5,enzyme,inhibitor,substrate,Ritonavir --[inhibitor]--> Cytochrome P450 3A5 --[substrate: metabolizes]--> Irinotecan,True
P0196,T25,PK_supp,DB00264,Metoprolol,DB09149,Florbetapir F-18,may decrease the excretion rate of Florbetapir (18F) which could result in a higher serum level,Metoprolol may decrease the excretion rate of Florbetapir (18F) which could result in a higher serum level.,,PK,B,,,,,,False
P0197,T15,PK_overlap,DB00706,Tamsulosin,DB00842,Oxazepam,may decrease the excretion rate of which could result in a higher serum level,Tamsulosin may decrease the excretion rate of Oxazepam which could result in a higher serum level.,"Many psychotherapeutic and CNS-active agents (e.g., anxiolytics, sedatives, hypnotics, antidepressants, antipsychotics, opioids, alcohol, muscle relaxants) exhibit hypotensive effects, especially during initiation of therapy and dose escalation. Coadministration with antihypertensives and other hypotensive agents, in particular vasodilators and alpha-blockers, may result in additive effects on blood pressure and orthostasis.",PK,B,,,,,,False
P0198,T10,PK_overlap,DB01255,Lisdexamfetamine,DB05812,Abiraterone,"The serum concentration of dextroamphetamine, an active metabolite of , can be increased when used in combination with","The serum concentration of dextroamphetamine, an active metabolite of Lisdexamfetamine, can be increased when used in combination with Abiraterone.","Long-term androgen deprivation therapy can prolong the QT interval. Theoretically, coadministration with other agents that can prolong the QT interval may result in additive effects and increased risk of ventricular arrhythmias including torsade de pointes and sudden death. In addition, the extent of drug-induced QT prolongation is dependent on the particular drug(s) involved and dosage(s) of the drug(s).",PK,B,,,,,,False
P0199,T16,PK_overlap,DB00703,Methazolamide,DB01149,Nefazodone,may increase the excretion rate of which could result in a lower serum level and potentially a reduction in efficacy,Methazolamide may increase the excretion rate of Nefazodone which could result in a lower serum level and potentially a reduction in efficacy.,Nefazodone may potentiate the hypotensive effect of many drugs including vasodilators and antihypertensive agents. Orthostatic hypotension may occur.,PK,B,,,,,,False
P0200,T37,PD_overlap,DB00594,Amiloride,DB01197,Captopril,The risk or severity of hyperkalemia can be increased when is combined with,The risk or severity of hyperkalemia can be increased when Amiloride is combined with Captopril.,"Concomitant use of angiotensin converting enzyme (ACE) inhibitors and potassium-sparing diuretics may increase the risk of hyperkalemia. Inhibition of ACE results in decreased aldosterone secretion, which can lead to increases in serum potassium that may be additive with that induced by potassium-sparing diuretics. ACE inhibitors may also cause deterioration of renal function in patients with chronic heart failure, and the risk is increased if they are sodium-depleted or dehydrated after excessive diuresis.",PD,B,,,,,,False
P0201,T47,PD_overlap,DB00363,Clozapine,DB01073,Fludarabine,The risk or severity of neutropenia can be increased when is combined with,The risk or severity of neutropenia can be increased when Fludarabine is combined with Clozapine.,Coadministration of clozapine with other agents that can cause neutropenia or agranulocytosis may increase the risk and/or severity of hematologic toxicity.,PD,B,,,,,,False
P0202,T09,PK_overlap,DB00850,Perphenazine,DB01242,Clomipramine,"The serum concentration of desmethyl, an active metabolite of , can be increased when used in combination with","The serum concentration of desmethylclomipramine, an active metabolite of Clomipramine, can be increased when used in combination with Perphenazine.","Coadministration of a phenothiazine with a tricyclic antidepressant (TCA) may result in elevated plasma concentrations of one or both drugs as well as additive adverse effects. Most phenothiazines and TCAs have been found to undergo metabolism by CYP450 2D6, thus competitive inhibition of the enzyme may occur when more than one of these agents are administered.",PK,A,Cytochrome P450 2D6,enzyme,substrate,inhibitor,Clomipramine --[inhibitor]--> Cytochrome P450 2D6 --[substrate: metabolizes]--> Perphenazine,True
P0203,T25,PK_supp,DB00398,Sorafenib,DB09149,Florbetapir F-18,may decrease the excretion rate of Florbetapir (18F) which could result in a higher serum level,Sorafenib may decrease the excretion rate of Florbetapir (18F) which could result in a higher serum level.,,PK,B,,,,,,False
P0204,T17,PK_supp,DB01333,Cefradine,DB09148,Florbetaben F-18,may decrease the excretion rate of Florbetaben (18F) which could result in a higher serum level,Cefradine may decrease the excretion rate of Florbetaben (18F) which could result in a higher serum level.,,PK,B,,,,,,False
P0205,T17,PK_supp,DB00330,Ethambutol,DB09148,Florbetaben F-18,may decrease the excretion rate of Florbetaben (18F) which could result in a higher serum level,Ethambutol may decrease the excretion rate of Florbetaben (18F) which could result in a higher serum level.,,PK,B,,,,,,False
P0206,T20,PK_supp,DB06710,Methyltestosterone,DB16335,Sulopenem etzadroxil,The excretion of can be increased when combined with,The excretion of Sulopenem etzadroxil can be increased when combined with Methyltestosterone.,,PK,A,Organic anion transporter 3,transporter,inducer,substrate,Methyltestosterone --[inducer]--> Organic anion transporter 3 --[substrate: transports]--> Sulopenem etzadroxil,True
P0207,T23,PK_supp,DB01001,Albuterol,DB09133,Iothalamic acid,Salbutamol may decrease the excretion rate of which could result in a higher serum level,Salbutamol may decrease the excretion rate of Iothalamic acid which could result in a higher serum level.,,PK,B,,,,,,False
P0208,T08,PK_overlap,DB00530,Erlotinib,DB12070,Letermovir,The serum concentration of can be increased when it is combined with,The serum concentration of Erlotinib can be increased when it is combined with Letermovir.,"Coadministration with letermovir may increase the plasma concentrations of drugs that are substrates of CYP450 2C8, CYP450 3A4, and/or organic anion transporting polypeptide protein (OATP) 1B1 and 1B3. Letermovir has been shown to be a reversible inhibitor of CYP450 2C8 in vitro, although its effect on CYP450 2C8 substrates has not been evaluated clinically. Letermovir is also a time-dependent inhibitor and inducer of CYP450 3A4 in vitro.",PK,A,Cytochrome P450 2C8,enzyme,substrate,inhibitor,Letermovir --[inhibitor]--> Cytochrome P450 2C8 --[substrate: metabolizes]--> Erlotinib,True
P0209,T48,PD_overlap,DB00197,Troglitazone,DB11921,Deflazacort,The risk or severity of hyperglycemia can be increased when is combined with,The risk or severity of hyperglycemia can be increased when Deflazacort is combined with Troglitazone.,"The efficacy of insulin and other antidiabetic agents may be diminished by certain drugs, including atypical antipsychotics, corticosteroids, diuretics, estrogens, gonadotropin-releasing hormone agonists, human growth hormone, phenothiazines, progestins, protease inhibitors, sympathomimetic amines, thyroid hormones, L-asparaginase, alpelisib, copanlisib, danazol, diazoxide, isoniazid, megestrol, omacetaxine, phenytoin, tagraxofusp, temsirolimus, as well as pharmacologic dosages of nicotinic acid and adrenocorticotropic agents. These drugs may interfere with blood glucose control because they can cause hyperglycemia, glucose intolerance, new-onset diabetes mellitus, and/or exacerbation of preexisting diabetes.",PD,B,,,,,,False
P0210,T36,PD_overlap,DB00774,Hydroflumethiazide,DB06410,Doxercalciferol,The risk or severity of hypercalcemia can be increased when is combined with,The risk or severity of hypercalcemia can be increased when Hydroflumethiazide is combined with Doxercalciferol.,"Coadministration of thiazide diuretics with high dosages of calcium and/or vitamin D has been associated with reports of hypercalcemia in some patients. Thiazide diuretics inhibit the renal excretion of calcium and may also enhance responsiveness of bone and renal tubule to parathyroid hormone, thus concurrent use of large amounts of calcium or vitamin D can lead to excessively high plasma levels of calcium. Patients who are particularly susceptible include those with hyperparathyroidism, those being treated for osteoporosis, and those receiving high dosages of vitamin D for hypoparathyroidism. Metabolic alkalosis and the milk-alkali syndrome have been reported during prolonged therapy with thiazide diuretics and calcium.",PD,B,,,,,,False
P0211,T26,PD_overlap,DB00813,Fentanyl,DB01576,Dextroamphetamine,may increase the analgesic activities of,Dextroamphetamine may increase the analgesic activities of Fentanyl.,"Coadministration of amphetamines and amphetamine-like drugs with certain opioids or the synthetic opioid derivative, dextromethorphan, may increase the risk of serotonin syndrome. Dextromethorphan and some opioids, particularly those in the phenylpiperidine class, are weak serotonin reuptake inhibitors whose effects may be potentiated by amphetamines.",PD,B,,,,,,False
P0212,T12,PK_overlap,DB00285,Venlafaxine,DB01151,Desipramine,The serum concentration of the active metabolites of can be increased when is used in combination with,The serum concentration of the active metabolites of Desipramine can be increased when Desipramine is used in combination with Venlafaxine.,"Concomitant use of agents with serotonergic activity such as serotonin reuptake inhibitors, monoamine oxidase inhibitors, tricyclic antidepressants, 5-HT1 receptor agonists, ergot alkaloids, cyclobenzaprine, lithium, St. John's wort, phenylpiperidine opioids, dextromethorphan, and tryptophan may potentiate the risk of serotonin syndrome, which is a rare but serious and potentially fatal condition thought to result from hyperstimulation of brainstem 5-HT1A and 2A receptors. Symptoms of the serotonin syndrome may include mental status changes such as irritability, altered consciousness, confusion, hallucination, and coma; autonomic dysfunction such as tachycardia, hyperthermia, diaphoresis, shivering, blood pressure lability, and mydriasis; neuromuscular abnormalities such as hyperreflexia, myoclonus, tremor, rigidity, and ataxia; and gastrointestinal symptoms such as abdominal cramping, nausea, vomiting, and diarrhea.",PK,A,Cytochrome P450 2D6,enzyme,substrate,inhibitor,Desipramine --[inhibitor]--> Cytochrome P450 2D6 --[substrate: metabolizes]--> Venlafaxine,True
P0213,T32,PD_overlap,DB00691,Moexipril,DB06207,Silodosin,The risk or severity of orthostatic hypotension and dizziness can be increased when is combined with,The risk or severity of orthostatic hypotension and dizziness can be increased when Moexipril is combined with Silodosin.,"Additive hypotensive effects may occur when ACE inhibitors are used in combination with alpha-blockers. In the presence of ACE inhibition, the risk and/or severity of first-dose effects associated with alpha-blockers such as postural hypotension and syncope may be increased.",PD,B,,,,,,False
P0214,T30,PD_overlap,DB00682,Warfarin,DB06777,Chenodeoxycholic acid,The risk or severity of bleeding and bruising can be increased when is combined with,The risk or severity of bleeding and bruising can be increased when Warfarin is combined with Chenodeoxycholic acid.,"Due to its hepatotoxicity, chenodeoxycholic acid can affect the pharmacodynamics of coumarin derivatives, causing unexpected prolongation of the prothrombin time and increasing the risk of hemorrhages.",PD,B,,,,,,False
P0215,T26,PD_overlap,DB00652,Pentazocine,DB01577,Metamfetamine,may increase the analgesic activities of,Metamfetamine may increase the analgesic activities of Pentazocine.,"Coadministration of amphetamines and amphetamine-like drugs with certain opioids or the synthetic opioid derivative, dextromethorphan, may increase the risk of serotonin syndrome. Dextromethorphan and some opioids, particularly those in the phenylpiperidine class, are weak serotonin reuptake inhibitors whose effects may be potentiated by amphetamines.",PD,B,,,,,,False
P0216,T36,PD_overlap,DB00153,Ergocalciferol,DB01021,Trichlormethiazide,The risk or severity of hypercalcemia can be increased when is combined with,The risk or severity of hypercalcemia can be increased when Trichlormethiazide is combined with Ergocalciferol.,"Coadministration of thiazide diuretics with high dosages of calcium and/or vitamin D has been associated with reports of hypercalcemia in some patients. Thiazide diuretics inhibit the renal excretion of calcium and may also enhance responsiveness of bone and renal tubule to parathyroid hormone, thus concurrent use of large amounts of calcium or vitamin D can lead to excessively high plasma levels of calcium. Patients who are particularly susceptible include those with hyperparathyroidism, those being treated for osteoporosis, and those receiving high dosages of vitamin D for hypoparathyroidism. Metabolic alkalosis and the milk-alkali syndrome have been reported during prolonged therapy with thiazide diuretics and calcium.",PD,B,,,,,,False
P0217,T40,PD_overlap,DB00323,Tolcapone,DB09241,Methylene blue,may increase the orthostatic hypotensive activities of,Methylene blue may increase the orthostatic hypotensive activities of Tolcapone.,"Theoretically, coadministration of monoamine oxidase (MAO) inhibitors and catechol-O-methyltransferase (COMT) inhibitors may potentiate the risk of hypertensive crisis and serotonin syndrome, the latter of which is a rare but serious and potentially fatal condition thought to result from hyperstimulation of brainstem 5-HT1A and 2A receptors. MAO and COMT are the two major enzymatic pathways involved in the metabolism of catecholamines, thus inhibition of both systems may lead to excessive levels of norepinephrine and serotonin. Symptoms of the serotonin syndrome may include mental status changes such as irritability, altered consciousness, confusion, hallucination, and coma; autonomic dysfunction such as tachycardia, hyperthermia, diaphoresis, shivering, blood pressure lability, and mydriasis; neuromuscular abnormalities such as hyperreflexia, myoclonus, tremor, rigidity, and ataxia; and gastrointestinal symptoms such as abdominal cramping, nausea, vomiting, and diarrhea.",PD,B,,,,,,False
P0218,T23,PK_supp,DB01001,Albuterol,DB01129,Rabeprazole,Salbutamol may decrease the excretion rate of which could result in a higher serum level,Salbutamol may decrease the excretion rate of Rabeprazole which could result in a higher serum level.,,PK,B,,,,,,False
P0219,T36,PD_overlap,DB00146,Calcifediol,DB01324,Polythiazide,The risk or severity of hypercalcemia can be increased when is combined with,The risk or severity of hypercalcemia can be increased when Polythiazide is combined with Calcifediol.,"Coadministration of thiazide diuretics with high dosages of calcium and/or vitamin D has been associated with reports of hypercalcemia in some patients. Thiazide diuretics inhibit the renal excretion of calcium and may also enhance responsiveness of bone and renal tubule to parathyroid hormone, thus concurrent use of large amounts of calcium or vitamin D can lead to excessively high plasma levels of calcium. Patients who are particularly susceptible include those with hyperparathyroidism, those being treated for osteoporosis, and those receiving high dosages of vitamin D for hypoparathyroidism. Metabolic alkalosis and the milk-alkali syndrome have been reported during prolonged therapy with thiazide diuretics and calcium.",PD,B,,,,,,False
P0220,T24,PK_supp,DB00518,Albendazole,DB01045,Rifampin,The metabolism of can be increased when combined with Rifampicin,The metabolism of Albendazole can be increased when combined with Rifampicin.,,PK,A,Cytochrome P450 3A4,enzyme,substrate,inducer,Rifampin --[inducer]--> Cytochrome P450 3A4 --[substrate: metabolizes]--> Albendazole,True
P0221,T39,PD_overlap,DB00327,Hydromorphone,DB01183,Naloxone,The therapeutic efficacy of can be decreased when used in combination with,The therapeutic efficacy of Hydromorphone can be decreased when used in combination with Naloxone.,"This warning does not apply to the naloxone component in non-injectable formulations of naloxone-containing combination medicines. Naloxone injection is an antagonist that will reverse the actions of opiates. This reversal can occur when the opiate drug is being used clinically and when it is being abused. Physically dependent patients may experience withdrawal symptoms. Abrupt postoperative opioid reversal has resulted in hypotension, ventricular tachycardia and fibrillation, pulmonary edema, cardiac arrest, encephalopathy, and death.",PD,A,Delta-type opioid receptor,target,partial agonist,antagonist,Hydromorphone --[partial agonist]--> Delta-type opioid receptor <--[antagonist]-- Naloxone,True
P0222,T28,PD_overlap,DB00255,Diethylstilbestrol,DB01041,Thalidomide,may increase the thrombogenic activities of,Diethylstilbestrol may increase the thrombogenic activities of Thalidomide.,"Concomitant treatment with agents that can cause thrombosis such as erythropoiesis-stimulating agents, oestrogens, selective estrogen receptor modulators, or C1 esterase inhibitors may potentiate the risk of venous thromboembolic events associated with the use of thalidomide. When used in multiple myeloma, there is an increased risk of venous thromboembolism such as deep venous thrombosis and pulmonary embolism. This risk increases significantly when thalidomide is combined with standard chemotherapeutic agents and/or steroids.",PD,B,,,,,,False
P0223,T04,PK_overlap,DB00196,Fluconazole,DB00906,Tiagabine,The metabolism of can be decreased when combined with,The metabolism of Tiagabine can be decreased when combined with Fluconazole.,"Coadministration with fluconazole may increase the plasma concentrations of drugs that are substrates of CYP450 3A4. The mechanism is decreased clearance due to inhibition of CYP450 3A4-mediated metabolism by fluconazole, a moderate inhibitor of the isoenzyme.",PK,A,Cytochrome P450 3A4,enzyme,inhibitor,substrate,Fluconazole --[inhibitor]--> Cytochrome P450 3A4 --[substrate: metabolizes]--> Tiagabine,True
P0224,T20,PK_supp,DB02659,Cholic Acid,DB06626,Axitinib,The excretion of can be increased when combined with,The excretion of Axitinib can be increased when combined with Cholic Acid.,,PK,A,ATP-dependent translocase ABCB1,transporter,inducer,substrate,Cholic Acid --[inducer]--> ATP-dependent translocase ABCB1 --[substrate: transports]--> Axitinib,True
P0225,T14,PK_overlap,DB00736,Esomeprazole,DB11963,Dacomitinib,can cause a decrease in the absorption of resulting in a reduced serum concentration and potentially a decrease in efficacy,Esomeprazole can cause a decrease in the absorption of Dacomitinib resulting in a reduced serum concentration and potentially a decrease in efficacy.,Coadministration with proton pump inhibitors (PPIs) may decrease the plasma concentrations of dacomitinib. The proposed mechanism is a pH-dependent reduction in dissolution or absorption of dacomitinib due to prolonged gastric acid suppression induced by PPIs.,PK,A,ATP-dependent translocase ABCB1,transporter,substrate,inhibitor,Dacomitinib --[inhibitor]--> ATP-dependent translocase ABCB1 --[substrate: transports]--> Esomeprazole,True
P0226,T37,PD_overlap,DB00421,Spironolactone,DB00876,Eprosartan,The risk or severity of hyperkalemia can be increased when is combined with,The risk or severity of hyperkalemia can be increased when Eprosartan is combined with Spironolactone.,"Concomitant use of angiotensin II receptor blockers (ARBs) and potassium-sparing diuretics may increase the risk of hyperkalemia. Inhibition of angiotensin II results in decreased aldosterone secretion, which can lead to increases in serum potassium that may be additive with that induced by potassium-sparing diuretics. Life-threatening and fatal hyperkalemia can occur, especially when the combination is used in patients with risk factors such as renal impairment, diabetes, old age, severe or worsening heart failure, dehydration, and concomitant use of other agents that block the renin-angiotensin-aldosterone system or otherwise increase serum potassium levels.",PD,B,,,,,,False
P0227,T25,PK_supp,DB09149,Florbetapir F-18,DB13682,Cefpirome,may decrease the excretion rate of Florbetapir (18F) which could result in a higher serum level,Cefpirome may decrease the excretion rate of Florbetapir (18F) which could result in a higher serum level.,,PK,B,,,,,,False
P0228,T44,PD_overlap,DB00182,Amphetamine,DB00508,Triflupromazine,may decrease the stimulatory activities of,Triflupromazine may decrease the stimulatory activities of Amphetamine.,"Phenothiazines may antagonize the pharmacologic effects of amphetamine, amphetamine derivatives, and other centrally-acting sympathomimetic agents (i.e., CNS stimulants). Conversely, these agents may diminish the neuroleptic efficacy of phenothiazines. The exact mechanism of interaction is unknown but may involve opposing effects on dopaminergic activity.",PD,A,D(2) dopamine receptor,target,binder,antagonist,Amphetamine --[binder]--> D(2) dopamine receptor <--[antagonist]-- Triflupromazine,True
P0229,T29,PD_overlap,DB00715,Paroxetine,DB00918,Almotriptan,The risk or severity of serotonin syndrome can be increased when is combined with,The risk or severity of serotonin syndrome can be increased when Paroxetine is combined with Almotriptan.,"Concomitant use of agents with serotonergic activity such as serotonin reuptake inhibitors, monoamine oxidase inhibitors, tricyclic antidepressants, 5-HT1 receptor agonists, ergot alkaloids, cyclobenzaprine, lithium, St. John's wort, phenylpiperidine opioids, dextromethorphan, and tryptophan may potentiate the risk of serotonin syndrome, which is a rare but serious and potentially fatal condition thought to result from hyperstimulation of brainstem 5-HT1A and 2A receptors. Symptoms of the serotonin syndrome may include mental status changes such as irritability, altered consciousness, confusion, hallucination, and coma; autonomic dysfunction such as tachycardia, hyperthermia, diaphoresis, shivering, blood pressure lability, and mydriasis; neuromuscular abnormalities such as hyperreflexia, myoclonus, tremor, rigidity, and ataxia; and gastrointestinal symptoms such as abdominal cramping, nausea, vomiting, and diarrhea.",PD,B,,,,,,False
P0230,T06,PK_overlap,DB00252,Phenytoin,DB00451,Levothyroxine,The protein binding of can be decreased when combined with,The protein binding of Levothyroxine can be decreased when combined with Phenytoin.,"Carbamazepine and phenytoin may decrease exogenous thyroid plasma concentrations resulting in elevated thyroid stimulating hormone (TSH) and possible exacerbation of hypothyroidism. The mechanism may be induction of hepatic CYP450 enzymes responsible for thyroxine (T4) and triiodothyronine (T3) metabolism. In addition, T3 and T4 may be displaced from thyroxine binding globulin by phenytoin. Clinical data are limited.",PK,B,,,,,,False
P0231,T12,PK_overlap,DB00615,Rifabutin,DB00932,Tipranavir,The serum concentration of the active metabolites of can be increased when is used in combination with,The serum concentration of the active metabolites of Rifabutin can be increased when Rifabutin is used in combination with Tipranavir.,Coadministration with tipranavir in combination with low-dose ritonavir may significantly increase the plasma concentrations of rifabutin and its active 25-O-desacetyl metabolite. The mechanism is inhibition of rifabutin metabolism via CYP450 3A4.,PK,A,Cytochrome P450 3A4,enzyme,substrate,inhibitor,Tipranavir --[inhibitor]--> Cytochrome P450 3A4 --[substrate: metabolizes]--> Rifabutin,True
P0232,T09,PK_overlap,DB00831,Trifluoperazine,DB01242,Clomipramine,"The serum concentration of desmethyl, an active metabolite of , can be increased when used in combination with","The serum concentration of desmethylclomipramine, an active metabolite of Clomipramine, can be increased when used in combination with Trifluoperazine.","Coadministration of a phenothiazine with a tricyclic antidepressant (TCA) may result in elevated plasma concentrations of one or both drugs as well as additive adverse effects. Most phenothiazines and TCAs have been found to undergo metabolism by CYP450 2D6, thus competitive inhibition of the enzyme may occur when more than one of these agents are administered.",PK,A,ATP-dependent translocase ABCB1,transporter,inhibitor,inhibitor,Trifluoperazine --[inhibitor]--> ATP-dependent translocase ABCB1 <--[inhibitor]-- Clomipramine,True
P0233,T44,PD_overlap,DB00182,Amphetamine,DB00850,Perphenazine,may decrease the stimulatory activities of,Perphenazine may decrease the stimulatory activities of Amphetamine.,"Phenothiazines may antagonize the pharmacologic effects of amphetamine, amphetamine derivatives, and other centrally-acting sympathomimetic agents (i.e., CNS stimulants). Conversely, these agents may diminish the neuroleptic efficacy of phenothiazines. The exact mechanism of interaction is unknown but may involve opposing effects on dopaminergic activity.",PD,A,D(2) dopamine receptor,target,binder,antagonist,Amphetamine --[binder]--> D(2) dopamine receptor <--[antagonist]-- Perphenazine,True
P0234,T01,PK_overlap,DB01235,Levodopa,DB04843,Mepenzolate,The absorption of can be decreased when combined with,The absorption of Levodopa can be decreased when combined with Mepenzolate.,"Anticholinergic agents may decrease the absorption and oral bioavailability of levodopa. The proposed mechanism involves increased gastrointestinal transit time due to reduction of stomach and intestinal motility by anticholinergic agents, thereby increasing the gastric degradation of levodopa and reducing the amount available for absorption in the small intestine.",PK,B,,,,,,False
P0235,T37,PD_overlap,DB00421,Spironolactone,DB00960,Pindolol,The risk or severity of hyperkalemia can be increased when is combined with,The risk or severity of hyperkalemia can be increased when Pindolol is combined with Spironolactone.,"Although they are often combined in clinical practice, diuretics and beta-blockers may increase the risk of hyperglycemia and hypertriglyceridemia in some patients, especially in patients with diabetes or latent diabetes. In addition, the risk of QT interval prolongation and arrhythmias (e.g. torsades de pointes) due to sotalol may be increased by potassium-depleting diuretics.",PD,B,,,,,,False
P0236,T35,PD_overlap,DB00983,Formoterol,DB06706,Isometheptene,may increase the sympathomimetic activities of,Isometheptene may increase the sympathomimetic activities of Formoterol.,Coadministration of beta-2 adrenergic agonists with other adrenergic agents may potentiate the risk of cardiovascular side effects.,PD,B,,,,,,False
P0237,T34,PD_overlap,DB01218,Halofantrine,DB09082,Vilanterol,The risk or severity of QTc prolongation and ventricular arrhythmias can be increased when is combined with,The risk or severity of QTc prolongation and ventricular arrhythmias can be increased when Vilanterol is combined with Halofantrine.,"Beta-2 adrenergic agonists can cause dose-related prolongation of the QT interval and potassium loss.  Theoretically, coadministration with other agents that can prolong the QT interval may result in additive effects and increased risk of ventricular arrhythmias including torsade de pointes and sudden death.",PD,B,,,,,,False
P0238,T16,PK_overlap,DB00231,Temazepam,DB01144,Diclofenamide,may increase the excretion rate of which could result in a lower serum level and potentially a reduction in efficacy,Diclofenamide may increase the excretion rate of Temazepam which could result in a lower serum level and potentially a reduction in efficacy.,Benzodiazepines may counteract the beneficial effects of acetazolamide in preventing altitude sickness by inhibiting respiratory responses to hypoxia.,PK,B,,,,,,False
P0239,T16,PK_overlap,DB00703,Methazolamide,DB01249,Iodixanol,may increase the excretion rate of which could result in a lower serum level and potentially a reduction in efficacy,Methazolamide may increase the excretion rate of Iodixanol which could result in a lower serum level and potentially a reduction in efficacy.,Forced diuresis during administration of radiocontrast agents may increase the risk of renal impairment in patients who are at high risk for contrast-induced nephropathy.,PK,B,,,,,,False
P0240,T18,PK_supp,DB00552,Pentostatin,DB09149,Florbetapir F-18,Florbetapir (18F) may decrease the excretion rate of which could result in a higher serum level,Florbetapir (18F) may decrease the excretion rate of Pentostatin which could result in a higher serum level.,,PK,B,,,,,,False
P0241,T40,PD_overlap,DB01037,Selegiline,DB01115,Nifedipine,may increase the orthostatic hypotensive activities of,Selegiline may increase the orthostatic hypotensive activities of Nifedipine.,"Monoamine oxidase inhibitors (MAOIs) may potentiate the hypotensive effect of some medications. MAOIs alone quite commonly produce orthostatic hypotension. This effect may stem from a gradual MAOI-induced accumulation of false neurotransmitters in peripheral adrenergic neurons that have minimal activity at alpha- and beta-adrenergic receptors, resulting in a functional block of sympathetic neurotransmission. The interaction has been reported with the concomitant use of beta-blockers.",PD,B,,,,,,False
P0242,T19,PK_supp,DB00908,Quinidine,DB09148,Florbetaben F-18,Florbetaben (18F) may decrease the excretion rate of which could result in a higher serum level,Florbetaben (18F) may decrease the excretion rate of Quinidine which could result in a higher serum level.,,PK,B,,,,,,False
P0243,T45,PD_overlap,DB00246,Ziprasidone,DB01116,Trimethaphan,may increase the antihypertensive activities of,Ziprasidone may increase the antihypertensive activities of Trimethaphan.,"Phenothiazines and neuroleptic agents may potentiate the hypotensive effect of some medications secondary to their peripheral alpha-1 adrenergic blocking activity. Orthostatic hypotension and syncope associated with vasodilation may occur, particularly during initial dosing and/or parenteral administration of the phenothiazine or neuroleptic.",PD,B,,,,,,False
P0244,T02,PK_overlap,DB00196,Fluconazole,DB00367,Levonorgestrel,The bioavailability of can be increased when combined with,The bioavailability of Levonorgestrel can be increased when combined with Fluconazole.,Azole antifungal agents may increase the plasma concentrations of estrogens and progestins. The mechanism is decreased clearance of the hormones due to inhibition of CYP450 3A4 activity by azole antifungals.,PK,A,Cytochrome P450 3A5,enzyme,inhibitor,substrate,Fluconazole --[inhibitor]--> Cytochrome P450 3A5 --[substrate: metabolizes]--> Levonorgestrel,True
P0245,T39,PD_overlap,DB00252,Phenytoin,DB00414,Acetohexamide,The therapeutic efficacy of can be decreased when used in combination with,The therapeutic efficacy of Acetohexamide can be decreased when used in combination with Phenytoin.,"The coadministration with phenytoin may diminish the hypoglycemic effect of sulfonylureas. Phenytoin has been reported to cause hyperglycemia, hypoinsulinemia and glucose intolerance, thus it may interfere with blood glucose control. Conversely, some sulfonylureas may enhance the plasma concentrations and pharmacologic effects of phenytoin by competitive inhibition of its metabolism by CYP450 2C9 and/or 2C19 isoenzymes. Phenytoin intoxication has been reported during coadministration with tolbutamide specifically.",PD,B,,,,,,False
P0246,T11,PK_overlap,DB00762,Irinotecan,DB05521,Telaprevir,The serum concentration of the active metabolites of can be decreased when is used in combination with,The serum concentration of the active metabolites of Irinotecan can be decreased when Irinotecan is used in combination with Telaprevir.,"Coadministration with potent inhibitors of CYP450 3A4 may significantly increase the plasma concentrations of irinotecan and its active metabolite, SN-38. CYP450 3A4 is the isoenzyme responsible for the metabolic conversion of irinotecan to its inactive metabolite, APC. Inhibition of APC formation results in more irinotecan metabolism to SN-38, an active and toxic metabolite. High plasma levels of irinotecan and SN-38 may increase the risk of potentially fatal toxicities such as severe diarrhea, neutropenia, sepsis, and thromboembolism.",PK,A,Cytochrome P450 3A4,enzyme,substrate,inhibitor,Telaprevir --[inhibitor]--> Cytochrome P450 3A4 --[substrate: metabolizes]--> Irinotecan,True
P0247,T09,PK_overlap,DB00933,Mesoridazine,DB01242,Clomipramine,"The serum concentration of desmethyl, an active metabolite of , can be increased when used in combination with","The serum concentration of desmethylclomipramine, an active metabolite of Clomipramine, can be increased when used in combination with Mesoridazine.","Mesoridazine can cause dose-related prolongation of the QT interval. Theoretically, coadministration with other agents that can prolong the QT interval may result in additive effects and increased risk of ventricular arrhythmias including torsade de pointes and sudden death. Mesoridazine overdosage has been associated with ventricular arrhythmias and death. The extent of drug-induced QT prolongation is dependent on the particular drug(s) involved and dosage(s) of the drug(s). In addition, certain agents with anticholinergic properties (e.g., sedating antihistamines; antispasmodics; neuroleptics; phenothiazines; skeletal muscle relaxants; tricyclic antidepressants; disopyramide) may have additive parasympatholytic and central nervous system-depressant effects when used in combination with mesoridazine. Excessive parasympatholytic effects may include paralytic ileus, hyperthermia, mydriasis, blurred vision, tachycardia, urinary retention, psychosis, and seizures.",PK,A,Cytochrome P450 2D6,enzyme,substrate,inhibitor,Clomipramine --[inhibitor]--> Cytochrome P450 2D6 --[substrate: metabolizes]--> Mesoridazine,True
P0248,T04,PK_overlap,DB00446,Chloramphenicol,DB09034,Suvorexant,The metabolism of can be decreased when combined with,The metabolism of Suvorexant can be decreased when combined with Chloramphenicol.,"Coadministration with inhibitors of CYP450 3A4 may increase the plasma concentrations of suvorexant, which is primarily metabolized by the isoenzyme.",PK,A,Cytochrome P450 3A4,enzyme,inhibitor,substrate,Chloramphenicol --[inhibitor]--> Cytochrome P450 3A4 --[substrate: metabolizes]--> Suvorexant,True
P0249,T32,PD_overlap,DB00519,Trandolapril,DB06207,Silodosin,The risk or severity of orthostatic hypotension and dizziness can be increased when is combined with,The risk or severity of orthostatic hypotension and dizziness can be increased when Trandolapril is combined with Silodosin.,"Additive hypotensive effects may occur when ACE inhibitors are used in combination with alpha-blockers. In the presence of ACE inhibition, the risk and/or severity of first-dose effects associated with alpha-blockers such as postural hypotension and syncope may be increased.",PD,B,,,,,,False
P0250,T17,PK_supp,DB09148,Florbetaben F-18,DB09212,Loxoprofen,may decrease the excretion rate of Florbetaben (18F) which could result in a higher serum level,Loxoprofen may decrease the excretion rate of Florbetaben (18F) which could result in a higher serum level.,,PK,B,,,,,,False
P0251,T47,PD_overlap,DB00363,Clozapine,DB00531,Cyclophosphamide,The risk or severity of neutropenia can be increased when is combined with,The risk or severity of neutropenia can be increased when Cyclophosphamide is combined with Clozapine.,Coadministration of clozapine with other agents that can cause neutropenia or agranulocytosis may increase the risk and/or severity of hematologic toxicity.,PD,B,,,,,,False
P0252,T30,PD_overlap,DB00266,Dicoumarol,DB03619,Deoxycholic acid,The risk or severity of bleeding and bruising can be increased when is combined with,The risk or severity of bleeding and bruising can be increased when Dicoumarol is combined with Deoxycholic acid.,"Coadministration with agents that alter hemostasis such as anticoagulants, platelet inhibitors, thrombin inhibitors, thrombolytics, or agents that commonly cause thrombocytopenia may increase the risk of submental hematoma or bruising in association with deoxycholic acid administration.",PD,B,,,,,,False
P0253,T48,PD_overlap,DB00620,Triamcinolone,DB01067,Glipizide,The risk or severity of hyperglycemia can be increased when is combined with,The risk or severity of hyperglycemia can be increased when Triamcinolone is combined with Glipizide.,"The efficacy of insulin and other antidiabetic agents may be diminished by certain drugs, including atypical antipsychotics, corticosteroids, diuretics, estrogens, gonadotropin-releasing hormone agonists, human growth hormone, phenothiazines, progestins, protease inhibitors, sympathomimetic amines, thyroid hormones, L-asparaginase, alpelisib, copanlisib, danazol, diazoxide, isoniazid, megestrol, omacetaxine, phenytoin, tagraxofusp, temsirolimus, as well as pharmacologic dosages of nicotinic acid and adrenocorticotropic agents. These drugs may interfere with blood glucose control because they can cause hyperglycemia, glucose intolerance, new-onset diabetes mellitus, and/or exacerbation of preexisting diabetes.",PD,B,,,,,,False
P0254,T20,PK_supp,DB00198,Oseltamivir,DB06710,Methyltestosterone,The excretion of can be increased when combined with,The excretion of Oseltamivir can be increased when combined with Methyltestosterone.,,PK,A,Organic anion transporter 3,transporter,substrate,inducer,Methyltestosterone --[inducer]--> Organic anion transporter 3 --[substrate: transports]--> Oseltamivir,True
P0255,T30,PD_overlap,DB03619,Deoxycholic acid,DB12364,Betrixaban,The risk or severity of bleeding and bruising can be increased when is combined with,The risk or severity of bleeding and bruising can be increased when Betrixaban is combined with Deoxycholic acid.,"Coadministration with agents that alter hemostasis such as anticoagulants, platelet inhibitors, thrombin inhibitors, thrombolytics, or agents that commonly cause thrombocytopenia may increase the risk of submental hematoma or bruising in association with deoxycholic acid administration.",PD,B,,,,,,False
P0256,T42,PD_overlap,DB00443,Betamethasone,DB00482,Celecoxib,The risk or severity of gastrointestinal irritation can be increased when is combined with,The risk or severity of gastrointestinal irritation can be increased when Betamethasone is combined with Celecoxib.,"The combined use of corticosteroids and nonsteroidal anti-inflammatory drugs (NSAIDs) may increase the potential for serious gastrointestinal (GI) toxicity, including inflammation, bleeding, ulceration, and perforation.",PD,B,,,,,,False
P0257,T15,PK_overlap,DB00695,Furosemide,DB01068,Clonazepam,may decrease the excretion rate of which could result in a higher serum level,Furosemide may decrease the excretion rate of Clonazepam which could result in a higher serum level.,"Many psychotherapeutic and CNS-active agents (e.g., anxiolytics, sedatives, hypnotics, antidepressants, antipsychotics, opioids, alcohol, muscle relaxants) exhibit hypotensive effects, especially during initiation of therapy and dose escalation. Coadministration with antihypertensives and other hypotensive agents, in particular vasodilators and alpha-blockers, may result in additive effects on blood pressure and orthostasis.",PK,B,,,,,,False
P0258,T40,PD_overlap,DB00540,Nortriptyline,DB00612,Bisoprolol,may increase the orthostatic hypotensive activities of,Bisoprolol may increase the orthostatic hypotensive activities of Nortriptyline.,"Many psychotherapeutic and CNS-active agents (e.g., anxiolytics, sedatives, hypnotics, antidepressants, antipsychotics, opioids, alcohol, muscle relaxants) exhibit hypotensive effects, especially during initiation of therapy and dose escalation. Coadministration with antihypertensives and other hypotensive agents, in particular vasodilators and alpha-blockers, may result in additive effects on blood pressure and orthostasis.",PD,B,,,,,,False
P0259,T15,PK_overlap,DB00264,Metoprolol,DB00743,Gadobenic acid,may decrease the excretion rate of which could result in a higher serum level,Metoprolol may decrease the excretion rate of Gadobenic acid which could result in a higher serum level.,"Limited data suggest that patients receiving beta-blockers may have an increased risk of severe hypotensive and/or hypersensitivity reactions to parenteral contrast media. In addition, allergic/anaphylactoid reactions in these patients may be more difficult to treat. The mechanism is unknown. Theoretically, beta-blocker ophthalmic solutions may also interact, as they are systemically absorbed and can produce clinically significant systemic effects even at low or undetectable plasma levels.",PK,B,,,,,,False
P0260,T45,PD_overlap,DB00862,Vardenafil,DB00999,Hydrochlorothiazide,may increase the antihypertensive activities of,Vardenafil may increase the antihypertensive activities of Hydrochlorothiazide.,"Phosphodiesterase-5 (PDE5) inhibitors may potentiate the blood pressure-lowering effect of antihypertensive medications. These agents inhibit PDE5-mediated degradation of cyclic guanosine monophosphate (cGMP), which in vascular smooth muscles can lead to peripheral vasodilation.",PD,B,,,,,,False
P0261,T29,PD_overlap,DB04871,Lorcaserin,DB08918,Levomilnacipran,The risk or severity of serotonin syndrome can be increased when is combined with,The risk or severity of serotonin syndrome can be increased when Lorcaserin is combined with Levomilnacipran.,"Concomitant use of lorcaserin with agents that possess or enhance serotonergic activity such as selective serotonin reuptake inhibitors (SSRIs), selective serotonin-norepinephrine reuptake inhibitors (SNRIs), monoamine oxidase inhibitors (MAOIs), tricyclic antidepressants (TCAs), 5-HT1 receptor agonists (triptans), ergot alkaloids, phenylpiperidine opioids, bupropion, dextromethorphan, linezolid, lithium, St. John's wort, tramadol, and tryptophan may potentiate the risk of serotonin syndrome, which is a rare but serious and potentially fatal condition thought to result from hyperstimulation of brainstem 5-HT1A and 2A receptors.",PD,B,,,,,,False
P0262,T13,PK_overlap,DB01174,Phenobarbital,DB11256,Levomefolic acid,The serum concentration of the active metabolites of can be reduced when is used in combination with resulting in a loss in efficacy,The serum concentration of the active metabolites of Phenobarbital can be reduced when Phenobarbital is used in combination with Levomefolic acid resulting in a loss in efficacy.,"Anticonvulsants including, but not limited to, carbamazepine, lamotrigine, phenobarbital, phenytoin, primidone, and valproic acid have been shown to impair folate absorption and increase the metabolism of circulating folate. Coadministration with folate therapy may reduce the anticonvulsant effects of phenytoin, phenobarbital, primidone, and succinimides. The exact mechanism of interaction is unknown. Available data pertain primarily to phenytoin.",PK,B,,,,,,False
P0263,T37,PD_overlap,DB00091,Cyclosporine,DB00700,Eplerenone,The risk or severity of hyperkalemia can be increased when is combined with,The risk or severity of hyperkalemia can be increased when Eplerenone is combined with Cyclosporine.,Cyclosporine may cause hyperkalemia. The concurrent use of potassium-sparing diuretics and cyclosporine may result in or exacerbate hyperkalemia.,PD,B,,,,,,False
P0264,T10,PK_overlap,DB01195,Flecainide,DB01255,Lisdexamfetamine,"The serum concentration of dextroamphetamine, an active metabolite of , can be increased when used in combination with","The serum concentration of dextroamphetamine, an active metabolite of Lisdexamfetamine, can be increased when used in combination with Flecainide.","Limited data suggests the lisdexamfetamine may rarely prolong the QT interval of the electrocardiogram in some patients. Theoretically, coadministration with other agents that can prolong the QT interval may result in additive effects and increased risk of ventricular arrhythmias including ventricular tachycardia, torsade de pointes, and sudden death.",PK,B,,,,,,False
P0265,T15,PK_overlap,DB00327,Hydromorphone,DB12161,Deutetrabenazine,may decrease the excretion rate of which could result in a higher serum level,Hydromorphone may decrease the excretion rate of Deutetrabenazine which could result in a higher serum level.,"Central nervous system- and/or respiratory-depressant effects may be additively or synergistically increased in patients taking multiple drugs that cause these effects, especially in elderly or debilitated patients.",PK,B,,,,,,False
P0266,T24,PK_supp,DB00635,Prednisone,DB01045,Rifampin,The metabolism of can be increased when combined with Rifampicin,The metabolism of Prednisone can be increased when combined with Rifampicin.,,PK,A,Cytochrome P450 3A4,enzyme,substrate,inducer,Rifampin --[inducer]--> Cytochrome P450 3A4 --[substrate: metabolizes]--> Prednisone,True
P0267,T45,PD_overlap,DB00203,Sildenafil,DB01203,Nadolol,may increase the antihypertensive activities of,Sildenafil may increase the antihypertensive activities of Nadolol.,"Phosphodiesterase-5 (PDE5) inhibitors may potentiate the blood pressure-lowering effect of antihypertensive medications. These agents inhibit PDE5-mediated degradation of cyclic guanosine monophosphate (cGMP), which in vascular smooth muscles can lead to peripheral vasodilation.",PD,B,,,,,,False
P0268,T10,PK_overlap,DB00908,Quinidine,DB01255,Lisdexamfetamine,"The serum concentration of dextroamphetamine, an active metabolite of , can be increased when used in combination with","The serum concentration of dextroamphetamine, an active metabolite of Lisdexamfetamine, can be increased when used in combination with Quinidine.","Class IA (e.g., disopyramide, quinidine, procainamide) and class III (e.g., amiodarone, dofetilide, sotalol) antiarrhythmic agents can cause dose-related prolongation of the QT interval. Theoretically, coadministration with other agents that can prolong the QT interval may result in additive effects and increased risk of ventricular arrhythmias including torsade de pointes and sudden death.",PK,B,,,,,,False
P0269,T41,PD_overlap,DB01062,Oxybutynin,DB06204,Tapentadol,The risk or severity of urinary retention and constipation can be increased when is combined with,The risk or severity of urinary retention and constipation can be increased when Oxybutynin is combined with Tapentadol.,"Coadministration of opioids with anticholinergic agents may result in additive central nervous system (CNS), gastrointestinal, and genitourinary effects. The risk and/or severity of adverse effects such as sedation, dizziness, confusion, cognitive and psychomotor impairment, dry mouth, constipation, and urinary retention may increase. Severe constipation may lead to paralytic ileus in some cases.",PD,B,,,,,,False
P0270,T13,PK_overlap,DB00176,Fluvoxamine,DB00758,Clopidogrel,The serum concentration of the active metabolites of can be reduced when is used in combination with resulting in a loss in efficacy,The serum concentration of the active metabolites of Clopidogrel can be reduced when Clopidogrel is used in combination with Fluvoxamine resulting in a loss in efficacy.,"Coadministration with potent inhibitors of CYP450 2C19 may reduce the efficacy of clopidogrel, whose antiplatelet effect is dependent in part on bioactivation by the isoenzyme to a pharmacologically active metabolite.",PK,A,Cytochrome P450 1A2,enzyme,inhibitor,substrate,Fluvoxamine --[inhibitor]--> Cytochrome P450 1A2 --[substrate: metabolizes]--> Clopidogrel,True
P0271,T19,PK_supp,DB01035,Procainamide,DB09148,Florbetaben F-18,Florbetaben (18F) may decrease the excretion rate of which could result in a higher serum level,Florbetaben (18F) may decrease the excretion rate of Procainamide which could result in a higher serum level.,,PK,B,,,,,,False
P0272,T21,PK_supp,DB00448,Lansoprazole,DB00847,Cysteamine,The bioavailability of can be decreased when combined with,The bioavailability of Cysteamine can be decreased when combined with Lansoprazole.,,PK,B,,,,,,False
P0273,T25,PK_supp,DB00624,Testosterone,DB09149,Florbetapir F-18,may decrease the excretion rate of Florbetapir (18F) which could result in a higher serum level,Testosterone may decrease the excretion rate of Florbetapir (18F) which could result in a higher serum level.,,PK,B,,,,,,False
P0274,T31,PD_overlap,DB00146,Calcifediol,DB00390,Digoxin,The risk or severity of ventricular arrhythmias and Cardiac Arrhythmia can be increased when is combined with,The risk or severity of ventricular arrhythmias and Cardiac Arrhythmia can be increased when Calcifediol is combined with Digoxin.,"Excessive dosing of vitamin D can induce hypercalcemia, which may increase the risk of digitalis toxicity and serious arrhythmias due to additive inotropic effects.",PD,B,,,,,,False
P0275,T30,PD_overlap,DB00278,Argatroban,DB03619,Deoxycholic acid,The risk or severity of bleeding and bruising can be increased when is combined with,The risk or severity of bleeding and bruising can be increased when Argatroban is combined with Deoxycholic acid.,"Coadministration with agents that alter hemostasis such as anticoagulants, platelet inhibitors, thrombin inhibitors, thrombolytics, or agents that commonly cause thrombocytopenia may increase the risk of submental hematoma or bruising in association with deoxycholic acid administration.",PD,B,,,,,,False
P0276,T36,PD_overlap,DB00136,Calcitriol,DB01021,Trichlormethiazide,The risk or severity of hypercalcemia can be increased when is combined with,The risk or severity of hypercalcemia can be increased when Trichlormethiazide is combined with Calcitriol.,"Coadministration of thiazide diuretics with high dosages of calcium and/or vitamin D has been associated with reports of hypercalcemia in some patients. Thiazide diuretics inhibit the renal excretion of calcium and may also enhance responsiveness of bone and renal tubule to parathyroid hormone, thus concurrent use of large amounts of calcium or vitamin D can lead to excessively high plasma levels of calcium. Patients who are particularly susceptible include those with hyperparathyroidism, those being treated for osteoporosis, and those receiving high dosages of vitamin D for hypoparathyroidism. Metabolic alkalosis and the milk-alkali syndrome have been reported during prolonged therapy with thiazide diuretics and calcium.",PD,B,,,,,,False
P0277,T39,PD_overlap,DB01319,Fosamprenavir,DB11827,Ertugliflozin,The therapeutic efficacy of can be decreased when used in combination with,The therapeutic efficacy of Ertugliflozin can be decreased when used in combination with Fosamprenavir.,"The efficacy of insulin and other antidiabetic agents may be diminished by certain drugs, including atypical antipsychotics, corticosteroids, diuretics, estrogens, gonadotropin-releasing hormone agonists, human growth hormone, phenothiazines, progestins, protease inhibitors, sympathomimetic amines, thyroid hormones, L-asparaginase, alpelisib, copanlisib, danazol, diazoxide, isoniazid, megestrol, omacetaxine, phenytoin, tagraxofusp, temsirolimus, as well as pharmacologic dosages of nicotinic acid and adrenocorticotropic agents. These drugs may interfere with blood glucose control because they can cause hyperglycemia, glucose intolerance, new-onset diabetes mellitus, and/or exacerbation of preexisting diabetes.",PD,B,,,,,,False
P0278,T40,PD_overlap,DB00903,Etacrynic acid,DB01247,Isocarboxazid,may increase the orthostatic hypotensive activities of,Isocarboxazid may increase the orthostatic hypotensive activities of Etacrynic acid.,"Monoamine oxidase inhibitors (MAOIs) may potentiate the hypotensive effect of some medications. MAOIs alone quite commonly produce orthostatic hypotension. This effect may stem from a gradual MAOI-induced accumulation of false neurotransmitters in peripheral adrenergic neurons that have minimal activity at alpha- and beta-adrenergic receptors, resulting in a functional block of sympathetic neurotransmission. The interaction has been reported with the concomitant use of beta-blockers.",PD,B,,,,,,False
P0279,T29,PD_overlap,DB00215,Citalopram,DB00652,Pentazocine,The risk or severity of serotonin syndrome can be increased when is combined with,The risk or severity of serotonin syndrome can be increased when Pentazocine is combined with Citalopram.,"Concomitant use of agents with serotonergic activity such as serotonin reuptake inhibitors, monoamine oxidase inhibitors, tricyclic antidepressants, 5-HT1 receptor agonists, ergot alkaloids, cyclobenzaprine, lithium, St. John's wort, phenylpiperidine opioids, dextromethorphan, and tryptophan may potentiate the risk of serotonin syndrome, which is a rare but serious and potentially fatal condition thought to result from hyperstimulation of brainstem 5-HT1A and 2A receptors. Symptoms of the serotonin syndrome may include mental status changes such as irritability, altered consciousness, confusion, hallucination, and coma; autonomic dysfunction such as tachycardia, hyperthermia, diaphoresis, shivering, blood pressure lability, and mydriasis; neuromuscular abnormalities such as hyperreflexia, myoclonus, tremor, rigidity, and ataxia; and gastrointestinal symptoms such as abdominal cramping, nausea, vomiting, and diarrhea.",PD,B,,,,,,False
P0280,T13,PK_overlap,DB00564,Carbamazepine,DB00776,Oxcarbazepine,The serum concentration of the active metabolites of can be reduced when is used in combination with resulting in a loss in efficacy,The serum concentration of the active metabolites of Oxcarbazepine can be reduced when Oxcarbazepine is used in combination with Carbamazepine resulting in a loss in efficacy.,Coadministration with potent CYP450 inducers may decrease the plasma concentrations of the pharmacologically active 10-monohydroxy metabolite of oxcarbazepine known as MHD.,PK,A,Cytochrome P450 3A5,enzyme,substrate,inhibitor,Oxcarbazepine --[inhibitor]--> Cytochrome P450 3A5 --[substrate: metabolizes]--> Carbamazepine,True
P0281,T31,PD_overlap,DB00910,Paricalcitol,DB01396,Digitoxin,The risk or severity of ventricular arrhythmias and Cardiac Arrhythmia can be increased when is combined with,The risk or severity of ventricular arrhythmias and Cardiac Arrhythmia can be increased when Paricalcitol is combined with Digitoxin.,"Excessive dosing of vitamin D can induce hypercalcemia, which may increase the risk of digitalis toxicity and serious arrhythmias due to additive inotropic effects.",PD,B,,,,,,False
P0282,T23,PK_supp,DB01001,Albuterol,DB08872,Gabapentin enacarbil,Salbutamol may decrease the excretion rate of which could result in a higher serum level,Salbutamol may decrease the excretion rate of Gabapentin enacarbil which could result in a higher serum level.,,PK,B,,,,,,False
P0283,T42,PD_overlap,DB00687,Fludrocortisone,DB01050,Ibuprofen,The risk or severity of gastrointestinal irritation can be increased when is combined with,The risk or severity of gastrointestinal irritation can be increased when Fludrocortisone is combined with Ibuprofen.,"The combined use of corticosteroids and nonsteroidal anti-inflammatory drugs (NSAIDs) may increase the potential for serious gastrointestinal (GI) toxicity, including inflammation, bleeding, ulceration, and perforation.",PD,B,,,,,,False
P0284,T22,PK_supp,DB00559,Bosentan,DB01045,Rifampin,The serum concentration of can be decreased when it is combined with Rifampicin,The serum concentration of Bosentan can be decreased when it is combined with Rifampicin.,,PK,A,Cytochrome P450 3A4,enzyme,substrate,inducer,Rifampin --[inducer]--> Cytochrome P450 3A4 --[substrate: metabolizes]--> Bosentan,True
P0285,T13,PK_overlap,DB00446,Chloramphenicol,DB00758,Clopidogrel,The serum concentration of the active metabolites of can be reduced when is used in combination with resulting in a loss in efficacy,The serum concentration of the active metabolites of Clopidogrel can be reduced when Clopidogrel is used in combination with Chloramphenicol resulting in a loss in efficacy.,"Coadministration with inhibitors of CYP450 2C19 may reduce the efficacy of clopidogrel, whose antiplatelet effect is dependent in part on bioactivation by the isoenzyme to a pharmacologically active metabolite.",PK,A,Cytochrome P450 3A5,enzyme,inhibitor,substrate,Chloramphenicol --[inhibitor]--> Cytochrome P450 3A5 --[substrate: metabolizes]--> Clopidogrel,True
P0286,T43,PD_overlap,DB00508,Triflupromazine,DB06288,Amisulpride,may increase the antipsychotic activities of,Triflupromazine may increase the antipsychotic activities of Amisulpride.,"Amisulpride can cause dose- and concentration-dependent prolongation of the QT interval. Theoretically, coadministration with other agents that can prolong the QT interval may result in additive effects and increased risk of ventricular arrhythmias including torsade de pointes and sudden death.",PD,A,D(2) dopamine receptor,target,antagonist,antagonist,Triflupromazine --[antagonist]--> D(2) dopamine receptor <--[antagonist]-- Amisulpride,True
P0287,T29,PD_overlap,DB00285,Venlafaxine,DB00934,Maprotiline,The risk or severity of serotonin syndrome can be increased when is combined with,The risk or severity of serotonin syndrome can be increased when Maprotiline is combined with Venlafaxine.,"Concomitant use of agents with serotonergic activity such as serotonin reuptake inhibitors, monoamine oxidase inhibitors, tricyclic antidepressants, 5-HT1 receptor agonists, ergot alkaloids, cyclobenzaprine, lithium, St. John's wort, phenylpiperidine opioids, dextromethorphan, and tryptophan may potentiate the risk of serotonin syndrome, which is a rare but serious and potentially fatal condition thought to result from hyperstimulation of brainstem 5-HT1A and 2A receptors. Symptoms of the serotonin syndrome may include mental status changes such as irritability, altered consciousness, confusion, hallucination, and coma; autonomic dysfunction such as tachycardia, hyperthermia, diaphoresis, shivering, blood pressure lability, and mydriasis; neuromuscular abnormalities such as hyperreflexia, myoclonus, tremor, rigidity, and ataxia; and gastrointestinal symptoms such as abdominal cramping, nausea, vomiting, and diarrhea.",PD,A,Sodium-dependent noradrenaline transporter,target,inhibitor,inhibitor,Venlafaxine --[inhibitor]--> Sodium-dependent noradrenaline transporter <--[inhibitor]-- Maprotiline,True
P0288,T45,PD_overlap,DB00695,Furosemide,DB00862,Vardenafil,may increase the antihypertensive activities of,Vardenafil may increase the antihypertensive activities of Furosemide.,"Phosphodiesterase-5 (PDE5) inhibitors may potentiate the blood pressure-lowering effect of antihypertensive medications. These agents inhibit PDE5-mediated degradation of cyclic guanosine monophosphate (cGMP), which in vascular smooth muscles can lead to peripheral vasodilation.",PD,B,,,,,,False
P0289,T38,PD_overlap,DB00683,Midazolam,DB01065,Melatonin,The risk or severity of sedation and CNS depression can be increased when is combined with,The risk or severity of sedation and CNS depression can be increased when Midazolam is combined with Melatonin.,"The concomitant use of melatonin and benzodiazepines or nonbenzodiazepine hypnotics may result in a transient enhancement of sedation and impairment of memory, coordination, and attention within 1 hour of coadministration.",PD,B,,,,,,False
P0290,T30,PD_overlap,DB03619,Deoxycholic acid,DB06605,Apixaban,The risk or severity of bleeding and bruising can be increased when is combined with,The risk or severity of bleeding and bruising can be increased when Apixaban is combined with Deoxycholic acid.,"Coadministration with agents that alter hemostasis such as anticoagulants, platelet inhibitors, thrombin inhibitors, thrombolytics, or agents that commonly cause thrombocytopenia may increase the risk of submental hematoma or bruising in association with deoxycholic acid administration.",PD,B,,,,,,False
P0291,T36,PD_overlap,DB00910,Paricalcitol,DB01324,Polythiazide,The risk or severity of hypercalcemia can be increased when is combined with,The risk or severity of hypercalcemia can be increased when Polythiazide is combined with Paricalcitol.,"Coadministration of thiazide diuretics with high dosages of calcium and/or vitamin D has been associated with reports of hypercalcemia in some patients. Thiazide diuretics inhibit the renal excretion of calcium and may also enhance responsiveness of bone and renal tubule to parathyroid hormone, thus concurrent use of large amounts of calcium or vitamin D can lead to excessively high plasma levels of calcium. Patients who are particularly susceptible include those with hyperparathyroidism, those being treated for osteoporosis, and those receiving high dosages of vitamin D for hypoparathyroidism. Metabolic alkalosis and the milk-alkali syndrome have been reported during prolonged therapy with thiazide diuretics and calcium.",PD,B,,,,,,False
P0292,T30,PD_overlap,DB00569,Fondaparinux,DB03619,Deoxycholic acid,The risk or severity of bleeding and bruising can be increased when is combined with,The risk or severity of bleeding and bruising can be increased when Fondaparinux is combined with Deoxycholic acid.,"Coadministration with agents that alter hemostasis such as anticoagulants, platelet inhibitors, thrombin inhibitors, thrombolytics, or agents that commonly cause thrombocytopenia may increase the risk of submental hematoma or bruising in association with deoxycholic acid administration.",PD,B,,,,,,False
P0293,T40,PD_overlap,DB01020,Isosorbide mononitrate,DB01367,Rasagiline,may increase the orthostatic hypotensive activities of,Rasagiline may increase the orthostatic hypotensive activities of Isosorbide mononitrate.,"Monoamine oxidase inhibitors (MAOIs) may potentiate the hypotensive effect of some medications. MAOIs alone quite commonly produce orthostatic hypotension. This effect may stem from a gradual MAOI-induced accumulation of false neurotransmitters in peripheral adrenergic neurons that have minimal activity at alpha- and beta-adrenergic receptors, resulting in a functional block of sympathetic neurotransmission. The interaction has been reported with the concomitant use of beta-blockers.",PD,B,,,,,,False
P0294,T35,PD_overlap,DB00983,Formoterol,DB09080,Olodaterol,may increase the sympathomimetic activities of,Olodaterol may increase the sympathomimetic activities of Formoterol.,"Coadministration of beta-2 adrenergic agonists with other adrenergic agents may potentiate the risk of cardiovascular side effects. Beta-2 adrenergic agonists can produce clinically significant cardiovascular effects including increases in pulse rate and systolic or diastolic blood pressure as well as ECG changes such as flattening of the T wave, prolongation of the QTc interval, and ST segment depression. The risk is lower when beta-2 adrenergic agonists are inhaled at normally recommended dosages.",PD,A,Beta-2 adrenergic receptor,target,agonist,agonist,Formoterol --[agonist]--> Beta-2 adrenergic receptor <--[agonist]-- Olodaterol,True
P0295,T12,PK_overlap,DB00615,Rifabutin,DB01232,Saquinavir,The serum concentration of the active metabolites of can be increased when is used in combination with,The serum concentration of the active metabolites of Rifabutin can be increased when Rifabutin is used in combination with Saquinavir.,Coadministration with rifabutin may decrease the plasma concentrations of saquinavir. The mechanism is rifabutin induction of saquinavir metabolism via CYP450 3A4.,PK,A,Cytochrome P450 3A4,enzyme,substrate,inhibitor,Saquinavir --[inhibitor]--> Cytochrome P450 3A4 --[substrate: metabolizes]--> Rifabutin,True
P0296,T18,PK_supp,DB09149,Florbetapir F-18,DB13944,Testosterone enanthate,Florbetapir (18F) may decrease the excretion rate of which could result in a higher serum level,Florbetapir (18F) may decrease the excretion rate of Testosterone enanthate which could result in a higher serum level.,,PK,B,,,,,,False
P0297,T31,PD_overlap,DB00153,Ergocalciferol,DB01396,Digitoxin,The risk or severity of ventricular arrhythmias and Cardiac Arrhythmia can be increased when is combined with,The risk or severity of ventricular arrhythmias and Cardiac Arrhythmia can be increased when Ergocalciferol is combined with Digitoxin.,"Excessive dosing of vitamin D can induce hypercalcemia, which may increase the risk of digitalis toxicity and serious arrhythmias due to additive inotropic effects.",PD,B,,,,,,False
P0298,T44,PD_overlap,DB00508,Triflupromazine,DB01576,Dextroamphetamine,may decrease the stimulatory activities of,Triflupromazine may decrease the stimulatory activities of Dextroamphetamine.,"Phenothiazines may antagonize the pharmacologic effects of amphetamine, amphetamine derivatives, and other centrally-acting sympathomimetic agents (i.e., CNS stimulants). Conversely, these agents may diminish the neuroleptic efficacy of phenothiazines. The exact mechanism of interaction is unknown but may involve opposing effects on dopaminergic activity.",PD,B,,,,,,False
P0299,T49,PD_overlap,DB00307,Bexarotene,DB12329,Eravacycline,The risk or severity of pseudotumor cerebri can be increased when is combined with,The risk or severity of pseudotumor cerebri can be increased when Bexarotene is combined with Eravacycline.,Coadministration with other drugs that are known to increase triglyceride levels or cause pancreatic toxicity may potentiate the risk of pancreatitis associated with the use of bexarotene.,PD,B,,,,,,False
P0300,T49,PD_overlap,DB00459,Acitretin,DB12455,Omadacycline,The risk or severity of pseudotumor cerebri can be increased when is combined with,The risk or severity of pseudotumor cerebri can be increased when Acitretin is combined with Omadacycline.,"Concomitant use of vitamin A or related compounds (i.e., retinoids) with tetracyclines may increase the risk of pseudotumor cerebri, also known as benign intracranial hypertension. These agents individually have been associated with the development of pseudotumor cerebri and may have additive effects during coadministration. The interaction has been suspected in reported cases involving the use of isotretinoin or vitamin A in combination with a tetracycline.",PD,B,,,,,,False
P0301,T43,PD_overlap,DB00206,Reserpine,DB06288,Amisulpride,may increase the antipsychotic activities of,Reserpine may increase the antipsychotic activities of Amisulpride.,"Phenothiazines and neuroleptic agents may potentiate the hypotensive effect of some medications secondary to their peripheral alpha-1 adrenergic blocking activity. Orthostatic hypotension and syncope associated with vasodilation may occur, particularly during initial dosing and/or parenteral administration of the phenothiazine or neuroleptic.",PD,B,,,,,,False
P0302,T24,PK_supp,DB01045,Rifampin,DB04854,Febuxostat,The metabolism of can be increased when combined with Rifampicin,The metabolism of Febuxostat can be increased when combined with Rifampicin.,,PK,A,Cytochrome P450 1A2,enzyme,inducer,substrate,Rifampin --[inducer]--> Cytochrome P450 1A2 --[substrate: metabolizes]--> Febuxostat,True
P0303,T32,PD_overlap,DB00797,Tolazoline,DB06207,Silodosin,The risk or severity of orthostatic hypotension and dizziness can be increased when is combined with,The risk or severity of orthostatic hypotension and dizziness can be increased when Tolazoline is combined with Silodosin.,"Additive pharmacodynamic effects may be expected when relatively selective alpha-1A adrenoreceptor antagonists are coadministered with other alpha-blockers. Clinical data have not been reported, but there may be an increased risk and/or severity of adverse effects related to blockade of alpha-1 adrenergic receptors in the peripheral vasculature such as postural hypotension, dizziness, headache, syncope, priapism, and nasal congestion. These effects have occurred with alpha-1A adrenoreceptor antagonists even when given alone for the treatment of benign prostatic hyperplasia, despite relative selectivity for the 1A subtype of alpha-1 adrenoreceptors located in prostatic and bladder tissues.",PD,A,Alpha-1A adrenergic receptor,target,antagonist,antagonist,Tolazoline --[antagonist]--> Alpha-1A adrenergic receptor <--[antagonist]-- Silodosin,True
P0304,T17,PK_supp,DB06203,Alogliptin,DB09148,Florbetaben F-18,may decrease the excretion rate of Florbetaben (18F) which could result in a higher serum level,Alogliptin may decrease the excretion rate of Florbetaben (18F) which could result in a higher serum level.,,PK,B,,,,,,False
P0305,T14,PK_overlap,DB00705,Delavirdine,DB05351,Dexlansoprazole,can cause a decrease in the absorption of resulting in a reduced serum concentration and potentially a decrease in efficacy,Dexlansoprazole can cause a decrease in the absorption of Delavirdine resulting in a reduced serum concentration and potentially a decrease in efficacy.,"Theoretically, H2 antagonists and proton pump inhibitors may decrease the gastrointestinal absorption of delavirdine. The proposed mechanism is a pH-dependent reduction in drug dissolution or absorption.",PK,A,Cytochrome P450 3A4,enzyme,inhibitor,substrate,Delavirdine --[inhibitor]--> Cytochrome P450 3A4 --[substrate: metabolizes]--> Dexlansoprazole,True
P0306,T20,PK_supp,DB00624,Testosterone,DB01415,Ceftibuten,The excretion of can be increased when combined with,The excretion of Ceftibuten can be increased when combined with Testosterone.,,PK,A,Organic anion transporter 3,transporter,inducer,substrate,Testosterone --[inducer]--> Organic anion transporter 3 --[substrate: transports]--> Ceftibuten,True
P0307,T26,PD_overlap,DB00652,Pentazocine,DB00865,Benzphetamine,may increase the analgesic activities of,Benzphetamine may increase the analgesic activities of Pentazocine.,"Coadministration of amphetamines and amphetamine-like drugs with certain opioids or the synthetic opioid derivative, dextromethorphan, may increase the risk of serotonin syndrome. Dextromethorphan and some opioids, particularly those in the phenylpiperidine class, are weak serotonin reuptake inhibitors whose effects may be potentiated by amphetamines.",PD,B,,,,,,False
P0308,T24,PK_supp,DB00715,Paroxetine,DB01045,Rifampin,The metabolism of can be increased when combined with Rifampicin,The metabolism of Paroxetine can be increased when combined with Rifampicin.,,PK,A,Cytochrome P450 1A2,enzyme,substrate,inducer,Rifampin --[inducer]--> Cytochrome P450 1A2 --[substrate: metabolizes]--> Paroxetine,True
P0309,T12,PK_overlap,DB00531,Cyclophosphamide,DB01319,Fosamprenavir,The serum concentration of the active metabolites of can be increased when is used in combination with,The serum concentration of the active metabolites of Cyclophosphamide can be increased when Cyclophosphamide is used in combination with Fosamprenavir.,"Coadministration with amprenavir or its prodrug, fosamprenavir, may increase the plasma concentrations of drugs that are substrates of the CYP450 3A4 isoenzyme. The mechanism is decreased clearance due to inhibition of CYP450 3A4 activity by amprenavir.",PK,A,Cytochrome P450 3A4,enzyme,substrate,inhibitor,Fosamprenavir --[inhibitor]--> Cytochrome P450 3A4 --[substrate: metabolizes]--> Cyclophosphamide,True
P0310,T13,PK_overlap,DB00549,Zafirlukast,DB00758,Clopidogrel,The serum concentration of the active metabolites of can be reduced when is used in combination with resulting in a loss in efficacy,The serum concentration of the active metabolites of Clopidogrel can be reduced when Clopidogrel is used in combination with Zafirlukast resulting in a loss in efficacy.,"In vitro studies have shown that high concentrations of clopidogrel inhibit CYP450 2C9 isoenzymes. The metabolism of drugs which are substrates for this enzyme may be decreased, potentiating toxicity of the substrate drug. The clinical significance and magnitude of this interaction is not known. Dose adjustments may be necessary if an interaction is suspected.",PK,A,Cytochrome P450 1A2,enzyme,inhibitor,substrate,Zafirlukast --[inhibitor]--> Cytochrome P450 1A2 --[substrate: metabolizes]--> Clopidogrel,True
P0311,T35,PD_overlap,DB00938,Salmeterol,DB00983,Formoterol,may increase the sympathomimetic activities of,Salmeterol may increase the sympathomimetic activities of Formoterol.,"Coadministration of beta-2 adrenergic agonists with other adrenergic agents may potentiate the risk of cardiovascular side effects. Beta-2 adrenergic agonists can produce clinically significant cardiovascular effects including increases in pulse rate and systolic or diastolic blood pressure as well as ECG changes such as flattening of the T wave, prolongation of the QTc interval, and ST segment depression. The risk is lower when beta-2 adrenergic agonists are inhaled at normally recommended dosages.",PD,A,Beta-2 adrenergic receptor,target,agonist,agonist,Salmeterol --[agonist]--> Beta-2 adrenergic receptor <--[agonist]-- Formoterol,True
P0312,T23,PK_supp,DB01001,Albuterol,DB09502,Fludeoxyglucose (18F),Salbutamol may decrease the excretion rate of which could result in a higher serum level,Salbutamol may decrease the excretion rate of Fludeoxyglucose (18F) which could result in a higher serum level.,,PK,B,,,,,,False
P0313,T41,PD_overlap,DB00986,Glycopyrronium,DB06204,Tapentadol,The risk or severity of urinary retention and constipation can be increased when is combined with,The risk or severity of urinary retention and constipation can be increased when Glycopyrronium is combined with Tapentadol.,"Coadministration of opioids with anticholinergic agents may result in additive central nervous system (CNS), gastrointestinal, and genitourinary effects. The risk and/or severity of adverse effects such as sedation, dizziness, confusion, cognitive and psychomotor impairment, dry mouth, constipation, and urinary retention may increase. Severe constipation may lead to paralytic ileus in some cases.",PD,B,,,,,,False
P0314,T40,PD_overlap,DB01020,Isosorbide mononitrate,DB01168,Procarbazine,may increase the orthostatic hypotensive activities of,Procarbazine may increase the orthostatic hypotensive activities of Isosorbide mononitrate.,"Monoamine oxidase inhibitors (MAOIs) may potentiate the hypotensive effect of some medications. MAOIs alone quite commonly produce orthostatic hypotension. This effect may stem from a gradual MAOI-induced accumulation of false neurotransmitters in peripheral adrenergic neurons that have minimal activity at alpha- and beta-adrenergic receptors, resulting in a functional block of sympathetic neurotransmission. The interaction has been reported with the concomitant use of beta-blockers.",PD,B,,,,,,False
P0315,T13,PK_overlap,DB00208,Ticlopidine,DB00758,Clopidogrel,The serum concentration of the active metabolites of can be reduced when is used in combination with resulting in a loss in efficacy,The serum concentration of the active metabolites of Clopidogrel can be reduced when Clopidogrel is used in combination with Ticlopidine resulting in a loss in efficacy.,"Coadministration with potent inhibitors of CYP450 2C19 may reduce the efficacy of clopidogrel, whose antiplatelet effect is dependent in part on bioactivation by the isoenzyme to a pharmacologically active metabolite.",PK,A,Cytochrome P450 1A2,enzyme,inhibitor,substrate,Ticlopidine --[inhibitor]--> Cytochrome P450 1A2 --[substrate: metabolizes]--> Clopidogrel,True
P0316,T29,PD_overlap,DB00574,Fenfluramine,DB00889,Granisetron,The risk or severity of serotonin syndrome can be increased when is combined with,The risk or severity of serotonin syndrome can be increased when Granisetron is combined with Fenfluramine.,"Concomitant use of 5-HT3 receptor antagonists with agents that possess or enhance serotonergic activity such as selective serotonin reuptake inhibitors (SSRIs), selective serotonin-norepinephrine reuptake inhibitors (SNRIs), monoamine oxidase inhibitors (MAOIs), tricyclic antidepressants (TCAs), 5-HT1 receptor agonists (triptans), ergot alkaloids, phenylpiperidine opioids, bupropion, dextromethorphan, linezolid, lithium, St. John's wort, tramadol, and tryptophan may potentiate the risk of serotonin syndrome.",PD,B,,,,,,False
P0317,T42,PD_overlap,DB00500,Tolmetin,DB00898,Ethanol,The risk or severity of gastrointestinal irritation can be increased when is combined with,The risk or severity of gastrointestinal irritation can be increased when Ethanol is combined with Tolmetin.,The concurrent use of aspirin or nonsteroidal anti-inflammatory drugs (NSAIDs) and ethanol may lead to gastrointestinal (GI) blood loss. The mechanism may be due to a combined local effect as well as inhibition of prostaglandins leading to decreased integrity of the GI lining.,PD,B,,,,,,False
P0318,T11,PK_overlap,DB00661,Verapamil,DB00776,Oxcarbazepine,The serum concentration of the active metabolites of can be decreased when is used in combination with,The serum concentration of the active metabolites of Oxcarbazepine can be decreased when Oxcarbazepine is used in combination with Verapamil.,Coadministration with oxcarbazepine may decrease the plasma concentrations of drugs that are substrates of the CYP450 3A4 isoenzyme. The mechanism is accelerated clearance due to induction of CYP450 3A4 activity by oxcarbazepine.,PK,A,Cytochrome P450 3A5,enzyme,substrate,inhibitor,Oxcarbazepine --[inhibitor]--> Cytochrome P450 3A5 --[substrate: metabolizes]--> Verapamil,True
P0319,T38,PD_overlap,DB00405,Dexbrompheniramine,DB00683,Midazolam,The risk or severity of sedation and CNS depression can be increased when is combined with,The risk or severity of sedation and CNS depression can be increased when Midazolam is combined with Dexbrompheniramine.,"Central nervous system- and/or respiratory-depressant effects may be additively or synergistically increased in patients taking multiple drugs that cause these effects, especially in elderly or debilitated patients.",PD,B,,,,,,False
P0320,T33,PD_overlap,DB00358,Mefloquine,DB01182,Propafenone,The risk or severity of QTc prolongation can be decreased when is combined with,The risk or severity of QTc prolongation can be decreased when Mefloquine is combined with Propafenone.,"Mefloquine is a myocardial depressant and can cause ECG abnormalities. Theoretically, coadministration with other agents that can affect cardiac conduction (e.g., antiarrhythmic agents, beta blockers, calcium channel blockers, certain antihistamines, tricyclic antidepressants, phenothiazines, some neuroleptics) may result in additive effects and increased risk of ventricular arrhythmias including ventricular tachycardia and torsade de pointes.",PD,B,,,,,,False
P0321,T14,PK_overlap,DB00736,Esomeprazole,DB08931,Riociguat,can cause a decrease in the absorption of resulting in a reduced serum concentration and potentially a decrease in efficacy,Esomeprazole can cause a decrease in the absorption of Riociguat resulting in a reduced serum concentration and potentially a decrease in efficacy.,"Coadministration of riociguat with proton pump inhibitors may reduce its gastrointestinal absorption. Riociguat exhibits pH-dependent solubility, with increased solubility at lower pH.",PK,A,ATP-dependent translocase ABCB1,transporter,inhibitor,substrate,Esomeprazole --[inhibitor]--> ATP-dependent translocase ABCB1 --[substrate: transports]--> Riociguat,True
P0322,T46,PD_overlap,DB00938,Salmeterol,DB08918,Levomilnacipran,may increase the tachycardic activities of,Levomilnacipran may increase the tachycardic activities of Salmeterol.,"Additive or synergistic effects on blood pressure and heart rate may occur when serotonin-norepinephrine reuptake inhibitors (SNRIs) are combined with sympathomimetic agents such as nasal decongestants, adrenergic bronchodilators, ophthalmic vasoconstrictors, and systemic vasopressors. The use of SNRIs alone has been associated with sustained increases in blood pressure and heart rate, and cases of elevated blood pressure requiring immediate treatment have been reported in postmarketing experience.",PD,B,,,,,,False
P0323,T05,PK_overlap,DB01234,Dexamethasone,DB08875,Cabozantinib,The metabolism of can be increased when combined with,The metabolism of Cabozantinib can be increased when combined with Dexamethasone.,"Coadministration with inducers of CYP450 3A4 may decrease the plasma concentrations of cabozantinib, which is a substrate of the isoenzyme.",PK,A,Cytochrome P450 3A4,enzyme,inhibitor,substrate,Dexamethasone --[inhibitor]--> Cytochrome P450 3A4 --[substrate: metabolizes]--> Cabozantinib,True
P0324,T47,PD_overlap,DB00242,Cladribine,DB00363,Clozapine,The risk or severity of neutropenia can be increased when is combined with,The risk or severity of neutropenia can be increased when Cladribine is combined with Clozapine.,"The use of cladribine with other immunosuppressive or myelosuppressive agents may increase the risk of infections. Cladribine alone may cause severe and prolonged myelosuppression, lymphopenia, and opportunistic infections. The risk may theoretically increase when coadministered with other immunosuppressive therapy. Agents that may be significantly myelo- or immunosuppressive include antineoplastic agents, radiation, zidovudine, linezolid, some antirheumatic agents, high dosages of corticosteroids or adrenocorticotropic agents, and long-term topical or inhaled corticosteroids.",PD,B,,,,,,False
P0325,T07,PK_overlap,DB00829,Diazepam,DB12015,Alpelisib,The serum concentration of can be decreased when it is combined with,The serum concentration of Diazepam can be decreased when it is combined with Alpelisib.,"Coadministration with alpelisib may decrease the plasma concentrations and therapeutic effects of drugs that are substrates of CYP450 2C9, such as warfarin. The proposed mechanism, based on in vitro data, is increased clearance due to alpelisib-mediated induction of CYP450 2C9.",PK,A,Cytochrome P450 3A4,enzyme,inhibitor,substrate,Diazepam --[inhibitor]--> Cytochrome P450 3A4 --[substrate: metabolizes]--> Alpelisib,True
P0326,T29,PD_overlap,DB01104,Sertraline,DB01367,Rasagiline,The risk or severity of serotonin syndrome can be increased when is combined with,The risk or severity of serotonin syndrome can be increased when Sertraline is combined with Rasagiline.,"By inhibiting serotonin metabolism, monoamine oxidase inhibitors (MAOIs) may potentiate the pharmacologic activity of selective serotonin reuptake inhibitors (SSRIs) and increase the risk of serotonin syndrome, which is a rare but serious and potentially fatal condition thought to result from hyperstimulation of brainstem 5-HT1A and 2A receptors. Symptoms of the serotonin syndrome may include mental status changes such as irritability, altered consciousness, confusion, hallucinations, and coma; autonomic dysfunction such as tachycardia, hyperthermia, diaphoresis, shivering, blood pressure lability, and mydriasis; neuromuscular abnormalities such as hyperreflexia, myoclonus, tremor, rigidity, and ataxia; and gastrointestinal symptoms such as abdominal cramping, nausea, vomiting, and diarrhea. The extent to which rasagiline, a selective MAO-B inhibitor, may interact with SSRIs is unknown.",PD,B,,,,,,False
P0327,T09,PK_overlap,DB00433,Prochlorperazine,DB01242,Clomipramine,"The serum concentration of desmethyl, an active metabolite of , can be increased when used in combination with","The serum concentration of desmethylclomipramine, an active metabolite of Clomipramine, can be increased when used in combination with Prochlorperazine.","Coadministration of a phenothiazine with a tricyclic antidepressant (TCA) may result in elevated plasma concentrations of one or both drugs as well as additive adverse effects. Most phenothiazines and TCAs have been found to undergo metabolism by CYP450 2D6, thus competitive inhibition of the enzyme may occur when more than one of these agents are administered.",PK,A,Cytochrome P450 2D6,enzyme,substrate,inhibitor,Clomipramine --[inhibitor]--> Cytochrome P450 2D6 --[substrate: metabolizes]--> Prochlorperazine,True
P0328,T25,PK_supp,DB00788,Naproxen,DB09149,Florbetapir F-18,may decrease the excretion rate of Florbetapir (18F) which could result in a higher serum level,Naproxen may decrease the excretion rate of Florbetapir (18F) which could result in a higher serum level.,,PK,B,,,,,,False
P0329,T19,PK_supp,DB09148,Florbetaben F-18,DB09320,Procaine benzylpenicillin,Florbetaben (18F) may decrease the excretion rate of which could result in a higher serum level,Florbetaben (18F) may decrease the excretion rate of Procaine benzylpenicillin which could result in a higher serum level.,,PK,B,,,,,,False
P0330,T39,PD_overlap,DB00334,Olanzapine,DB08941,Isoxsuprine,The therapeutic efficacy of can be decreased when used in combination with,The therapeutic efficacy of Isoxsuprine can be decreased when used in combination with Olanzapine.,"Phenothiazines and neuroleptic agents may potentiate the hypotensive effect of some medications secondary to their peripheral alpha-1 adrenergic blocking activity. Orthostatic hypotension and syncope associated with vasodilation may occur, particularly during initial dosing and/or parenteral administration of the phenothiazine or neuroleptic.",PD,B,,,,,,False
P0331,T16,PK_overlap,DB00962,Zaleplon,DB01324,Polythiazide,may increase the excretion rate of which could result in a lower serum level and potentially a reduction in efficacy,Polythiazide may increase the excretion rate of Zaleplon which could result in a lower serum level and potentially a reduction in efficacy.,"Many psychotherapeutic and CNS-active agents (e.g., anxiolytics, sedatives, hypnotics, antidepressants, antipsychotics, opioids, alcohol, muscle relaxants) exhibit hypotensive effects, especially during initiation of therapy and dose escalation. Coadministration with antihypertensives and other hypotensive agents, in particular vasodilators and alpha-blockers, may result in additive effects on blood pressure and orthostasis.",PK,B,,,,,,False
P0332,T02,PK_overlap,DB00717,Norethisterone,DB01037,Selegiline,The bioavailability of can be increased when combined with,The bioavailability of Selegiline can be increased when combined with Norethisterone.,The use of oral contraceptives or hormone replacement therapy may significantly increase selegiline bioavailability.The proposed mechanism is inhibition of CYP450 3A hepatic metabolism. Increased concentrations of selegiline may result in loss of MAO-B selectivity and potentially severe adverse effects such as the serotonin syndrome.,PK,A,Cytochrome P450 1A2,enzyme,substrate,inhibitor,Selegiline --[inhibitor]--> Cytochrome P450 1A2 --[substrate: metabolizes]--> Norethisterone,True
P0333,T04,PK_overlap,DB00238,Nevirapine,DB09039,Eliglustat,The metabolism of can be decreased when combined with,The metabolism of Nevirapine can be decreased when combined with Eliglustat.,"Coadministration with inducers of CYP450 3A4 and/or P-glycoprotein (P-gp) may decrease the plasma concentrations of eliglustat, which is primarily metabolized by CYP450 2D6 and, to a lesser extent, CYP450 3A4. Eliglustat is also a substrate of P-gp efflux transporter.",PK,A,Cytochrome P450 2D6,enzyme,substrate,inhibitor,Eliglustat --[inhibitor]--> Cytochrome P450 2D6 --[substrate: metabolizes]--> Nevirapine,True
P0334,T03,PK_overlap,DB00520,Caspofungin,DB00563,Methotrexate,The excretion of can be decreased when combined with,The excretion of Methotrexate can be decreased when combined with Caspofungin.,"Coadministration of methotrexate with other agents known to induce hepatotoxicity may potentiate the risk of liver injury. Methotrexate, especially at higher doses or with prolonged treatment, has been associated with hepatotoxicity including acute hepatitis, chronic fibrosis, necrosis, cirrhosis, and liver enzyme elevations.",PK,A,ATP-dependent translocase ABCB1,transporter,inhibitor,substrate,Caspofungin --[inhibitor]--> ATP-dependent translocase ABCB1 --[substrate: transports]--> Methotrexate,True
P0335,T18,PK_supp,DB09149,Florbetapir F-18,DB09477,Enalaprilat,Florbetapir (18F) may decrease the excretion rate of which could result in a higher serum level,Florbetapir (18F) may decrease the excretion rate of Enalaprilat which could result in a higher serum level.,,PK,B,,,,,,False
P0336,T15,PK_overlap,DB06228,Rivaroxaban,DB12141,Gilteritinib,may decrease the excretion rate of which could result in a higher serum level,Gilteritinib may decrease the excretion rate of Rivaroxaban which could result in a higher serum level.,"Coadministration with gilteritinib may increase the plasma concentrations and the risk of adverse effects of orally administered drugs that are substrates of the intestinal P-glycoprotein (P-gp), breast cancer resistance protein (BCRP), and/or organic cation transporter 1 (OCT1) transporters, such as dabigatran, digoxin, rosuvastatin, methotrexate, and metformin.",PK,A,Broad substrate specificity ATP-binding cassette transporter ABCG2,transporter,substrate,inhibitor,Gilteritinib --[inhibitor]--> Broad substrate specificity ATP-binding cassette transporter ABCG2 --[substrate: transports]--> Rivaroxaban,True
P0337,T40,PD_overlap,DB00195,Betaxolol,DB00590,Doxazosin,may increase the orthostatic hypotensive activities of,Betaxolol may increase the orthostatic hypotensive activities of Doxazosin.,"Additive hypotensive effects may occur when beta-blockers are used in combination with alpha-blockers. In the presence of beta-blockade, the risk and/or severity of first-dose effects associated with alpha-blockers such as postural hypotension and syncope may be increased. Beta-blockers may also blunt the reflex tachycardia that occurs in response to postural hypotension. Theoretically, the interaction may also occur with beta-blocker ophthalmic preparations, since they may be systemically absorbed and can produce clinically significant systemic effects even at low or undetectable plasma levels.",PD,B,,,,,,False
P0338,T35,PD_overlap,DB00983,Formoterol,DB05039,Indacaterol,may increase the sympathomimetic activities of,Indacaterol may increase the sympathomimetic activities of Formoterol.,"Coadministration of beta-2 adrenergic agonists with other adrenergic agents may potentiate the risk of cardiovascular side effects. Beta-2 adrenergic agonists can produce clinically significant cardiovascular effects including increases in pulse rate and systolic or diastolic blood pressure as well as ECG changes such as flattening of the T wave, prolongation of the QTc interval, and ST segment depression. The risk is lower when beta-2 adrenergic agonists are inhaled at normally recommended dosages.",PD,A,Beta-2 adrenergic receptor,target,agonist,agonist,Formoterol --[agonist]--> Beta-2 adrenergic receptor <--[agonist]-- Indacaterol,True
P0339,T23,PK_supp,DB01001,Albuterol,DB06800,Methylnaltrexone,Salbutamol may decrease the excretion rate of which could result in a higher serum level,Salbutamol may decrease the excretion rate of Methylnaltrexone which could result in a higher serum level.,,PK,B,,,,,,False
P0340,T10,PK_overlap,DB01255,Lisdexamfetamine,DB08864,Rilpivirine,"The serum concentration of dextroamphetamine, an active metabolite of , can be increased when used in combination with","The serum concentration of dextroamphetamine, an active metabolite of Lisdexamfetamine, can be increased when used in combination with Rilpivirine.","Limited data suggests the lisdexamfetamine may rarely prolong the QT interval of the electrocardiogram in some patients. Theoretically, coadministration with other agents that can prolong the QT interval may result in additive effects and increased risk of ventricular arrhythmias including ventricular tachycardia, torsade de pointes, and sudden death.",PK,B,,,,,,False
P0341,T06,PK_overlap,DB01032,Probenecid,DB01124,Tolbutamide,The protein binding of can be decreased when combined with,The protein binding of Tolbutamide can be decreased when combined with Probenecid.,"The hypoglycemic effect of insulin secretagogues (e.g., sulfonylureas, meglitinides) may be potentiated by certain drugs, including ACE inhibitors, 4-aminoquinolines, amylin analogs, anabolic steroids, fibrates, monoamine oxidase inhibitors (MAOIs, including linezolid), nonsteroidal anti-inflammatory drugs (NSAIDs), salicylates, selective serotonin reuptake inhibitors (SSRIs), sulfonamides, disopyramide, propoxyphene, quinine, quinidine, and ginseng. These drugs may increase the risk of hypoglycemia by enhancing insulin sensitivity (ACE inhibitors, fibrates, ginseng); stimulating insulin secretion (salicylates, NSAIDs, disopyramide, quinine, quinidine, MAOIs, ginseng); decreasing insulin clearance and resistance (4-aminoquinolines); increasing peripheral glucose utilization (SSRIs, insulin-like growth factor); inhibiting gluconeogenesis (SSRIs, MAOIs, insulin-like growth factor); slowing the rate of gastric emptying (amylin analogs); and/or suppressing postprandial glucagon secretion (amylin analogs). Or, they may increase plasma concentration of insulin secretagogues by displacing them from plasma protein binding sites and/or inhibiting their metabolism (fibrates, NSAIDs, salicylates, sulfonamides).",PK,B,,,,,,False
P0342,T25,PK_supp,DB00681,Amphotericin B,DB09149,Florbetapir F-18,may decrease the excretion rate of Florbetapir (18F) which could result in a higher serum level,Amphotericin B may decrease the excretion rate of Florbetapir (18F) which could result in a higher serum level.,,PK,B,,,,,,False
P0343,T49,PD_overlap,DB00254,Doxycycline,DB00459,Acitretin,The risk or severity of pseudotumor cerebri can be increased when is combined with,The risk or severity of pseudotumor cerebri can be increased when Acitretin is combined with Doxycycline.,"Concomitant use of vitamin A or related compounds (i.e., retinoids) with tetracyclines may increase the risk of pseudotumor cerebri, also known as benign intracranial hypertension. These agents individually have been associated with the development of pseudotumor cerebri and may have additive effects during coadministration. The interaction has been suspected in reported cases involving the use of isotretinoin or vitamin A in combination with a tetracycline.",PD,B,,,,,,False
P0344,T38,PD_overlap,DB00508,Triflupromazine,DB00683,Midazolam,The risk or severity of sedation and CNS depression can be increased when is combined with,The risk or severity of sedation and CNS depression can be increased when Midazolam is combined with Triflupromazine.,"Central nervous system- and/or respiratory-depressant effects may be additively or synergistically increased in patients taking multiple drugs that cause these effects, especially in elderly or debilitated patients.",PD,B,,,,,,False
P0345,T18,PK_supp,DB09149,Florbetapir F-18,DB11691,Naldemedine,Florbetapir (18F) may decrease the excretion rate of which could result in a higher serum level,Florbetapir (18F) may decrease the excretion rate of Naldemedine which could result in a higher serum level.,,PK,B,,,,,,False
P0346,T05,PK_overlap,DB06201,Rufinamide,DB12267,Brigatinib,The metabolism of can be increased when combined with,The metabolism of Brigatinib can be increased when combined with Rufinamide.,"Coadministration with inducers of CYP450 3A4 may decrease the plasma concentrations of brigatinib, which is partially metabolized by the isoenzyme.",PK,A,Cytochrome P450 3A4,enzyme,inducer,substrate,Rufinamide --[inducer]--> Cytochrome P450 3A4 --[substrate: metabolizes]--> Brigatinib,True
P0347,T50,PD_overlap,DB00540,Nortriptyline,DB00780,Phenelzine,may increase the serotonergic activities of,Phenelzine may increase the serotonergic activities of Nortriptyline.,"Coadministration of monoamine oxidase inhibitors (MAOIs) and dibenzazepine derivatives (e.g., tricyclic and tetracyclic antidepressants, cyclobenzaprine, carbamazepine) may produce significant adverse reactions including nausea, vomiting, flushing, dizziness, tremor, myoclonus, rigidity, diaphoresis, hyperthermia, autonomic instability, hypertensive crises, disseminated intravascular coagulation, severe convulsive seizures, coma, and death. The exact mechanism of interaction is unknown, but may involve excessive serotonergic activity in the central nervous system (i.e., serotonin syndrome).",PD,B,,,,,,False
P0348,T43,PD_overlap,DB01069,Promethazine,DB06288,Amisulpride,may increase the antipsychotic activities of,Promethazine may increase the antipsychotic activities of Amisulpride.,"Amisulpride can cause dose- and concentration-dependent prolongation of the QT interval. Theoretically, coadministration with other agents that can prolong the QT interval may result in additive effects and increased risk of ventricular arrhythmias including torsade de pointes and sudden death.",PD,A,D(2) dopamine receptor,target,antagonist,antagonist,Promethazine --[antagonist]--> D(2) dopamine receptor <--[antagonist]-- Amisulpride,True
P0349,T21,PK_supp,DB06210,Eltrombopag,DB09400,Selenomethionine Se-75,The bioavailability of can be decreased when combined with,The bioavailability of Selenomethionine Se-75 can be decreased when combined with Eltrombopag.,,PK,B,,,,,,False
P0350,T29,PD_overlap,DB01175,Escitalopram,DB09068,Vortioxetine,The risk or severity of serotonin syndrome can be increased when is combined with,The risk or severity of serotonin syndrome can be increased when Vortioxetine is combined with Escitalopram.,"Concomitant use of agents with serotonergic activity such as serotonin reuptake inhibitors, monoamine oxidase inhibitors, tricyclic antidepressants, 5-HT1 receptor agonists, ergot alkaloids, cyclobenzaprine, lithium, St. John's wort, phenylpiperidine opioids, dextromethorphan, and tryptophan may potentiate the risk of serotonin syndrome, which is a rare but serious and potentially fatal condition thought to result from hyperstimulation of brainstem 5-HT1A and 2A receptors. Symptoms of the serotonin syndrome may include mental status changes such as irritability, altered consciousness, confusion, hallucination, and coma; autonomic dysfunction such as tachycardia, hyperthermia, diaphoresis, shivering, blood pressure lability, and mydriasis; neuromuscular abnormalities such as hyperreflexia, myoclonus, tremor, rigidity, and ataxia; and gastrointestinal symptoms such as abdominal cramping, nausea, vomiting, and diarrhea.",PD,A,Sodium-dependent serotonin transporter,target,inhibitor,inhibitor,Escitalopram --[inhibitor]--> Sodium-dependent serotonin transporter <--[inhibitor]-- Vortioxetine,True
P0351,T26,PD_overlap,DB00802,Alfentanil,DB01576,Dextroamphetamine,may increase the analgesic activities of,Dextroamphetamine may increase the analgesic activities of Alfentanil.,"Coadministration of amphetamines and amphetamine-like drugs with certain opioids or the synthetic opioid derivative, dextromethorphan, may increase the risk of serotonin syndrome. Dextromethorphan and some opioids, particularly those in the phenylpiperidine class, are weak serotonin reuptake inhibitors whose effects may be potentiated by amphetamines.",PD,B,,,,,,False
P0352,T42,PD_overlap,DB00328,Indomethacin,DB00898,Ethanol,The risk or severity of gastrointestinal irritation can be increased when is combined with,The risk or severity of gastrointestinal irritation can be increased when Ethanol is combined with Indomethacin.,The concurrent use of aspirin or nonsteroidal anti-inflammatory drugs (NSAIDs) and ethanol may lead to gastrointestinal (GI) blood loss. The mechanism may be due to a combined local effect as well as inhibition of prostaglandins leading to decreased integrity of the GI lining.,PD,B,,,,,,False
P0353,T01,PK_overlap,DB00501,Cimetidine,DB09073,Palbociclib,The absorption of can be decreased when combined with,The absorption of Palbociclib can be decreased when combined with Cimetidine.,"Coadministration with inhibitors of CYP450 3A4 may increase the plasma concentrations of palbociclib, which is a substrate of the isoenzyme.",PK,A,Solute carrier family 22 member 1,transporter,substrate,inhibitor,Palbociclib --[inhibitor]--> Solute carrier family 22 member 1 --[substrate: transports]--> Cimetidine,True
P0354,T26,PD_overlap,DB00182,Amphetamine,DB00647,Dextropropoxyphene,may increase the analgesic activities of,Amphetamine may increase the analgesic activities of Dextropropoxyphene.,"Coadministration of amphetamines and amphetamine-like drugs with certain opioids or the synthetic opioid derivative, dextromethorphan, may increase the risk of serotonin syndrome. Dextromethorphan and some opioids, particularly those in the phenylpiperidine class, are weak serotonin reuptake inhibitors whose effects may be potentiated by amphetamines.",PD,B,,,,,,False
P0355,T45,PD_overlap,DB09026,Aliskiren,DB12010,Fostamatinib,may increase the antihypertensive activities of,Fostamatinib may increase the antihypertensive activities of Aliskiren.,Coadministration with fostamatinib may increase the plasma concentrations of drugs that are substrates of the CYP450 3A4 isoenzyme and/or P-glycoprotein (P-gp) transporter. The proposed mechanism is decreased clearance in the intestine and/or liver due to inhibition of CYP450 3A4-mediated metabolism and P-gp-mediated efflux by fostamatinib.,PD,B,,,,,,False
P0356,T11,PK_overlap,DB00762,Irinotecan,DB01026,Ketoconazole,The serum concentration of the active metabolites of can be decreased when is used in combination with,The serum concentration of the active metabolites of Irinotecan can be decreased when Irinotecan is used in combination with Ketoconazole.,"Coadministration with certain azole antifungal agents may significantly increase the plasma concentrations of irinotecan and its active metabolite, SN-38. CYP450 3A4 is the isoenzyme responsible for the metabolic conversion of irinotecan to its inactive metabolite, APC. Inhibition of APC formation results in more irinotecan metabolism to SN-38, an active and toxic metabolite. High plasma levels of irinotecan and SN-38 may increase the risk of potentially fatal toxicities such as severe diarrhea, neutropenia, sepsis, and thromboembolism.",PK,A,Cytochrome P450 3A5,enzyme,substrate,inhibitor,Ketoconazole --[inhibitor]--> Cytochrome P450 3A5 --[substrate: metabolizes]--> Irinotecan,True
P0357,T23,PK_supp,DB01001,Albuterol,DB09134,Ioversol,Salbutamol may decrease the excretion rate of which could result in a higher serum level,Salbutamol may decrease the excretion rate of Ioversol which could result in a higher serum level.,,PK,B,,,,,,False
P0358,T43,PD_overlap,DB00433,Prochlorperazine,DB06288,Amisulpride,may increase the antipsychotic activities of,Prochlorperazine may increase the antipsychotic activities of Amisulpride.,"Amisulpride can cause dose- and concentration-dependent prolongation of the QT interval. Theoretically, coadministration with other agents that can prolong the QT interval may result in additive effects and increased risk of ventricular arrhythmias including torsade de pointes and sudden death.",PD,A,D(2) dopamine receptor,target,antagonist,antagonist,Prochlorperazine --[antagonist]--> D(2) dopamine receptor <--[antagonist]-- Amisulpride,True
P0359,T22,PK_supp,DB01045,Rifampin,DB09063,Ceritinib,The serum concentration of can be decreased when it is combined with Rifampicin,The serum concentration of Ceritinib can be decreased when it is combined with Rifampicin.,,PK,A,Cytochrome P450 3A4,enzyme,inducer,substrate,Rifampin --[inducer]--> Cytochrome P450 3A4 --[substrate: metabolizes]--> Ceritinib,True
P0360,T18,PK_supp,DB00314,Capreomycin,DB09149,Florbetapir F-18,Florbetapir (18F) may decrease the excretion rate of which could result in a higher serum level,Florbetapir (18F) may decrease the excretion rate of Capreomycin which could result in a higher serum level.,,PK,B,,,,,,False
P0361,T10,PK_overlap,DB00675,Tamoxifen,DB01255,Lisdexamfetamine,"The serum concentration of dextroamphetamine, an active metabolite of , can be increased when used in combination with","The serum concentration of dextroamphetamine, an active metabolite of Lisdexamfetamine, can be increased when used in combination with Tamoxifen.","Limited data suggests the lisdexamfetamine may rarely prolong the QT interval of the electrocardiogram in some patients. Theoretically, coadministration with other agents that can prolong the QT interval may result in additive effects and increased risk of ventricular arrhythmias including ventricular tachycardia, torsade de pointes, and sudden death.",PK,B,,,,,,False
P0362,T30,PD_overlap,DB00006,Bivalirudin,DB03619,Deoxycholic acid,The risk or severity of bleeding and bruising can be increased when is combined with,The risk or severity of bleeding and bruising can be increased when Bivalirudin is combined with Deoxycholic acid.,"Coadministration with agents that alter hemostasis such as anticoagulants, platelet inhibitors, thrombin inhibitors, thrombolytics, or agents that commonly cause thrombocytopenia may increase the risk of submental hematoma or bruising in association with deoxycholic acid administration.",PD,B,,,,,,False
P0363,T22,PK_supp,DB00490,Buspirone,DB01045,Rifampin,The serum concentration of can be decreased when it is combined with Rifampicin,The serum concentration of Buspirone can be decreased when it is combined with Rifampicin.,,PK,A,Cytochrome P450 3A5,enzyme,substrate,inducer,Rifampin --[inducer]--> Cytochrome P450 3A5 --[substrate: metabolizes]--> Buspirone,True
P0364,T07,PK_overlap,DB01236,Sevoflurane,DB11642,Pitolisant,The serum concentration of can be decreased when it is combined with,The serum concentration of Sevoflurane can be decreased when it is combined with Pitolisant.,"Sevoflurane may cause prolongation of the QT interval. Theoretically, coadministration with other agents that can prolong the QT interval may result in additive effects and increased risk of ventricular arrhythmias including torsade de pointes and sudden death.",PK,A,Cytochrome P450 3A4,enzyme,substrate,inducer,Pitolisant --[inducer]--> Cytochrome P450 3A4 --[substrate: metabolizes]--> Sevoflurane,True
P0365,T05,PK_overlap,DB06237,Avanafil,DB14568,Ivosidenib,The metabolism of can be increased when combined with,The metabolism of Avanafil can be increased when combined with Ivosidenib.,"Theoretically, coadministration with inducers of CYP450 3A4 may decrease the plasma concentrations of avanafil, which is primarily metabolized by the isoenzyme.",PK,A,Cytochrome P450 3A4,enzyme,substrate,inducer,Ivosidenib --[inducer]--> Cytochrome P450 3A4 --[substrate: metabolizes]--> Avanafil,True
P0366,T04,PK_overlap,DB01118,Amiodarone,DB15035,Zanubrutinib,The metabolism of can be decreased when combined with,The metabolism of Zanubrutinib can be decreased when combined with Amiodarone.,"Coadministration with inhibitors of CYP450 3A4 may increase the plasma concentrations of zanubrutinib, which is primarily metabolized by the isoenzyme.",PK,A,Cytochrome P450 3A4,enzyme,inhibitor,substrate,Amiodarone --[inhibitor]--> Cytochrome P450 3A4 --[substrate: metabolizes]--> Zanubrutinib,True
P0367,T27,PD_overlap,DB01203,Nadolol,DB06709,Methacholine,may increase the bronchoconstrictory activities of,Nadolol may increase the bronchoconstrictory activities of Methacholine.,"Patients who are concurrently receiving beta blockers may have exaggerated or prolonged responses (i.e., bronchoconstriction) to methacholine challenge and may not respond readily to treatment. Beta-2-adrenergic blockade increases airway resistance. Ophthalmically applied beta blockers undergo some systemic absorption and potentially may also interact.",PD,B,,,,,,False
P0368,T33,PD_overlap,DB00195,Betaxolol,DB00358,Mefloquine,The risk or severity of QTc prolongation can be decreased when is combined with,The risk or severity of QTc prolongation can be decreased when Mefloquine is combined with Betaxolol.,"Mefloquine is a myocardial depressant and can cause ECG abnormalities. Theoretically, coadministration with other agents that can affect cardiac conduction (e.g., antiarrhythmic agents, beta blockers, calcium channel blockers, certain antihistamines, tricyclic antidepressants, phenothiazines, some neuroleptics) may result in additive effects and increased risk of ventricular arrhythmias including ventricular tachycardia and torsade de pointes.",PD,B,,,,,,False
P0369,T21,PK_supp,DB00091,Cyclosporine,DB06663,Pasireotide,The bioavailability of can be decreased when combined with,The bioavailability of Cyclosporine can be decreased when combined with Pasireotide.,Coadministration with somatostatin analogs may decrease the blood concentrations of cyclosporine. The mechanism of interaction is unknown but may involve reduction of intestinal absorption of cyclosporine.,PK,A,Cytochrome P450 3A4,enzyme,substrate,inhibitor,Pasireotide --[inhibitor]--> Cytochrome P450 3A4 --[substrate: metabolizes]--> Cyclosporine,True
P0370,T45,PD_overlap,DB00275,Olmesartan,DB00862,Vardenafil,may increase the antihypertensive activities of,Vardenafil may increase the antihypertensive activities of Olmesartan.,"Phosphodiesterase-5 (PDE5) inhibitors may potentiate the blood pressure-lowering effect of antihypertensive medications. These agents inhibit PDE5-mediated degradation of cyclic guanosine monophosphate (cGMP), which in vascular smooth muscles can lead to peripheral vasodilation.",PD,B,,,,,,False
P0371,T03,PK_overlap,DB00175,Pravastatin,DB08912,Dabrafenib,The excretion of can be decreased when combined with,The excretion of Pravastatin can be decreased when combined with Dabrafenib.,"Coadministration with dabrafenib may alter the pharmacokinetics of HMG-CoA reductase inhibitors. Dabrafenib has been found in vitro to be an inhibitor of organic anion transporting polypeptide (OATP) 1B1 and 1B3. Since many statins including atorvastatin, fluvastatin, pitavastatin, pravastatin, rosuvastatin, and simvastatin acid (active metabolite of simvastatin) are thought to be substrates of the hepatic uptake transporters, increased plasma concentrations may be expected during coadministration with dabrafenib, although this has not been studied. On the other hand, dabrafenib has also been reported to be an inducer of CYP450 3A4 and 2C9 in vivo. Reduced plasma concentrations may occur for substrates of these isoenzymes such as atorvastatin, fluvastatin, lovastatin, and simvastatin.",PK,A,Solute carrier family 22 member 6,transporter,inhibitor,inhibitor,Pravastatin --[inhibitor]--> Solute carrier family 22 member 6 <--[inhibitor]-- Dabrafenib,True
P0372,T43,PD_overlap,DB00679,Thioridazine,DB06288,Amisulpride,may increase the antipsychotic activities of,Thioridazine may increase the antipsychotic activities of Amisulpride.,"Thioridazine can cause dose-related prolongation of the QT interval. Theoretically, coadministration with other agents that can prolong the QT interval may result in additive effects and increased risk of ventricular arrhythmias including torsade de pointes and sudden death. In addition, certain agents with anticholinergic properties (e.g., sedating antihistamines; antispasmodics; neuroleptics; phenothiazines; skeletal muscle relaxants; tricyclic antidepressants; disopyramide) may have additive parasympatholytic and central nervous system-depressant effects when used in combination with thioridazine. Excessive parasympatholytic effects may include paralytic ileus, hyperthermia, mydriasis, blurred vision, tachycardia, urinary retention, psychosis, and seizures.",PD,A,5-hydroxytryptamine receptor 2A,target,antagonist,antagonist,Thioridazine --[antagonist]--> 5-hydroxytryptamine receptor 2A <--[antagonist]-- Amisulpride,True
P0373,T24,PK_supp,DB00983,Formoterol,DB01045,Rifampin,The metabolism of can be increased when combined with Rifampicin,The metabolism of Formoterol can be increased when combined with Rifampicin.,,PK,A,Cytochrome P450 2C9,enzyme,substrate,inducer,Rifampin --[inducer]--> Cytochrome P450 2C9 --[substrate: metabolizes]--> Formoterol,True
P0374,T27,PD_overlap,DB01193,Acebutolol,DB06709,Methacholine,may increase the bronchoconstrictory activities of,Acebutolol may increase the bronchoconstrictory activities of Methacholine.,"Patients who are concurrently receiving beta blockers may have exaggerated or prolonged responses (i.e., bronchoconstriction) to methacholine challenge and may not respond readily to treatment. Beta-2-adrenergic blockade increases airway resistance. Ophthalmically applied beta blockers undergo some systemic absorption and potentially may also interact.",PD,B,,,,,,False
P0375,T29,PD_overlap,DB00191,Phentermine,DB00579,Mazindol,The risk or severity of serotonin syndrome can be increased when is combined with,The risk or severity of serotonin syndrome can be increased when Phentermine is combined with Mazindol.,"The efficacy of centrally-acting appetite suppressants in combination with other anorectic agents has not been studied, but available data suggest that combined use may have the potential for serious cardiac problems. Possible contributing factors include use for extended periods of time, higher than recommended dosages, and/or use in combination with other anorectic drugs.",PD,A,Sodium-dependent serotonin transporter,target,inhibitor,inhibitor,Phentermine --[inhibitor]--> Sodium-dependent serotonin transporter <--[inhibitor]-- Mazindol,True
P0376,T17,PK_supp,DB00800,Fenoldopam,DB09148,Florbetaben F-18,may decrease the excretion rate of Florbetaben (18F) which could result in a higher serum level,Fenoldopam may decrease the excretion rate of Florbetaben (18F) which could result in a higher serum level.,,PK,B,,,,,,False
P0377,T43,PD_overlap,DB00543,Amoxapine,DB06288,Amisulpride,may increase the antipsychotic activities of,Amoxapine may increase the antipsychotic activities of Amisulpride.,"Amisulpride can cause dose- and concentration-dependent prolongation of the QT interval. Theoretically, coadministration with other agents that can prolong the QT interval may result in additive effects and increased risk of ventricular arrhythmias including torsade de pointes and sudden death.",PD,A,5-hydroxytryptamine receptor 7,target,antagonist,antagonist,Amoxapine --[antagonist]--> 5-hydroxytryptamine receptor 7 <--[antagonist]-- Amisulpride,True
P0378,T14,PK_overlap,DB00956,Hydrocodone,DB08816,Ticagrelor,can cause a decrease in the absorption of resulting in a reduced serum concentration and potentially a decrease in efficacy,Hydrocodone can cause a decrease in the absorption of Ticagrelor resulting in a reduced serum concentration and potentially a decrease in efficacy.,"Coadministration with opioid agonists may delay and reduce the absorption of orally administered P2Y12 inhibitors (e.g., clopidogrel, prasugrel, ticagrelor). The proposed mechanism may involve opioid-mediated slowed gastric emptying.",PK,A,Cytochrome P450 3A4,enzyme,substrate,inhibitor,Ticagrelor --[inhibitor]--> Cytochrome P450 3A4 --[substrate: metabolizes]--> Hydrocodone,True
P0379,T07,PK_overlap,DB06119,Cenobamate,DB09065,Cobicistat,The serum concentration of can be decreased when it is combined with,The serum concentration of Cobicistat can be decreased when it is combined with Cenobamate.,"Coadministration with moderate or weak inducers of CYP450 3A4 may reduce the plasma concentrations of cobicistat, which is primarily metabolized by the isoenzyme.",PK,A,Cytochrome P450 3A5,enzyme,inhibitor,substrate,Cenobamate --[inhibitor]--> Cytochrome P450 3A5 --[substrate: metabolizes]--> Cobicistat,True
P0380,T14,PK_overlap,DB00900,Didanosine,DB01165,Ofloxacin,can cause a decrease in the absorption of resulting in a reduced serum concentration and potentially a decrease in efficacy,Didanosine can cause a decrease in the absorption of Ofloxacin resulting in a reduced serum concentration and potentially a decrease in efficacy.,INTERVAL: Concomitant administration with didanosine buffered tablets or pediatric oral solution may reduce the oral bioavailability of ofloxacin and other quinolone antibiotics. The mechanism is reduced quinolone absorption due to chelation with metallic cations from buffering agents and antacids used in certain formulations of didanosine.,PK,A,Solute carrier family 22 member 6,transporter,substrate,inhibitor,Ofloxacin --[inhibitor]--> Solute carrier family 22 member 6 --[substrate: transports]--> Didanosine,True
P0381,T13,PK_overlap,DB01144,Diclofenamide,DB06799,Methenamine,The serum concentration of the active metabolites of can be reduced when is used in combination with resulting in a loss in efficacy,The serum concentration of the active metabolites of Methenamine can be reduced when Methenamine is used in combination with Diclofenamide resulting in a loss in efficacy.,"Agents that can alkalinize the urine such as thiazide diuretics, carbonic anhydrase inhibitors, and antacids may decrease the antibacterial effectiveness of methenamine by inhibiting its conversion to formaldehyde. Methenamine is most effectively converted in an acidic milieu of pH less than 5.5.",PK,B,,,,,,False
P0382,T48,PD_overlap,DB00959,Methylprednisolone,DB06203,Alogliptin,The risk or severity of hyperglycemia can be increased when is combined with,The risk or severity of hyperglycemia can be increased when Methylprednisolone is combined with Alogliptin.,"The efficacy of insulin and other antidiabetic agents may be diminished by certain drugs, including atypical antipsychotics, corticosteroids, diuretics, estrogens, gonadotropin-releasing hormone agonists, human growth hormone, phenothiazines, progestins, protease inhibitors, sympathomimetic amines, thyroid hormones, L-asparaginase, alpelisib, copanlisib, danazol, diazoxide, isoniazid, megestrol, omacetaxine, phenytoin, tagraxofusp, temsirolimus, as well as pharmacologic dosages of nicotinic acid and adrenocorticotropic agents. These drugs may interfere with blood glucose control because they can cause hyperglycemia, glucose intolerance, new-onset diabetes mellitus, and/or exacerbation of preexisting diabetes.",PD,B,,,,,,False
P0383,T01,PK_overlap,DB00572,Atropine,DB01235,Levodopa,The absorption of can be decreased when combined with,The absorption of Levodopa can be decreased when combined with Atropine.,"Anticholinergic agents may decrease the absorption and oral bioavailability of levodopa. The proposed mechanism involves increased gastrointestinal transit time due to reduction of stomach and intestinal motility by anticholinergic agents, thereby increasing the gastric degradation of levodopa and reducing the amount available for absorption in the small intestine.",PK,B,,,,,,False
P0384,T33,PD_overlap,DB00264,Metoprolol,DB00358,Mefloquine,The risk or severity of QTc prolongation can be decreased when is combined with,The risk or severity of QTc prolongation can be decreased when Mefloquine is combined with Metoprolol.,"Mefloquine is a myocardial depressant and can cause ECG abnormalities. Theoretically, coadministration with other agents that can affect cardiac conduction (e.g., antiarrhythmic agents, beta blockers, calcium channel blockers, certain antihistamines, tricyclic antidepressants, phenothiazines, some neuroleptics) may result in additive effects and increased risk of ventricular arrhythmias including ventricular tachycardia and torsade de pointes.",PD,B,,,,,,False
P0385,T47,PD_overlap,DB00363,Clozapine,DB00552,Pentostatin,The risk or severity of neutropenia can be increased when is combined with,The risk or severity of neutropenia can be increased when Pentostatin is combined with Clozapine.,Coadministration of clozapine with other agents that can cause neutropenia or agranulocytosis may increase the risk and/or severity of hematologic toxicity.,PD,B,,,,,,False
P0386,T07,PK_overlap,DB11901,Apalutamide,DB12500,Fedratinib,The serum concentration of can be decreased when it is combined with,The serum concentration of Fedratinib can be decreased when it is combined with Apalutamide.,"Coadministration with potent or moderate inducers of CYP450 3A4 may decrease the plasma concentrations of fedratinib, which is a substrate of the isoenzyme.",PK,A,Cytochrome P450 3A4,enzyme,inducer,substrate,Apalutamide --[inducer]--> Cytochrome P450 3A4 --[substrate: metabolizes]--> Fedratinib,True
P0387,T31,PD_overlap,DB00169,Cholecalciferol,DB00390,Digoxin,The risk or severity of ventricular arrhythmias and Cardiac Arrhythmia can be increased when is combined with,The risk or severity of ventricular arrhythmias and Cardiac Arrhythmia can be increased when Cholecalciferol is combined with Digoxin.,"Excessive dosing of vitamin D can induce hypercalcemia, which may increase the risk of digitalis toxicity and serious arrhythmias due to additive inotropic effects.",PD,B,,,,,,False
P0388,T02,PK_overlap,DB00248,Cabergoline,DB00727,Nitroglycerin,The bioavailability of can be increased when combined with,The bioavailability of Cabergoline can be increased when combined with Nitroglycerin.,"Many psychotherapeutic and CNS-active agents (e.g., anxiolytics, sedatives, hypnotics, antidepressants, antipsychotics, opioids, alcohol, muscle relaxants) exhibit hypotensive effects, especially during initiation of therapy and dose escalation. Coadministration with antihypertensives and other hypotensive agents, in particular vasodilators and alpha-blockers, may result in additive effects on blood pressure and orthostasis.",PK,B,,,,,,False
P0389,T16,PK_overlap,DB00703,Methazolamide,DB04896,Milnacipran,may increase the excretion rate of which could result in a lower serum level and potentially a reduction in efficacy,Methazolamide may increase the excretion rate of Milnacipran which could result in a lower serum level and potentially a reduction in efficacy.,"Coadministration with diuretics may potentiate the risk of hyponatremia associated with the use of selective serotonin reuptake inhibitors (SSRIs) and serotonin-norepinephrine reuptake inhibitors (SNRIs). Elderly patients and patients taking diuretics or who are otherwise volume-depleted may be at greater risk of developing hyponatremia with SSRIs and SNRIs. Antihypertensive agents such as diuretics may potentiate the orthostatic effect that is occasionally observed upon the initiation of SSRI or SNRI therapy. Syncope and orthostatic hypotension tend to occur within the first week of SNRI/SSRI therapy but can occur at any time during treatment, particularly after a dosage increase. The use of SSRIs or SNRIs may also cause sustained increases in blood pressure and heart rate, which may antagonize the therapeutic effects of antihypertensive medications.",PK,B,,,,,,False
P0390,T05,PK_overlap,DB09048,Netupitant,DB13867,Fluticasone,The metabolism of can be increased when combined with,The metabolism of Netupitant can be increased when combined with Fluticasone.,"Coadministration with moderate inhibitors of CYP450 3A4 may increase the systemic exposure to fluticasone following intranasal administration or oral inhalation. Fluticasone undergoes extensive first-pass and systemic metabolism via CYP450 3A4, thus inhibition of the isoenzyme may significantly increase systemic bioavailability of the drug. However, the extent of interaction may depend on the route of fluticasone administration and the specific formulation.",PK,A,Cytochrome P450 3A4,enzyme,substrate,inhibitor,Fluticasone --[inhibitor]--> Cytochrome P450 3A4 --[substrate: metabolizes]--> Netupitant,True
P0391,T38,PD_overlap,DB00683,Midazolam,DB01069,Promethazine,The risk or severity of sedation and CNS depression can be increased when is combined with,The risk or severity of sedation and CNS depression can be increased when Midazolam is combined with Promethazine.,"Central nervous system- and/or respiratory-depressant effects may be additively or synergistically increased in patients taking multiple drugs that cause these effects, especially in elderly or debilitated patients.",PD,B,,,,,,False
P0392,T47,PD_overlap,DB00363,Clozapine,DB08910,Pomalidomide,The risk or severity of neutropenia can be increased when is combined with,The risk or severity of neutropenia can be increased when Pomalidomide is combined with Clozapine.,Coadministration of clozapine with other agents that can cause neutropenia or agranulocytosis may increase the risk and/or severity of hematologic toxicity.,PD,B,,,,,,False
P0393,T41,PD_overlap,DB00245,Benzatropine,DB06204,Tapentadol,The risk or severity of urinary retention and constipation can be increased when is combined with,The risk or severity of urinary retention and constipation can be increased when Benzatropine is combined with Tapentadol.,"Central nervous system- and/or respiratory-depressant effects may be additively or synergistically increased in patients taking multiple drugs that cause these effects, especially in elderly or debilitated patients.",PD,A,Sodium-dependent serotonin transporter,target,inhibitor,inhibitor,Benzatropine --[inhibitor]--> Sodium-dependent serotonin transporter <--[inhibitor]-- Tapentadol,True
P0394,T22,PK_supp,DB01045,Rifampin,DB06589,Pazopanib,The serum concentration of can be decreased when it is combined with Rifampicin,The serum concentration of Pazopanib can be decreased when it is combined with Rifampicin.,,PK,A,Cytochrome P450 1A2,enzyme,inducer,substrate,Rifampin --[inducer]--> Cytochrome P450 1A2 --[substrate: metabolizes]--> Pazopanib,True
P0395,T28,PD_overlap,DB00480,Lenalidomide,DB00655,Estrone,may increase the thrombogenic activities of,Estrone may increase the thrombogenic activities of Lenalidomide.,"Concomitant treatment with agents that can cause thrombosis such as erythropoiesis-stimulating agents, estrogens, selective estrogen receptor modulators, or C1 esterase inhibitors may potentiate the risk of venous thromboembolic events associated with the use of lenalidomide. Deep vein thrombosis (DVT) and pulmonary embolism (PE) have been observed at significantly increased rates when lenalidomide was coadministered with dexamethasone for the treatment of multiple myeloma.",PD,B,,,,,,False
P0396,T44,PD_overlap,DB00850,Perphenazine,DB00937,Diethylpropion,may decrease the stimulatory activities of,Perphenazine may decrease the stimulatory activities of Diethylpropion.,"Phenothiazines may antagonize the pharmacologic effects of amphetamine, amphetamine derivatives, and other centrally-acting sympathomimetic agents (i.e., CNS stimulants). Conversely, these agents may diminish the neuroleptic efficacy of phenothiazines. The exact mechanism of interaction is unknown but may involve opposing effects on dopaminergic activity.",PD,B,,,,,,False
P0397,T44,PD_overlap,DB00933,Mesoridazine,DB00937,Diethylpropion,may decrease the stimulatory activities of,Mesoridazine may decrease the stimulatory activities of Diethylpropion.,"Phenothiazines may antagonize the pharmacologic effects of amphetamine, amphetamine derivatives, and other centrally-acting sympathomimetic agents (i.e., CNS stimulants). Conversely, these agents may diminish the neuroleptic efficacy of phenothiazines. The exact mechanism of interaction is unknown but may involve opposing effects on dopaminergic activity.",PD,B,,,,,,False
P0398,T34,PD_overlap,DB00714,Apomorphine,DB09082,Vilanterol,The risk or severity of QTc prolongation and ventricular arrhythmias can be increased when is combined with,The risk or severity of QTc prolongation and ventricular arrhythmias can be increased when Vilanterol is combined with Apomorphine.,"Beta-2 adrenergic agonists can cause dose-related prolongation of the QT interval and potassium loss.  Theoretically, coadministration with other agents that can prolong the QT interval may result in additive effects and increased risk of ventricular arrhythmias including torsade de pointes and sudden death.",PD,B,,,,,,False
P0399,T24,PK_supp,DB00918,Almotriptan,DB01045,Rifampin,The metabolism of can be increased when combined with Rifampicin,The metabolism of Almotriptan can be increased when combined with Rifampicin.,,PK,A,Cytochrome P450 3A4,enzyme,substrate,inducer,Rifampin --[inducer]--> Cytochrome P450 3A4 --[substrate: metabolizes]--> Almotriptan,True
P0400,T21,PK_supp,DB00704,Naltrexone,DB04948,Lofexidine,The bioavailability of can be decreased when combined with,The bioavailability of Naltrexone can be decreased when combined with Lofexidine.,,PK,B,,,,,,False
P0401,T22,PK_supp,DB01045,Rifampin,DB08864,Rilpivirine,The serum concentration of can be decreased when it is combined with Rifampicin,The serum concentration of Rilpivirine can be decreased when it is combined with Rifampicin.,,PK,A,Cytochrome P450 3A4,enzyme,inducer,substrate,Rifampin --[inducer]--> Cytochrome P450 3A4 --[substrate: metabolizes]--> Rilpivirine,True
P0402,T30,PD_overlap,DB00266,Dicoumarol,DB05990,Obeticholic acid,The risk or severity of bleeding and bruising can be increased when is combined with,The risk or severity of bleeding and bruising can be increased when Dicoumarol is combined with Obeticholic acid.,Coadministration with obeticholic acid may diminish the hypoprothrombinemic effects of warfarin.,PD,B,,,,,,False
P0403,T46,PD_overlap,DB00289,Atomoxetine,DB13139,Levosalbutamol,may increase the tachycardic activities of,Atomoxetine may increase the tachycardic activities of Levosalbutamol.,"Central nervous system (CNS) stimulants, particularly the amphetamines, can potentiate the adrenergic response to vasopressors and other sympathomimetic agents. Additive increases in blood pressure and heart rate may occur due to enhanced peripheral sympathetic activity.",PD,B,,,,,,False
P0404,T26,PD_overlap,DB00899,Remifentanil,DB01577,Metamfetamine,may increase the analgesic activities of,Metamfetamine may increase the analgesic activities of Remifentanil.,"Coadministration of amphetamines and amphetamine-like drugs with certain opioids or the synthetic opioid derivative, dextromethorphan, may increase the risk of serotonin syndrome. Dextromethorphan and some opioids, particularly those in the phenylpiperidine class, are weak serotonin reuptake inhibitors whose effects may be potentiated by amphetamines.",PD,B,,,,,,False
P0405,T49,PD_overlap,DB00982,Isotretinoin,DB12329,Eravacycline,The risk or severity of pseudotumor cerebri can be increased when is combined with,The risk or severity of pseudotumor cerebri can be increased when Isotretinoin is combined with Eravacycline.,"Concomitant use of vitamin A or related compounds (i.e., retinoids) with tetracyclines may increase the risk of pseudotumor cerebri, also known as benign intracranial hypertension. These agents individually have been associated with the development of pseudotumor cerebri and may have additive effects during coadministration. The interaction has been suspected in reported cases involving the use of isotretinoin or vitamin A in combination with a tetracycline.",PD,B,,,,,,False
P0406,T49,PD_overlap,DB00595,Oxytetracycline,DB00982,Isotretinoin,The risk or severity of pseudotumor cerebri can be increased when is combined with,The risk or severity of pseudotumor cerebri can be increased when Isotretinoin is combined with Oxytetracycline.,"Concomitant use of vitamin A or related compounds (i.e., retinoids) with tetracyclines may increase the risk of pseudotumor cerebri, also known as benign intracranial hypertension. These agents individually have been associated with the development of pseudotumor cerebri and may have additive effects during coadministration. The interaction has been suspected in reported cases involving the use of isotretinoin or vitamin A in combination with a tetracycline.",PD,B,,,,,,False
P0407,T31,PD_overlap,DB01396,Digitoxin,DB06410,Doxercalciferol,The risk or severity of ventricular arrhythmias and Cardiac Arrhythmia can be increased when is combined with,The risk or severity of ventricular arrhythmias and Cardiac Arrhythmia can be increased when Doxercalciferol is combined with Digitoxin.,"Excessive dosing of vitamin D can induce hypercalcemia, which may increase the risk of digitalis toxicity and serious arrhythmias due to additive inotropic effects.",PD,B,,,,,,False
P0408,T36,PD_overlap,DB00136,Calcitriol,DB00436,Bendroflumethiazide,The risk or severity of hypercalcemia can be increased when is combined with,The risk or severity of hypercalcemia can be increased when Bendroflumethiazide is combined with Calcitriol.,"Coadministration of thiazide diuretics with high dosages of calcium and/or vitamin D has been associated with reports of hypercalcemia in some patients. Thiazide diuretics inhibit the renal excretion of calcium and may also enhance responsiveness of bone and renal tubule to parathyroid hormone, thus concurrent use of large amounts of calcium or vitamin D can lead to excessively high plasma levels of calcium. Patients who are particularly susceptible include those with hyperparathyroidism, those being treated for osteoporosis, and those receiving high dosages of vitamin D for hypoparathyroidism. Metabolic alkalosis and the milk-alkali syndrome have been reported during prolonged therapy with thiazide diuretics and calcium.",PD,B,,,,,,False
P0409,T27,PD_overlap,DB00612,Bisoprolol,DB06709,Methacholine,may increase the bronchoconstrictory activities of,Bisoprolol may increase the bronchoconstrictory activities of Methacholine.,"Patients who are concurrently receiving beta blockers may have exaggerated or prolonged responses (i.e., bronchoconstriction) to methacholine challenge and may not respond readily to treatment. Beta-2-adrenergic blockade increases airway resistance. Ophthalmically applied beta blockers undergo some systemic absorption and potentially may also interact.",PD,B,,,,,,False
P0410,T21,PK_supp,DB00847,Cysteamine,DB01129,Rabeprazole,The bioavailability of can be decreased when combined with,The bioavailability of Cysteamine can be decreased when combined with Rabeprazole.,,PK,B,,,,,,False
P0411,T17,PK_supp,DB00665,Nilutamide,DB09148,Florbetaben F-18,may decrease the excretion rate of Florbetaben (18F) which could result in a higher serum level,Nilutamide may decrease the excretion rate of Florbetaben (18F) which could result in a higher serum level.,,PK,B,,,,,,False
P0412,T05,PK_overlap,DB00252,Phenytoin,DB04854,Febuxostat,The metabolism of can be increased when combined with,The metabolism of Febuxostat can be increased when combined with Phenytoin.,"Potent inducers of UGT enzymes (e.g., rifampin, carbamazepine, phenobarbital, phenytoin, ritonavir) may increase the metabolism of febuxostat and decrease its therapeutic efficacy. Febuxostat undergoes extensive metabolism by both conjugation via UGT enzymes including UGT1A1, UGT1A3, UGT1A9, and UGT2B7, and oxidation via cytochrome P450 enzymes. The relative contribution of each isoenzyme and the clinical significance is unknown. Conversely, increased plasma levels of febuxostat may occur after a potent UGT inducer is discontinued.",PK,A,Cytochrome P450 1A2,enzyme,inducer,substrate,Phenytoin --[inducer]--> Cytochrome P450 1A2 --[substrate: metabolizes]--> Febuxostat,True
P0413,T22,PK_supp,DB01045,Rifampin,DB11712,Tezacaftor,The serum concentration of can be decreased when it is combined with Rifampicin,The serum concentration of Tezacaftor can be decreased when it is combined with Rifampicin.,,PK,A,Cytochrome P450 3A4,enzyme,inducer,substrate,Rifampin --[inducer]--> Cytochrome P450 3A4 --[substrate: metabolizes]--> Tezacaftor,True
P0414,T41,PD_overlap,DB00496,Darifenacin,DB06204,Tapentadol,The risk or severity of urinary retention and constipation can be increased when is combined with,The risk or severity of urinary retention and constipation can be increased when Darifenacin is combined with Tapentadol.,"Coadministration of opioids with anticholinergic agents may result in additive central nervous system (CNS), gastrointestinal, and genitourinary effects. The risk and/or severity of adverse effects such as sedation, dizziness, confusion, cognitive and psychomotor impairment, dry mouth, constipation, and urinary retention may increase. Severe constipation may lead to paralytic ileus in some cases.",PD,B,,,,,,False
P0415,T20,PK_supp,DB00300,Tenofovir disoproxil,DB13944,Testosterone enanthate,The excretion of can be increased when combined with,The excretion of Tenofovir disoproxil can be increased when combined with Testosterone enanthate.,,PK,A,Organic anion transporter 3,transporter,substrate,inducer,Testosterone enanthate --[inducer]--> Organic anion transporter 3 --[substrate: transports]--> Tenofovir disoproxil,True
P0416,T31,PD_overlap,DB00153,Ergocalciferol,DB00390,Digoxin,The risk or severity of ventricular arrhythmias and Cardiac Arrhythmia can be increased when is combined with,The risk or severity of ventricular arrhythmias and Cardiac Arrhythmia can be increased when Ergocalciferol is combined with Digoxin.,"Excessive dosing of vitamin D can induce hypercalcemia, which may increase the risk of digitalis toxicity and serious arrhythmias due to additive inotropic effects.",PD,B,,,,,,False
P0417,T26,PD_overlap,DB00295,Morphine,DB00780,Phenelzine,may increase the analgesic activities of,Phenelzine may increase the analgesic activities of Morphine.,"Coadministration of narcotic analgesics with monoamine oxidase inhibitors (MAOIs) has been associated with rare reports of anxiety, confusion, hypotension, respiratory depression, cyanosis, and coma. The mechanism of interaction is unknown, but may involve potentiation of central nervous system (CNS) and respiratory depressant effects by MAOIs. Concomitant use of pentazocine with MAOIs may also cause CNS excitation and hypertension through their respective effects on catecholamines.",PD,B,,,,,,False
P0418,T11,PK_overlap,DB00762,Irinotecan,DB01263,Posaconazole,The serum concentration of the active metabolites of can be decreased when is used in combination with,The serum concentration of the active metabolites of Irinotecan can be decreased when Irinotecan is used in combination with Posaconazole.,"Coadministration with potent inhibitors of CYP450 3A4 may significantly increase the plasma concentrations of irinotecan and its active metabolite, SN-38. CYP450 3A4 is the isoenzyme responsible for the metabolic conversion of irinotecan to its inactive metabolite, APC. Inhibition of APC formation results in more irinotecan metabolism to SN-38, an active and toxic metabolite. High plasma levels of irinotecan and SN-38 may increase the risk of potentially fatal toxicities such as severe diarrhea, neutropenia, sepsis, and thromboembolism.",PK,A,Cytochrome P450 3A4,enzyme,substrate,inhibitor,Posaconazole --[inhibitor]--> Cytochrome P450 3A4 --[substrate: metabolizes]--> Irinotecan,True
P0419,T06,PK_overlap,DB00252,Phenytoin,DB14006,Choline salicylate,The protein binding of can be decreased when combined with,The protein binding of Phenytoin can be decreased when combined with Choline salicylate.,In vitro studies suggest that salicylates may displace phenytoin from plasma protein-binding sites. The potential for phenytoin toxicity exists. The clinical significance is unknown.,PK,B,,,,,,False
P0420,T39,PD_overlap,DB00672,Chlorpropamide,DB01119,Diazoxide,The therapeutic efficacy of can be decreased when used in combination with,The therapeutic efficacy of Chlorpropamide can be decreased when used in combination with Diazoxide.,"The efficacy of insulin and other antidiabetic agents may be diminished by certain drugs, including atypical antipsychotics, corticosteroids, diuretics, estrogens, gonadotropin-releasing hormone agonists, human growth hormone, phenothiazines, progestins, protease inhibitors, sympathomimetic amines, thyroid hormones, L-asparaginase, alpelisib, copanlisib, danazol, diazoxide, isoniazid, megestrol, omacetaxine, phenytoin, tagraxofusp, temsirolimus, as well as pharmacologic dosages of nicotinic acid and adrenocorticotropic agents. These drugs may interfere with blood glucose control because they can cause hyperglycemia, glucose intolerance, new-onset diabetes mellitus, and/or exacerbation of preexisting diabetes.",PD,B,,,,,,False
P0421,T01,PK_overlap,DB00777,Propiomazine,DB01235,Levodopa,The absorption of can be decreased when combined with,The absorption of Levodopa can be decreased when combined with Propiomazine.,"Agents with central antidopaminergic activity such as phenothiazines, neuroleptics, and certain antiemetics may antagonize the pharmacologic effects of dopaminergic drugs, and vice versa. In addition, the central nervous system depressant and hypotensive effects of these agents may be additively or synergistically increased when taken together.",PK,B,,,,,,False
P0422,T45,PD_overlap,DB00862,Vardenafil,DB04861,Nebivolol,may increase the antihypertensive activities of,Vardenafil may increase the antihypertensive activities of Nebivolol.,"Phosphodiesterase-5 (PDE5) inhibitors may potentiate the blood pressure-lowering effect of antihypertensive medications. These agents inhibit PDE5-mediated degradation of cyclic guanosine monophosphate (cGMP), which in vascular smooth muscles can lead to peripheral vasodilation.",PD,B,,,,,,False
P0423,T49,PD_overlap,DB00755,Tretinoin,DB12329,Eravacycline,The risk or severity of pseudotumor cerebri can be increased when is combined with,The risk or severity of pseudotumor cerebri can be increased when Tretinoin is combined with Eravacycline.,"Concomitant use of vitamin A or related compounds (i.e., retinoids) with tetracyclines may increase the risk of pseudotumor cerebri, also known as benign intracranial hypertension. These agents individually have been associated with the development of pseudotumor cerebri and may have additive effects during coadministration. The interaction has been suspected in reported cases involving the use of isotretinoin or vitamin A in combination with a tetracycline.",PD,B,,,,,,False
P0424,T05,PK_overlap,DB00220,Nelfinavir,DB01609,Deferasirox,The metabolism of can be increased when combined with,The metabolism of Deferasirox can be increased when combined with Nelfinavir.,"Coadministration with deferasirox may decrease the plasma concentrations of drugs that are substrates of the CYP450 3A4 isoenzyme. The mechanism may involve induction of CYP450 3A4 activity by deferasirox, although in vitro, the drug has been shown to inhibit CYP450 3A4.",PK,A,Cytochrome P450 3A4,enzyme,substrate,inducer,Deferasirox --[inducer]--> Cytochrome P450 3A4 --[substrate: metabolizes]--> Nelfinavir,True
P0425,T42,PD_overlap,DB00620,Triamcinolone,DB00991,Oxaprozin,The risk or severity of gastrointestinal irritation can be increased when is combined with,The risk or severity of gastrointestinal irritation can be increased when Triamcinolone is combined with Oxaprozin.,"The combined use of corticosteroids and nonsteroidal anti-inflammatory drugs (NSAIDs) may increase the potential for serious gastrointestinal (GI) toxicity, including inflammation, bleeding, ulceration, and perforation.",PD,B,,,,,,False
P0426,T09,PK_overlap,DB01069,Promethazine,DB01242,Clomipramine,"The serum concentration of desmethyl, an active metabolite of , can be increased when used in combination with","The serum concentration of desmethylclomipramine, an active metabolite of Clomipramine, can be increased when used in combination with Promethazine.","Coadministration of a phenothiazine with a tricyclic antidepressant (TCA) may result in elevated plasma concentrations of one or both drugs as well as additive adverse effects. Most phenothiazines and TCAs have been found to undergo metabolism by CYP450 2D6, thus competitive inhibition of the enzyme may occur when more than one of these agents are administered.",PK,A,Cytochrome P450 2D6,enzyme,substrate,inhibitor,Clomipramine --[inhibitor]--> Cytochrome P450 2D6 --[substrate: metabolizes]--> Promethazine,True
P0427,T21,PK_supp,DB00335,Atenolol,DB00415,Ampicillin,The bioavailability of can be decreased when combined with,The bioavailability of Atenolol can be decreased when combined with Ampicillin.,"INTERVAL: The oral coadministration of ampicillin and atenolol may result in decreased plasma concentrations of the latter, possibly due to impaired gastrointestinal absorption in the presence of ampicillin.",PK,B,,,,,,False
P0428,T04,PK_overlap,DB00490,Buspirone,DB04871,Lorcaserin,The metabolism of can be decreased when combined with,The metabolism of Buspirone can be decreased when combined with Lorcaserin.,"Concomitant use of lorcaserin with agents that possess or enhance serotonergic activity such as selective serotonin reuptake inhibitors (SSRIs), selective serotonin-norepinephrine reuptake inhibitors (SNRIs), monoamine oxidase inhibitors (MAOIs), tricyclic antidepressants (TCAs), 5-HT1 receptor agonists (triptans), ergot alkaloids, phenylpiperidine opioids, bupropion, dextromethorphan, linezolid, lithium, St. John's wort, tramadol, and tryptophan may potentiate the risk of serotonin syndrome, which is a rare but serious and potentially fatal condition thought to result from hyperstimulation of brainstem 5-HT1A and 2A receptors.",PK,A,Cytochrome P450 2D6,enzyme,substrate,inhibitor,Lorcaserin --[inhibitor]--> Cytochrome P450 2D6 --[substrate: metabolizes]--> Buspirone,True
P0429,T27,PD_overlap,DB00960,Pindolol,DB06709,Methacholine,may increase the bronchoconstrictory activities of,Pindolol may increase the bronchoconstrictory activities of Methacholine.,"Patients who are concurrently receiving beta blockers may have exaggerated or prolonged responses (i.e., bronchoconstriction) to methacholine challenge and may not respond readily to treatment. Beta-2-adrenergic blockade increases airway resistance. Ophthalmically applied beta blockers undergo some systemic absorption and potentially may also interact.",PD,B,,,,,,False
P0430,T43,PD_overlap,DB00246,Ziprasidone,DB06288,Amisulpride,may increase the antipsychotic activities of,Ziprasidone may increase the antipsychotic activities of Amisulpride.,"Ziprasidone can cause dose-related prolongation of the QT interval. Theoretically, coadministration with other agents that can prolong the QT interval may result in additive effects and increased risk of ventricular arrhythmias including torsade de pointes and sudden death. Excessive parasympatholytic effects may include paralytic ileus, hyperthermia, mydriasis, blurred vision, tachycardia, urinary retention, psychosis, and seizures.",PD,A,5-hydroxytryptamine receptor 7,target,antagonist,antagonist,Ziprasidone --[antagonist]--> 5-hydroxytryptamine receptor 7 <--[antagonist]-- Amisulpride,True
P0431,T37,PD_overlap,DB00700,Eplerenone,DB00876,Eprosartan,The risk or severity of hyperkalemia can be increased when is combined with,The risk or severity of hyperkalemia can be increased when Eplerenone is combined with Eprosartan.,Coadministration of eplerenone with ACE inhibitors or angiotensin II receptor antagonists may increase the risk of hyperkalemia due to additive pharmacodynamic effects.,PD,B,,,,,,False
P0432,T10,PK_overlap,DB00997,Doxorubicin,DB01255,Lisdexamfetamine,"The serum concentration of dextroamphetamine, an active metabolite of , can be increased when used in combination with","The serum concentration of dextroamphetamine, an active metabolite of Lisdexamfetamine, can be increased when used in combination with Doxorubicin.","Limited data suggests the lisdexamfetamine may rarely prolong the QT interval of the electrocardiogram in some patients. Theoretically, coadministration with other agents that can prolong the QT interval may result in additive effects and increased risk of ventricular arrhythmias including ventricular tachycardia, torsade de pointes, and sudden death.",PK,B,,,,,,False
P0433,T34,PD_overlap,DB00280,Disopyramide,DB09082,Vilanterol,The risk or severity of QTc prolongation and ventricular arrhythmias can be increased when is combined with,The risk or severity of QTc prolongation and ventricular arrhythmias can be increased when Vilanterol is combined with Disopyramide.,"Beta-2 adrenergic agonists can cause dose-related prolongation of the QT interval and potassium loss.  Theoretically, coadministration with other agents that can prolong the QT interval may result in additive effects and increased risk of ventricular arrhythmias including torsade de pointes and sudden death.",PD,B,,,,,,False
P0434,T48,PD_overlap,DB00620,Triamcinolone,DB06203,Alogliptin,The risk or severity of hyperglycemia can be increased when is combined with,The risk or severity of hyperglycemia can be increased when Triamcinolone is combined with Alogliptin.,"The efficacy of insulin and other antidiabetic agents may be diminished by certain drugs, including atypical antipsychotics, corticosteroids, diuretics, estrogens, gonadotropin-releasing hormone agonists, human growth hormone, phenothiazines, progestins, protease inhibitors, sympathomimetic amines, thyroid hormones, L-asparaginase, alpelisib, copanlisib, danazol, diazoxide, isoniazid, megestrol, omacetaxine, phenytoin, tagraxofusp, temsirolimus, as well as pharmacologic dosages of nicotinic acid and adrenocorticotropic agents. These drugs may interfere with blood glucose control because they can cause hyperglycemia, glucose intolerance, new-onset diabetes mellitus, and/or exacerbation of preexisting diabetes.",PD,B,,,,,,False
P0435,T06,PK_overlap,DB00414,Acetohexamide,DB00554,Piroxicam,The protein binding of can be decreased when combined with,The protein binding of Acetohexamide can be decreased when combined with Piroxicam.,"The hypoglycemic effect of insulin secretagogues (e.g., sulfonylureas, meglitinides) may be potentiated by certain drugs, including ACE inhibitors, 4-aminoquinolines, amylin analogs, anabolic steroids, fibrates, monoamine oxidase inhibitors (MAOIs, including linezolid), nonsteroidal anti-inflammatory drugs (NSAIDs), salicylates, selective serotonin reuptake inhibitors (SSRIs), sulfonamides, disopyramide, propoxyphene, quinine, quinidine, and ginseng. These drugs may increase the risk of hypoglycemia by enhancing insulin sensitivity (ACE inhibitors, fibrates, ginseng); stimulating insulin secretion (salicylates, NSAIDs, disopyramide, quinine, quinidine, MAOIs, ginseng); decreasing insulin clearance and resistance (4-aminoquinolines); increasing peripheral glucose utilization (SSRIs, insulin-like growth factor); inhibiting gluconeogenesis (SSRIs, MAOIs, insulin-like growth factor); slowing the rate of gastric emptying (amylin analogs); and/or suppressing postprandial glucagon secretion (amylin analogs). Or, they may increase plasma concentration of insulin secretagogues by displacing them from plasma protein binding sites and/or inhibiting their metabolism (fibrates, NSAIDs, salicylates, sulfonamides).",PK,B,,,,,,False
P0436,T35,PD_overlap,DB00983,Formoterol,DB01577,Metamfetamine,may increase the sympathomimetic activities of,Metamfetamine may increase the sympathomimetic activities of Formoterol.,"Central nervous system (CNS) stimulants, particularly the amphetamines, can potentiate the adrenergic response to vasopressors and other sympathomimetic agents. Additive increases in blood pressure and heart rate may occur due to enhanced peripheral sympathetic activity.",PD,B,,,,,,False
P0437,T27,PD_overlap,DB00571,Propranolol,DB06709,Methacholine,may increase the bronchoconstrictory activities of,Propranolol may increase the bronchoconstrictory activities of Methacholine.,"Patients who are concurrently receiving beta blockers may have exaggerated or prolonged responses (i.e., bronchoconstriction) to methacholine challenge and may not respond readily to treatment. Beta-2-adrenergic blockade increases airway resistance. Ophthalmically applied beta blockers undergo some systemic absorption and potentially may also interact.",PD,B,,,,,,False
P0438,T25,PK_supp,DB01212,Ceftriaxone,DB09149,Florbetapir F-18,may decrease the excretion rate of Florbetapir (18F) which could result in a higher serum level,Ceftriaxone may decrease the excretion rate of Florbetapir (18F) which could result in a higher serum level.,,PK,B,,,,,,False
P0439,T02,PK_overlap,DB00196,Fluconazole,DB00603,Medroxyprogesterone acetate,The bioavailability of can be increased when combined with,The bioavailability of Medroxyprogesterone acetate can be increased when combined with Fluconazole.,Azole antifungal agents may increase the plasma concentrations of estrogens and progestins. The mechanism is decreased clearance of the hormones due to inhibition of CYP450 3A4 activity by azole antifungals.,PK,A,Cytochrome P450 3A4,enzyme,inhibitor,substrate,Fluconazole --[inhibitor]--> Cytochrome P450 3A4 --[substrate: metabolizes]--> Medroxyprogesterone acetate,True
P0440,T32,PD_overlap,DB01018,Guanfacine,DB06207,Silodosin,The risk or severity of orthostatic hypotension and dizziness can be increased when is combined with,The risk or severity of orthostatic hypotension and dizziness can be increased when Guanfacine is combined with Silodosin.,Use of guanfacine in combination with antihypertensive agents may result in additive pharmacodynamic effects such as hypotension and syncope.,PD,B,,,,,,False
P0441,T09,PK_overlap,DB00508,Triflupromazine,DB01242,Clomipramine,"The serum concentration of desmethyl, an active metabolite of , can be increased when used in combination with","The serum concentration of desmethylclomipramine, an active metabolite of Clomipramine, can be increased when used in combination with Triflupromazine.","Coadministration of a phenothiazine with a tricyclic antidepressant (TCA) may result in elevated plasma concentrations of one or both drugs as well as additive adverse effects. Most phenothiazines and TCAs have been found to undergo metabolism by CYP450 2D6, thus competitive inhibition of the enzyme may occur when more than one of these agents are administered.",PK,A,ATP-dependent translocase ABCB1,transporter,inhibitor,inhibitor,Triflupromazine --[inhibitor]--> ATP-dependent translocase ABCB1 <--[inhibitor]-- Clomipramine,True
P0442,T39,PD_overlap,DB01403,Methotrimeprazine,DB08907,Canagliflozin,The therapeutic efficacy of can be decreased when used in combination with,The therapeutic efficacy of Canagliflozin can be decreased when used in combination with Methotrimeprazine.,"The efficacy of insulin and other antidiabetic agents may be diminished by certain drugs, including atypical antipsychotics, corticosteroids, diuretics, estrogens, gonadotropin-releasing hormone agonists, human growth hormone, phenothiazines, progestins, protease inhibitors, sympathomimetic amines, thyroid hormones, L-asparaginase, alpelisib, copanlisib, danazol, diazoxide, isoniazid, megestrol, omacetaxine, phenytoin, tagraxofusp, temsirolimus, as well as pharmacologic dosages of nicotinic acid and adrenocorticotropic agents. These drugs may interfere with blood glucose control because they can cause hyperglycemia, glucose intolerance, new-onset diabetes mellitus, and/or exacerbation of preexisting diabetes.",PD,B,,,,,,False
P0443,T28,PD_overlap,DB00783,Estradiol,DB01041,Thalidomide,may increase the thrombogenic activities of,Estradiol may increase the thrombogenic activities of Thalidomide.,"Concomitant treatment with agents that can cause thrombosis such as erythropoiesis-stimulating agents, oestrogens, selective estrogen receptor modulators, or C1 esterase inhibitors may potentiate the risk of venous thromboembolic events associated with the use of thalidomide. When used in multiple myeloma, there is an increased risk of venous thromboembolism such as deep venous thrombosis and pulmonary embolism. This risk increases significantly when thalidomide is combined with standard chemotherapeutic agents and/or steroids.",PD,B,,,,,,False
P0444,T17,PK_supp,DB08910,Pomalidomide,DB09148,Florbetaben F-18,may decrease the excretion rate of Florbetaben (18F) which could result in a higher serum level,Pomalidomide may decrease the excretion rate of Florbetaben (18F) which could result in a higher serum level.,,PK,B,,,,,,False
P0445,T33,PD_overlap,DB00358,Mefloquine,DB00373,Timolol,The risk or severity of QTc prolongation can be decreased when is combined with,The risk or severity of QTc prolongation can be decreased when Mefloquine is combined with Timolol.,"Mefloquine is a myocardial depressant and can cause ECG abnormalities. Theoretically, coadministration with other agents that can affect cardiac conduction (e.g., antiarrhythmic agents, beta blockers, calcium channel blockers, certain antihistamines, tricyclic antidepressants, phenothiazines, some neuroleptics) may result in additive effects and increased risk of ventricular arrhythmias including ventricular tachycardia and torsade de pointes.",PD,B,,,,,,False
P0446,T50,PD_overlap,DB01149,Nefazodone,DB01367,Rasagiline,may increase the serotonergic activities of,Rasagiline may increase the serotonergic activities of Nefazodone.,"By inhibiting serotonin metabolism, monoamine oxidase inhibitors (MAOIs) may potentiate the pharmacologic activity of serotonergic agents such as serotonin reuptake inhibitors, 5-HT1 receptor agonists, ergot alkaloids, buspirone, dextromethorphan, and most antidepressants. The result may be an increased risk of serotonin syndrome, which is a rare but serious and potentially fatal condition thought to result from hyperstimulation of brainstem 5-HT1A and 2A receptors.",PD,B,,,,,,False
P0447,T14,PK_overlap,DB00334,Olanzapine,DB01254,Dasatinib,can cause a decrease in the absorption of resulting in a reduced serum concentration and potentially a decrease in efficacy,Olanzapine can cause a decrease in the absorption of Dasatinib resulting in a reduced serum concentration and potentially a decrease in efficacy.,It is uncertain whether olanzapine causes clinically significant prolongation of the QT interval.,PK,A,Cytochrome P450 3A4,enzyme,inhibitor,substrate,Olanzapine --[inhibitor]--> Cytochrome P450 3A4 --[substrate: metabolizes]--> Dasatinib,True
P0448,T31,PD_overlap,DB00390,Digoxin,DB06410,Doxercalciferol,The risk or severity of ventricular arrhythmias and Cardiac Arrhythmia can be increased when is combined with,The risk or severity of ventricular arrhythmias and Cardiac Arrhythmia can be increased when Doxercalciferol is combined with Digoxin.,"Excessive dosing of vitamin D can induce hypercalcemia, which may increase the risk of digitalis toxicity and serious arrhythmias due to additive inotropic effects.",PD,B,,,,,,False
P0449,T49,PD_overlap,DB00459,Acitretin,DB00759,Tetracycline,The risk or severity of pseudotumor cerebri can be increased when is combined with,The risk or severity of pseudotumor cerebri can be increased when Acitretin is combined with Tetracycline.,"Concomitant use of vitamin A or related compounds (i.e., retinoids) with tetracyclines may increase the risk of pseudotumor cerebri, also known as benign intracranial hypertension. These agents individually have been associated with the development of pseudotumor cerebri and may have additive effects during coadministration. The interaction has been suspected in reported cases involving the use of isotretinoin or vitamin A in combination with a tetracycline.",PD,B,,,,,,False
P0450,T32,PD_overlap,DB00542,Benazepril,DB06207,Silodosin,The risk or severity of orthostatic hypotension and dizziness can be increased when is combined with,The risk or severity of orthostatic hypotension and dizziness can be increased when Benazepril is combined with Silodosin.,"Additive hypotensive effects may occur when ACE inhibitors are used in combination with alpha-blockers. In the presence of ACE inhibition, the risk and/or severity of first-dose effects associated with alpha-blockers such as postural hypotension and syncope may be increased.",PD,B,,,,,,False
P0451,T25,PK_supp,DB06824,Triethylenetetramine,DB09149,Florbetapir F-18,may decrease the excretion rate of Florbetapir (18F) which could result in a higher serum level,Triethylenetetramine may decrease the excretion rate of Florbetapir (18F) which could result in a higher serum level.,,PK,B,,,,,,False
P0452,T06,PK_overlap,DB00451,Levothyroxine,DB00564,Carbamazepine,The protein binding of can be decreased when combined with,The protein binding of Levothyroxine can be decreased when combined with Carbamazepine.,"Carbamazepine and phenytoin may decrease exogenous thyroid plasma concentrations resulting in elevated thyroid stimulating hormone (TSH) and possible exacerbation of hypothyroidism. The mechanism may be induction of hepatic CYP450 enzymes responsible for thyroxine (T4) and triiodothyronine (T3) metabolism. In addition, T3 and T4 may be displaced from thyroxine binding globulin by phenytoin. Clinical data are limited.",PK,B,,,,,,False
P0453,T37,PD_overlap,DB00347,Trimethadione,DB01219,Dantrolene,The risk or severity of hyperkalemia can be increased when is combined with,The risk or severity of hyperkalemia can be increased when Dantrolene is combined with Trimethadione.,"Central nervous system- and/or respiratory-depressant effects may be additively or synergistically increased in patients taking multiple drugs that cause these effects, especially in elderly or debilitated patients.",PD,B,,,,,,False
P0454,T06,PK_overlap,DB00554,Piroxicam,DB01067,Glipizide,The protein binding of can be decreased when combined with,The protein binding of Glipizide can be decreased when combined with Piroxicam.,"The hypoglycemic effect of insulin secretagogues (e.g., sulfonylureas, meglitinides) may be potentiated by certain drugs, including ACE inhibitors, 4-aminoquinolines, amylin analogs, anabolic steroids, fibrates, monoamine oxidase inhibitors (MAOIs, including linezolid), nonsteroidal anti-inflammatory drugs (NSAIDs), salicylates, selective serotonin reuptake inhibitors (SSRIs), sulfonamides, disopyramide, propoxyphene, quinine, quinidine, and ginseng. These drugs may increase the risk of hypoglycemia by enhancing insulin sensitivity (ACE inhibitors, fibrates, ginseng); stimulating insulin secretion (salicylates, NSAIDs, disopyramide, quinine, quinidine, MAOIs, ginseng); decreasing insulin clearance and resistance (4-aminoquinolines); increasing peripheral glucose utilization (SSRIs, insulin-like growth factor); inhibiting gluconeogenesis (SSRIs, MAOIs, insulin-like growth factor); slowing the rate of gastric emptying (amylin analogs); and/or suppressing postprandial glucagon secretion (amylin analogs). Or, they may increase plasma concentration of insulin secretagogues by displacing them from plasma protein binding sites and/or inhibiting their metabolism (fibrates, NSAIDs, salicylates, sulfonamides).",PK,B,,,,,,False
P0455,T46,PD_overlap,DB06707,Levonordefrin,DB08918,Levomilnacipran,may increase the tachycardic activities of,Levomilnacipran may increase the tachycardic activities of Levonordefrin.,"Additive or synergistic effects on blood pressure and heart rate may occur when serotonin-norepinephrine reuptake inhibitors (SNRIs) are combined with sympathomimetic agents such as nasal decongestants, adrenergic bronchodilators, ophthalmic vasoconstrictors, and systemic vasopressors. The use of SNRIs alone has been associated with sustained increases in blood pressure and heart rate, and cases of elevated blood pressure requiring immediate treatment have been reported in postmarketing experience.",PD,B,,,,,,False
P0456,T18,PK_supp,DB00908,Quinidine,DB09149,Florbetapir F-18,Florbetapir (18F) may decrease the excretion rate of which could result in a higher serum level,Florbetapir (18F) may decrease the excretion rate of Quinidine which could result in a higher serum level.,,PK,B,,,,,,False
P0457,T45,PD_overlap,DB00246,Ziprasidone,DB00657,Mecamylamine,may increase the antihypertensive activities of,Ziprasidone may increase the antihypertensive activities of Mecamylamine.,"Phenothiazines and neuroleptic agents may potentiate the hypotensive effect of some medications secondary to their peripheral alpha-1 adrenergic blocking activity. Orthostatic hypotension and syncope associated with vasodilation may occur, particularly during initial dosing and/or parenteral administration of the phenothiazine or neuroleptic.",PD,B,,,,,,False
P0458,T19,PK_supp,DB09148,Florbetaben F-18,DB13944,Testosterone enanthate,Florbetaben (18F) may decrease the excretion rate of which could result in a higher serum level,Florbetaben (18F) may decrease the excretion rate of Testosterone enanthate which could result in a higher serum level.,,PK,B,,,,,,False
P0459,T50,PD_overlap,DB00543,Amoxapine,DB01367,Rasagiline,may increase the serotonergic activities of,Rasagiline may increase the serotonergic activities of Amoxapine.,"Coadministration of monoamine oxidase inhibitors (MAOIs) and dibenzazepine derivatives (e.g., tricyclic and tetracyclic antidepressants, cyclobenzaprine, carbamazepine) may produce significant adverse reactions including nausea, vomiting, flushing, dizziness, tremor, myoclonus, rigidity, diaphoresis, hyperthermia, autonomic instability, hypertensive crises, disseminated intravascular coagulation, severe convulsive seizures, coma, and death. The exact mechanism of interaction is unknown, but may involve excessive serotonergic activity in the central nervous system (i.e., serotonin syndrome).",PD,B,,,,,,False
P0460,T19,PK_supp,DB00552,Pentostatin,DB09148,Florbetaben F-18,Florbetaben (18F) may decrease the excretion rate of which could result in a higher serum level,Florbetaben (18F) may decrease the excretion rate of Pentostatin which could result in a higher serum level.,,PK,B,,,,,,False
P0461,T17,PK_supp,DB04812,Benoxaprofen,DB09148,Florbetaben F-18,may decrease the excretion rate of Florbetaben (18F) which could result in a higher serum level,Benoxaprofen may decrease the excretion rate of Florbetaben (18F) which could result in a higher serum level.,,PK,B,,,,,,False
P0462,T06,PK_overlap,DB00586,Diclofenac,DB01067,Glipizide,The protein binding of can be decreased when combined with,The protein binding of Glipizide can be decreased when combined with Diclofenac.,"The hypoglycemic effect of insulin secretagogues (e.g., sulfonylureas, meglitinides) may be potentiated by certain drugs, including ACE inhibitors, 4-aminoquinolines, amylin analogs, anabolic steroids, fibrates, monoamine oxidase inhibitors (MAOIs, including linezolid), nonsteroidal anti-inflammatory drugs (NSAIDs), salicylates, selective serotonin reuptake inhibitors (SSRIs), sulfonamides, disopyramide, propoxyphene, quinine, quinidine, and ginseng. These drugs may increase the risk of hypoglycemia by enhancing insulin sensitivity (ACE inhibitors, fibrates, ginseng); stimulating insulin secretion (salicylates, NSAIDs, disopyramide, quinine, quinidine, MAOIs, ginseng); decreasing insulin clearance and resistance (4-aminoquinolines); increasing peripheral glucose utilization (SSRIs, insulin-like growth factor); inhibiting gluconeogenesis (SSRIs, MAOIs, insulin-like growth factor); slowing the rate of gastric emptying (amylin analogs); and/or suppressing postprandial glucagon secretion (amylin analogs). Or, they may increase plasma concentration of insulin secretagogues by displacing them from plasma protein binding sites and/or inhibiting their metabolism (fibrates, NSAIDs, salicylates, sulfonamides).",PK,B,,,,,,False
P0463,T05,PK_overlap,DB06413,Armodafinil,DB09237,Levamlodipine,The metabolism of can be increased when combined with,The metabolism of Levamlodipine can be increased when combined with Armodafinil.,"Coadministration with modafinil (the racemate) or armodafinil (the R-enantiomer) may decrease the plasma concentrations of drugs that are substrates of the CYP450 3A4 isoenzyme. Modafinil and armodafinil are modest inducers of CYP450 3A4, and pharmacokinetic studies suggest that their effects may be primarily intestinal rather than hepatic. Thus, clinically significant interactions would most likely be expected with drugs that have low oral bioavailability due to significant intestinal CYP450 3A4-mediated first-pass metabolism (e.g., buspirone, cyclosporine, lovastatin, midazolam, saquinavir, simvastatin, sirolimus, tacrolimus, triazolam, calcium channel blockers). However, the potential for interaction should be considered with any drug metabolized by CYP450 3A4, especially given the high degree of interpatient variability with respect to CYP450-mediated metabolism. Pharmacologic response to these drugs may be altered and should be monitored more closely whenever modafinil or armodafinil is added to or withdrawn from therapy. Dosage adjustments may be required if an interaction is suspected.",PK,A,Cytochrome P450 3A4,enzyme,inducer,substrate,Armodafinil --[inducer]--> Cytochrome P450 3A4 --[substrate: metabolizes]--> Levamlodipine,True
P0464,T35,PD_overlap,DB00871,Terbutaline,DB00983,Formoterol,may increase the sympathomimetic activities of,Terbutaline may increase the sympathomimetic activities of Formoterol.,"Coadministration of beta-2 adrenergic agonists with other adrenergic agents may potentiate the risk of cardiovascular side effects. Beta-2 adrenergic agonists can produce clinically significant cardiovascular effects including increases in pulse rate and systolic or diastolic blood pressure as well as ECG changes such as flattening of the T wave, prolongation of the QTc interval, and ST segment depression. The risk is lower when beta-2 adrenergic agonists are inhaled at normally recommended dosages.",PD,A,Beta-3 adrenergic receptor,target,agonist,agonist,Terbutaline --[agonist]--> Beta-3 adrenergic receptor <--[agonist]-- Formoterol,True
P0465,T24,PK_supp,DB00976,Telithromycin,DB01045,Rifampin,The metabolism of can be increased when combined with Rifampicin,The metabolism of Telithromycin can be increased when combined with Rifampicin.,,PK,A,Cytochrome P450 3A4,enzyme,substrate,inducer,Rifampin --[inducer]--> Cytochrome P450 3A4 --[substrate: metabolizes]--> Telithromycin,True
P0466,T26,PD_overlap,DB00182,Amphetamine,DB00899,Remifentanil,may increase the analgesic activities of,Amphetamine may increase the analgesic activities of Remifentanil.,"Coadministration of amphetamines and amphetamine-like drugs with certain opioids or the synthetic opioid derivative, dextromethorphan, may increase the risk of serotonin syndrome. Dextromethorphan and some opioids, particularly those in the phenylpiperidine class, are weak serotonin reuptake inhibitors whose effects may be potentiated by amphetamines.",PD,B,,,,,,False
P0467,T03,PK_overlap,DB00331,Metformin,DB12267,Brigatinib,The excretion of can be decreased when combined with,The excretion of Metformin can be decreased when combined with Brigatinib.,"The efficacy of insulin and other antidiabetic agents may be diminished by certain drugs, including atypical antipsychotics, corticosteroids, diuretics, estrogens, gonadotropin-releasing hormone agonists, human growth hormone, phenothiazines, progestins, protease inhibitors, sympathomimetic amines, thyroid hormones, L-asparaginase, alpelisib, copanlisib, danazol, diazoxide, isoniazid, megestrol, omacetaxine, phenytoin, tagraxofusp, temsirolimus, as well as pharmacologic dosages of nicotinic acid and adrenocorticotropic agents. These drugs may interfere with blood glucose control because they can cause hyperglycemia, glucose intolerance, new-onset diabetes mellitus, and/or exacerbation of preexisting diabetes.",PK,A,Multidrug and toxin extrusion protein 2,transporter,substrate,inhibitor,Brigatinib --[inhibitor]--> Multidrug and toxin extrusion protein 2 --[substrate: transports]--> Metformin,True
P0468,T32,PD_overlap,DB01162,Terazosin,DB06207,Silodosin,The risk or severity of orthostatic hypotension and dizziness can be increased when is combined with,The risk or severity of orthostatic hypotension and dizziness can be increased when Terazosin is combined with Silodosin.,"Additive pharmacodynamic effects may be expected when relatively selective alpha-1A adrenoreceptor antagonists are coadministered with other alpha-blockers. Clinical data have not been reported, but there may be an increased risk and/or severity of adverse effects related to blockade of alpha-1 adrenergic receptors in the peripheral vasculature such as postural hypotension, dizziness, headache, syncope, priapism, and nasal congestion. These effects have occurred with alpha-1A adrenoreceptor antagonists even when given alone for the treatment of benign prostatic hyperplasia, despite relative selectivity for the 1A subtype of alpha-1 adrenoreceptors located in prostatic and bladder tissues.",PD,A,Alpha-1D adrenergic receptor,target,antagonist,antagonist,Terazosin --[antagonist]--> Alpha-1D adrenergic receptor <--[antagonist]-- Silodosin,True
P0469,T46,PD_overlap,DB00388,Phenylephrine,DB06700,Desvenlafaxine,may increase the tachycardic activities of,Desvenlafaxine may increase the tachycardic activities of Phenylephrine.,"Additive or synergistic effects on blood pressure and heart rate may occur when serotonin-norepinephrine reuptake inhibitors (SNRIs) are combined with sympathomimetic agents such as nasal decongestants, adrenergic bronchodilators, ophthalmic vasoconstrictors, and systemic vasopressors. The use of SNRIs alone has been associated with sustained increases in blood pressure and heart rate, and cases of elevated blood pressure requiring immediate treatment have been reported in postmarketing experience.",PD,B,,,,,,False
P0470,T17,PK_supp,DB00328,Indomethacin,DB09148,Florbetaben F-18,may decrease the excretion rate of Florbetaben (18F) which could result in a higher serum level,Indomethacin may decrease the excretion rate of Florbetaben (18F) which could result in a higher serum level.,,PK,B,,,,,,False
P0471,T28,PD_overlap,DB00480,Lenalidomide,DB04575,Quinestrol,may increase the thrombogenic activities of,Quinestrol may increase the thrombogenic activities of Lenalidomide.,"Concomitant treatment with agents that can cause thrombosis such as erythropoiesis-stimulating agents, estrogens, selective estrogen receptor modulators, or C1 esterase inhibitors may potentiate the risk of venous thromboembolic events associated with the use of lenalidomide. Deep vein thrombosis (DVT) and pulmonary embolism (PE) have been observed at significantly increased rates when lenalidomide was coadministered with dexamethasone for the treatment of multiple myeloma.",PD,B,,,,,,False
P0472,T45,PD_overlap,DB00203,Sildenafil,DB01089,Deserpidine,may increase the antihypertensive activities of,Sildenafil may increase the antihypertensive activities of Deserpidine.,"Phosphodiesterase-5 (PDE5) inhibitors may potentiate the blood pressure-lowering effect of antihypertensive medications. These agents inhibit PDE5-mediated degradation of cyclic guanosine monophosphate (cGMP), which in vascular smooth muscles can lead to peripheral vasodilation.",PD,B,,,,,,False
P0473,T20,PK_supp,DB00177,Valsartan,DB02659,Cholic Acid,The excretion of can be increased when combined with,The excretion of Valsartan can be increased when combined with Cholic Acid.,,PK,A,Solute carrier organic anion transporter family member 1B1,transporter,substrate,inhibitor,Cholic Acid --[inhibitor]--> Solute carrier organic anion transporter family member 1B1 --[substrate: transports]--> Valsartan,True
P0474,T39,PD_overlap,DB00921,Buprenorphine,DB09020,Bisacodyl,The therapeutic efficacy of can be decreased when used in combination with,The therapeutic efficacy of Bisacodyl can be decreased when used in combination with Buprenorphine.,Bowel cleansing as well as overuse of certain laxatives may cause electrolyte loss and increase the risk of torsade de pointes ventricular arrhythmia in patients treated with drugs that prolong the QT interval. Electrolyte disturbances including hypokalemia and hypomagnesemia have been reported with laxative abuse and are known risk factors for torsade de pointes associated with QT interval prolongation.,PD,B,,,,,,False
P0475,T30,PD_overlap,DB03619,Deoxycholic acid,DB06228,Rivaroxaban,The risk or severity of bleeding and bruising can be increased when is combined with,The risk or severity of bleeding and bruising can be increased when Rivaroxaban is combined with Deoxycholic acid.,"Coadministration with agents that alter hemostasis such as anticoagulants, platelet inhibitors, thrombin inhibitors, thrombolytics, or agents that commonly cause thrombocytopenia may increase the risk of submental hematoma or bruising in association with deoxycholic acid administration.",PD,B,,,,,,False
P0476,T42,PD_overlap,DB00741,Hydrocortisone,DB00814,Meloxicam,The risk or severity of gastrointestinal irritation can be increased when is combined with,The risk or severity of gastrointestinal irritation can be increased when Hydrocortisone is combined with Meloxicam.,"The combined use of corticosteroids and nonsteroidal anti-inflammatory drugs (NSAIDs) may increase the potential for serious gastrointestinal (GI) toxicity, including inflammation, bleeding, ulceration, and perforation.",PD,B,,,,,,False
P0477,T35,PD_overlap,DB00983,Formoterol,DB04948,Lofexidine,may increase the sympathomimetic activities of,Lofexidine may increase the sympathomimetic activities of Formoterol.,"Beta-2 adrenergic agonists can cause dose-related prolongation of the QT interval and potassium loss. Theoretically, coadministration with other agents that can prolong the QT interval may result in additive effects and increased risk of ventricular arrhythmias including torsade de pointes and sudden death. Clinically significant prolongation of QT interval and hypokalemia occur infrequently when beta-2 agonists are inhaled at normally recommended dosages. However, these effects may be more common when the drugs are administered systemically or when recommended dosages are exceeded.",PD,B,,,,,,False
P0478,T26,PD_overlap,DB00708,Sufentanil,DB00865,Benzphetamine,may increase the analgesic activities of,Benzphetamine may increase the analgesic activities of Sufentanil.,"Coadministration of amphetamines and amphetamine-like drugs with certain opioids or the synthetic opioid derivative, dextromethorphan, may increase the risk of serotonin syndrome. Dextromethorphan and some opioids, particularly those in the phenylpiperidine class, are weak serotonin reuptake inhibitors whose effects may be potentiated by amphetamines.",PD,B,,,,,,False
P0479,T31,PD_overlap,DB00390,Digoxin,DB01070,Dihydrotachysterol,The risk or severity of ventricular arrhythmias and Cardiac Arrhythmia can be increased when is combined with,The risk or severity of ventricular arrhythmias and Cardiac Arrhythmia can be increased when Dihydrotachysterol is combined with Digoxin.,"Excessive dosing of vitamin D can induce hypercalcemia, which may increase the risk of digitalis toxicity and serious arrhythmias due to additive inotropic effects.",PD,B,,,,,,False
P0480,T15,PK_overlap,DB01030,Topotecan,DB08826,Deferiprone,may decrease the excretion rate of which could result in a higher serum level,Topotecan may decrease the excretion rate of Deferiprone which could result in a higher serum level.,"Coadministration of deferiprone and other drugs that can cause neutropenia or agranulocytosis may increase the risk and/or severity of hematologic toxicity. Deferiprone alone can cause agranulocytosis, which may be preceded by neutropenia.",PK,B,,,,,,False
P0481,T14,PK_overlap,DB00213,Pantoprazole,DB11963,Dacomitinib,can cause a decrease in the absorption of resulting in a reduced serum concentration and potentially a decrease in efficacy,Pantoprazole can cause a decrease in the absorption of Dacomitinib resulting in a reduced serum concentration and potentially a decrease in efficacy.,Coadministration with proton pump inhibitors (PPIs) may decrease the plasma concentrations of dacomitinib. The proposed mechanism is a pH-dependent reduction in dissolution or absorption of dacomitinib due to prolonged gastric acid suppression induced by PPIs.,PK,A,Broad substrate specificity ATP-binding cassette transporter ABCG2,transporter,substrate,inhibitor,Dacomitinib --[inhibitor]--> Broad substrate specificity ATP-binding cassette transporter ABCG2 --[substrate: transports]--> Pantoprazole,True
P0482,T16,PK_overlap,DB00231,Temazepam,DB00977,Ethinylestradiol,may increase the excretion rate of which could result in a lower serum level and potentially a reduction in efficacy,Ethinylestradiol may increase the excretion rate of Temazepam which could result in a lower serum level and potentially a reduction in efficacy.,"Oral contraceptives may increase the clearance rate of benzodiazepines that undergo glucuronidation (such as lorazepam, oxazepam, and temazepam). Close observation for signs and symptoms of altered benzodiazepine effect is recommended.",PK,B,,,,,,False
P0483,T36,PD_overlap,DB00146,Calcifediol,DB01021,Trichlormethiazide,The risk or severity of hypercalcemia can be increased when is combined with,The risk or severity of hypercalcemia can be increased when Trichlormethiazide is combined with Calcifediol.,"Coadministration of thiazide diuretics with high dosages of calcium and/or vitamin D has been associated with reports of hypercalcemia in some patients. Thiazide diuretics inhibit the renal excretion of calcium and may also enhance responsiveness of bone and renal tubule to parathyroid hormone, thus concurrent use of large amounts of calcium or vitamin D can lead to excessively high plasma levels of calcium. Patients who are particularly susceptible include those with hyperparathyroidism, those being treated for osteoporosis, and those receiving high dosages of vitamin D for hypoparathyroidism. Metabolic alkalosis and the milk-alkali syndrome have been reported during prolonged therapy with thiazide diuretics and calcium.",PD,B,,,,,,False
P0484,T10,PK_overlap,DB01118,Amiodarone,DB01255,Lisdexamfetamine,"The serum concentration of dextroamphetamine, an active metabolite of , can be increased when used in combination with","The serum concentration of dextroamphetamine, an active metabolite of Lisdexamfetamine, can be increased when used in combination with Amiodarone.","Class IA (e.g., disopyramide, quinidine, procainamide) and class III (e.g., amiodarone, dofetilide, sotalol) antiarrhythmic agents can cause dose-related prolongation of the QT interval. Theoretically, coadministration with other agents that can prolong the QT interval may result in additive effects and increased risk of ventricular arrhythmias including torsade de pointes and sudden death.",PK,B,,,,,,False
P0485,T38,PD_overlap,DB00683,Midazolam,DB08883,Perampanel,The risk or severity of sedation and CNS depression can be increased when is combined with,The risk or severity of sedation and CNS depression can be increased when Midazolam is combined with Perampanel.,"Central nervous system- and/or respiratory-depressant effects may be additively or synergistically increased in patients taking multiple drugs that cause these effects, especially in elderly or debilitated patients.",PD,B,,,,,,False
P0486,T09,PK_overlap,DB01242,Clomipramine,DB01246,Alimemazine,"The serum concentration of desmethyl, an active metabolite of , can be increased when used in combination with","The serum concentration of desmethylclomipramine, an active metabolite of Clomipramine, can be increased when used in combination with Alimemazine.","Coadministration of a phenothiazine with a tricyclic antidepressant (TCA) may result in elevated plasma concentrations of one or both drugs as well as additive adverse effects. Most phenothiazines and TCAs have been found to undergo metabolism by CYP450 2D6, thus competitive inhibition of the enzyme may occur when more than one of these agents are administered.",PK,B,,,,,,False
P0487,T46,PD_overlap,DB00841,Dobutamine,DB08918,Levomilnacipran,may increase the tachycardic activities of,Levomilnacipran may increase the tachycardic activities of Dobutamine.,"Additive or synergistic effects on blood pressure and heart rate may occur when serotonin-norepinephrine reuptake inhibitors (SNRIs) are combined with sympathomimetic agents such as nasal decongestants, adrenergic bronchodilators, ophthalmic vasoconstrictors, and systemic vasopressors. The use of SNRIs alone has been associated with sustained increases in blood pressure and heart rate, and cases of elevated blood pressure requiring immediate treatment have been reported in postmarketing experience.",PD,B,,,,,,False
P0488,T34,PD_overlap,DB01403,Methotrimeprazine,DB09082,Vilanterol,The risk or severity of QTc prolongation and ventricular arrhythmias can be increased when is combined with,The risk or severity of QTc prolongation and ventricular arrhythmias can be increased when Vilanterol is combined with Methotrimeprazine.,"Beta-2 adrenergic agonists can cause dose-related prolongation of the QT interval and potassium loss.  Theoretically, coadministration with other agents that can prolong the QT interval may result in additive effects and increased risk of ventricular arrhythmias including torsade de pointes and sudden death.",PD,B,,,,,,False
P0489,T22,PK_supp,DB01045,Rifampin,DB08899,Enzalutamide,The serum concentration of can be decreased when it is combined with Rifampicin,The serum concentration of Enzalutamide can be decreased when it is combined with Rifampicin.,,PK,A,Cytochrome P450 3A4,enzyme,inducer,substrate,Rifampin --[inducer]--> Cytochrome P450 3A4 --[substrate: metabolizes]--> Enzalutamide,True
P0490,T47,PD_overlap,DB00363,Clozapine,DB04845,Ixabepilone,The risk or severity of neutropenia can be increased when is combined with,The risk or severity of neutropenia can be increased when Ixabepilone is combined with Clozapine.,Coadministration of clozapine with other agents that can cause neutropenia or agranulocytosis may increase the risk and/or severity of hematologic toxicity.,PD,B,,,,,,False
P0491,T13,PK_overlap,DB00758,Clopidogrel,DB06413,Armodafinil,The serum concentration of the active metabolites of can be reduced when is used in combination with resulting in a loss in efficacy,The serum concentration of the active metabolites of Clopidogrel can be reduced when Clopidogrel is used in combination with Armodafinil resulting in a loss in efficacy.,"Coadministration with inhibitors of CYP450 2C19 may reduce the efficacy of clopidogrel, whose antiplatelet effect is dependent in part on bioactivation by the isoenzyme to a pharmacologically active metabolite.",PK,A,Cytochrome P450 1A2,enzyme,substrate,inducer,Armodafinil --[inducer]--> Cytochrome P450 1A2 --[substrate: metabolizes]--> Clopidogrel,True
P0492,T50,PD_overlap,DB00579,Mazindol,DB09241,Methylene blue,may increase the serotonergic activities of,Mazindol may increase the serotonergic activities of Methylene blue.,"Centrally-acting sympathomimetic agents (i.e., CNS stimulants), particularly the amphetamines and amphetamine derivatives, may precipitate severe hypertensive reactions and hyperpyrexia in patients treated with monoamine oxidase inhibitors (MAOIs). MAOIs also slow amphetamine metabolism, which may potentiate amphetamine effect on the release of norepinephrine and other monoamines from adrenergic nerve endings.",PD,B,,,,,,False
P0493,T03,PK_overlap,DB00242,Cladribine,DB12001,Abemaciclib,The excretion of can be decreased when combined with,The excretion of Cladribine can be decreased when combined with Abemaciclib.,"The use of cladribine with other immunosuppressive or myelosuppressive agents may increase the risk of infections. Cladribine alone may cause severe and prolonged myelosuppression, lymphopenia, and opportunistic infections. The risk may theoretically increase when coadministered with other immunosuppressive therapy. Agents that may be significantly myelo- or immunosuppressive include antineoplastic agents, radiation, zidovudine, linezolid, some antirheumatic agents, high dosages of corticosteroids or adrenocorticotropic agents, and long-term topical or inhaled corticosteroids.",PK,A,Broad substrate specificity ATP-binding cassette transporter ABCG2,transporter,substrate,inhibitor,Abemaciclib --[inhibitor]--> Broad substrate specificity ATP-binding cassette transporter ABCG2 --[substrate: transports]--> Cladribine,True
P0494,T19,PK_supp,DB09148,Florbetaben F-18,DB11691,Naldemedine,Florbetaben (18F) may decrease the excretion rate of which could result in a higher serum level,Florbetaben (18F) may decrease the excretion rate of Naldemedine which could result in a higher serum level.,,PK,B,,,,,,False
P0495,T08,PK_overlap,DB09039,Eliglustat,DB12095,Telotristat ethyl,The serum concentration of can be increased when it is combined with,The serum concentration of Telotristat ethyl can be increased when it is combined with Eliglustat.,Coadministration with telotristat ethyl may decrease the plasma concentrations of drugs that are substrates of CYP450 3A4 and/or 2B6 isoenzymes. The proposed mechanism is accelerated clearance due to induction of CYP450 3A4 and/or 2B6 (in vitro) isoenzymes by telotristat ethyl.,PK,A,Cytochrome P450 2D6,enzyme,substrate,inhibitor,Telotristat ethyl --[inhibitor]--> Cytochrome P450 2D6 --[substrate: metabolizes]--> Eliglustat,True
P0496,T11,PK_overlap,DB00762,Irinotecan,DB06595,Midostaurin,The serum concentration of the active metabolites of can be decreased when is used in combination with,The serum concentration of the active metabolites of Irinotecan can be decreased when Irinotecan is used in combination with Midostaurin.,"Coadministration with midostaurin may increase the plasma concentrations and the risk of adverse effects of drugs that are substrates of P-glycoprotein (P-gp), breast cancer resistance protein (BCRP), and/or organic anion transporting polypeptide (OATP) 1B1 transporters. The proposed mechanism, based on in vitro data, is decreased clearance due to midostaurin-mediated inhibition of P-gp, BCRP, and/or OATP1B1 transport proteins.",PK,A,Cytochrome P450 3A5,enzyme,substrate,inducer,Midostaurin --[inducer]--> Cytochrome P450 3A5 --[substrate: metabolizes]--> Irinotecan,True
P0497,T28,PD_overlap,DB00302,Tranexamic acid,DB01395,Drospirenone,may increase the thrombogenic activities of,Drospirenone may increase the thrombogenic activities of Tranexamic acid.,"There are no clinical data on the use of tranexamic acid in combination with hormonal contraceptives. Because tranexamic acid is an antifibrinolytic agent, concomitant use may further exacerbate the risk of thrombotic events, including venous thromboembolism as well as arterial thromboses such as stroke and myocardial infarction, associated with hormonal contraceptives. The risk is of particular concern in women who are obese or cigarette smokers, especially smokers over the age of 35. Women using hormonal contraception were generally excluded from clinical trials supporting the safety and efficacy of tranexamic acid for the treatment of menorrhagia (heavy menstrual bleeding). However, there have been postmarketing reports of venous and arterial thrombotic events in women who have used tranexamic acid during treatment with combination hormonal contraceptives.",PD,B,,,,,,False
P0498,T35,PD_overlap,DB00697,Tizanidine,DB00983,Formoterol,may increase the sympathomimetic activities of,Tizanidine may increase the sympathomimetic activities of Formoterol.,"Beta-2 adrenergic agonists can cause dose-related prolongation of the QT interval and potassium loss. Theoretically, coadministration with other agents that can prolong the QT interval may result in additive effects and increased risk of ventricular arrhythmias including torsade de pointes and sudden death. Clinically significant prolongation of QT interval and hypokalemia occur infrequently when beta-2 agonists are inhaled at normally recommended dosages. However, these effects may be more common when the drugs are administered systemically or when recommended dosages are exceeded.",PD,B,,,,,,False
P0499,T44,PD_overlap,DB00933,Mesoridazine,DB01576,Dextroamphetamine,may decrease the stimulatory activities of,Mesoridazine may decrease the stimulatory activities of Dextroamphetamine.,"Phenothiazines may antagonize the pharmacologic effects of amphetamine, amphetamine derivatives, and other centrally-acting sympathomimetic agents (i.e., CNS stimulants). Conversely, these agents may diminish the neuroleptic efficacy of phenothiazines. The exact mechanism of interaction is unknown but may involve opposing effects on dopaminergic activity.",PD,B,,,,,,False
P0500,T11,PK_overlap,DB00762,Irinotecan,DB09118,Stiripentol,The serum concentration of the active metabolites of can be decreased when is used in combination with,The serum concentration of the active metabolites of Irinotecan can be decreased when Irinotecan is used in combination with Stiripentol.,"Coadministration with inhibitors of CYP450 3A4 and/or UGT1A1 may increase the plasma concentrations of irinotecan and its active metabolite, SN-38. CYP450 3A4 and UGT1A1 are the isoenzymes responsible for the metabolic conversion of irinotecan to its inactive metabolite, APC. Inhibition of APC formation results in more irinotecan metabolism to SN-38, an active and toxic metabolite. High plasma levels of irinotecan and SN-38 may increase the risk of potentially fatal toxicities such as severe diarrhea, neutropenia, sepsis, and thromboembolism.",PK,A,Cytochrome P450 3A4,enzyme,substrate,inhibitor,Stiripentol --[inhibitor]--> Cytochrome P450 3A4 --[substrate: metabolizes]--> Irinotecan,True
